Workbook

Sheet Delivery_Log
A1: S&K OIL SALES — DELIVERY LOG ↓ Append new deliveries below. Column B = Customer # (numeric ID). Column D = lbs delivered.
A2: Columns C, E–K auto-calculate. Do NOT re-sort rows.
A3: Date | B3: Customer # | C3: Customer Name ←auto | D3: Qty Delivered (lbs) | E3: Zone ←auto | F3: Zone Code ←auto | G3: Product ←auto | H3: Tank (lbs) ←auto | I3: Days Since Last ←auto | J3: Lbs/Day ←auto | K3: Running Avg Lbs/Day ←auto
A4: 45955 | B4: 1073 | C4: =IF(B4="","",IFERROR(INDEX(Client_List!$B:$B,MATCH(B4,Client_List!$A:$A,0)),"⚠ NOT FOUND")) | D4: 1903 | E4: =IF(B4="","",IFERROR(INDEX(Client_List!$C:$C,MATCH(VALUE(B4),Client_List!$A:$A,0)),"")) | F4: =IF(B4="","",IFERROR(INDEX(Client_List!$D:$D,MATCH(VALUE(B4),Client_List!$A:$A,0)),"")) | G4: =IF(B4="","",IFERROR(INDEX(Client_List!$K:$K,MATCH(VALUE(B4),Client_List!$A:$A,0)),"")) | H4: =IF(B4="","",IFERROR(INDEX(Client_List!$J:$J,MATCH(VALUE(B4),Client_List!$A:$A,0)),"")) | I4: =IF(B4="","",IFERROR(A4-LOOKUP(2,1/($B3:$B$4=B4),$A3:$A$4),"")) | J4: =IF(B4="","",IFERROR(D4/I4,"")) | K4: =IF(B4="","",IFERROR(AVERAGEIFS($J$4:$J4,$B$4:$B4,B4,$J$4:$J4,">"&0),""))
A5: 45965 | B5: 19107 | C5: =IF(B5="","",IFERROR(INDEX(Client_List!$B:$B,MATCH(B5,Client_List!$A:$A,0)),"⚠ NOT FOUND")) | D5: 228 | E5: =IF(B5="","",IFERROR(INDEX(Client_List!$C:$C,MATCH(VALUE(B5),Client_List!$A:$A,0)),"")) | F5: =IF(B5="","",IFERROR(INDEX(Client_List!$D:$D,MATCH(VALUE(B5),Client_List!$A:$A,0)),"")) | G5: =IF(B5="","",IFERROR(INDEX(Client_List!$K:$K,MATCH(VALUE(B5),Client_List!$A:$A,0)),"")) | H5: =IF(B5="","",IFERROR(INDEX(Client_List!$J:$J,MATCH(VALUE(B5),Client_List!$A:$A,0)),"")) | I5: =IF(B5="","",IFERROR(A5-LOOKUP(2,1/($B4:$B$4=B5),$A4:$A$4),"")) | J5: =IF(B5="","",IFERROR(D5/I5,"")) | K5: =IF(B5="","",IFERROR(AVERAGEIFS($J$4:$J5,$B$4:$B5,B5,$J$4:$J5,">"&0),""))
A6: 46024 | B6: 1083 | C6: =IF(B6="","",IFERROR(INDEX(Client_List!$B:$B,MATCH(B6,Client_List!$A:$A,0)),"⚠ NOT FOUND")) | D6: 354 | E6: =IF(B6="","",IFERROR(INDEX(Client_List!$C:$C,MATCH(VALUE(B6),Client_List!$A:$A,0)),"")) | F6: =IF(B6="","",IFERROR(INDEX(Client_List!$D:$D,MATCH(VALUE(B6),Client_List!$A:$A,0)),"")) | G6: =IF(B6="","",IFERROR(INDEX(Client_List!$K:$K,MATCH(VALUE(B6),Client_List!$A:$A,0)),"")) | H6: =IF(B6="","",IFERROR(INDEX(Client_List!$J:$J,MATCH(VALUE(B6),Client_List!$A:$A,0)),"")) | I6: =IF(B6="","",IFERROR(A6-LOOKUP(2,1/($B$4:$B5=B6),$A$4:$A5),"")) | J6: =IF(B6="","",IFERROR(D6/I6,"")) | K6: =IF(B6="","",IFERROR(AVERAGEIFS($J$4:$J6,$B$4:$B6,B6,$J$4:$J6,">"&0),""))
A7: 46024 | B7: 3063 | C7: =IF(B7="","",IFERROR(INDEX(Client_List!$B:$B,MATCH(B7,Client_List!$A:$A,0)),"⚠ NOT FOUND")) | D7: 1596 | E7: =IF(B7="","",IFERROR(INDEX(Client_List!$C:$C,MATCH(VALUE(B7),Client_List!$A:$A,0)),"")) | F7: =IF(B7="","",IFERROR(INDEX(Client_List!$D:$D,MATCH(VALUE(B7),Client_List!$A:$A,0)),"")) | G7: =IF(B7="","",IFERROR(INDEX(Client_List!$K:$K,MATCH(VALUE(B7),Client_List!$A:$A,0)),"")) | H7: =IF(B7="","",IFERROR(INDEX(Client_List!$J:$J,MATCH(VALUE(B7),Client_List!$A:$A,0)),"")) | I7: =IF(B7="","",IFERROR(A7-LOOKUP(2,1/($B$4:$B6=B7),$A$4:$A6),"")) | J7: =IF(B7="","",IFERROR(D7/I7,"")) | K7: =IF(B7="","",IFERROR(AVERAGEIFS($J$4:$J7,$B$4:$B7,B7,$J$4:$J7,">"&0),""))
A8: 46024 | B8: 4037 | C8: =IF(B8="","",IFERROR(INDEX(Client_List!$B:$B,MATCH(B8,Client_List!$A:$A,0)),"⚠ NOT FOUND")) | D8: 361 | E8: =IF(B8="","",IFERROR(INDEX(Client_List!$C:$C,MATCH(VALUE(B8),Client_List!$A:$A,0)),"")) | F8: =IF(B8="","",IFERROR(INDEX(Client_List!$D:$D,MATCH(VALUE(B8),Client_List!$A:$A,0)),"")) | G8: =IF(B8="","",IFERROR(INDEX(Client_List!$K:$K,MATCH(VALUE(B8),Client_List!$A:$A,0)),"")) | H8: =IF(B8="","",IFERROR(INDEX(Client_List!$J:$J,MATCH(VALUE(B8),Client_List!$A:$A,0)),"")) | I8: =IF(B8="","",IFERROR(A8-LOOKUP(2,1/($B$4:$B7=B8),$A$4:$A7),"")) | J8: =IF(B8="","",IFERROR(D8/I8,"")) | K8: =IF(B8="","",IFERROR(AVERAGEIFS($J$4:$J8,$B$4:$B8,B8,$J$4:$J8,">"&0),""))
A9: 46024 | B9: 8031 | C9: =IF(B9="","",IFERROR(INDEX(Client_List!$B:$B,MATCH(B9,Client_List!$A:$A,0)),"⚠ NOT FOUND")) | D9: 705 | E9: =IF(B9="","",IFERROR(INDEX(Client_List!$C:$C,MATCH(VALUE(B9),Client_List!$A:$A,0)),"")) | F9: =IF(B9="","",IFERROR(INDEX(Client_List!$D:$D,MATCH(VALUE(B9),Client_List!$A:$A,0)),"")) | G9: =IF(B9="","",IFERROR(INDEX(Client_List!$K:$K,MATCH(VALUE(B9),Client_List!$A:$A,0)),"")) | H9: =IF(B9="","",IFERROR(INDEX(Client_List!$J:$J,MATCH(VALUE(B9),Client_List!$A:$A,0)),"")) | I9: =IF(B9="","",IFERROR(A9-LOOKUP(2,1/($B$4:$B8=B9),$A$4:$A8),"")) | J9: =IF(B9="","",IFERROR(D9/I9,"")) | K9: =IF(B9="","",IFERROR(AVERAGEIFS($J$4:$J9,$B$4:$B9,B9,$J$4:$J9,">"&0),""))
A10: 46024 | B10: 10001 | C10: =IF(B10="","",IFERROR(INDEX(Client_List!$B:$B,MATCH(B10,Client_List!$A:$A,0)),"⚠ NOT FOUND")) | D10: 882 | E10: =IF(B10="","",IFERROR(INDEX(Client_List!$C:$C,MATCH(VALUE(B10),Client_List!$A:$A,0)),"")) | F10: =IF(B10="","",IFERROR(INDEX(Client_List!$D:$D,MATCH(VALUE(B10),Client_List!$A:$A,0)),"")) | G10: =IF(B10="","",IFERROR(INDEX(Client_List!$K:$K,MATCH(VALUE(B10),Client_List!$A:$A,0)),"")) | H10: =IF(B10="","",IFERROR(INDEX(Client_List!$J:$J,MATCH(VALUE(B10),Client_List!$A:$A,0)),"")) | I10: =IF(B10="","",IFERROR(A10-LOOKUP(2,1/($B$4:$B9=B10),$A$4:$A9),"")) | J10: =IF(B10="","",IFERROR(D10/I10,"")) | K10: =IF(B10="","",IFERROR(AVERAGEIFS($J$4:$J10,$B$4:$B10,B10,$J$4:$J10,">"&0),""))
A11: 46024 | B11: 14008 | C11: =IF(B11="","",IFERROR(INDEX(Client_List!$B:$B,MATCH(B11,Client_List!$A:$A,0)),"⚠ NOT FOUND")) | D11: 1151 | E11: =IF(B11="","",IFERROR(INDEX(Client_List!$C:$C,MATCH(VALUE(B11),Client_List!$A:$A,0)),"")) | F11: =IF(B11="","",IFERROR(INDEX(Client_List!$D:$D,MATCH(VALUE(B11),Client_List!$A:$A,0)),"")) | G11: =IF(B11="","",IFERROR(INDEX(Client_List!$K:$K,MATCH(VALUE(B11),Client_List!$A:$A,0)),"")) | H11: =IF(B11="","",IFERROR(INDEX(Client_List!$J:$J,MATCH(VALUE(B11),Client_List!$A:$A,0)),"")) | I11: =IF(B11="","",IFERROR(A11-LOOKUP(2,1/($B$4:$B10=B11),$A$4:$A10),"")) | J11: =IF(B11="","",IFERROR(D11/I11,"")) | K11: =IF(B11="","",IFERROR(AVERAGEIFS($J$4:$J11,$B$4:$B11,B11,$J$4:$J11,">"&0),""))
A12: 46024 | B12: 15035 | C12: =IF(B12="","",IFERROR(INDEX(Client_List!$B:$B,MATCH(B12,Client_List!$A:$A,0)),"⚠ NOT FOUND")) | D12: 1401 | E12: =IF(B12="","",IFERROR(INDEX(Client_List!$C:$C,MATCH(VALUE(B12),Client_List!$A:$A,0)),"")) | F12: =IF(B12="","",IFERROR(INDEX(Client_List!$D:$D,MATCH(VALUE(B12),Client_List!$A:$A,0)),"")) | G12: =IF(B12="","",IFERROR(INDEX(Client_List!$K:$K,MATCH(VALUE(B12),Client_List!$A:$A,0)),"")) | H12: =IF(B12="","",IFERROR(INDEX(Client_List!$J:$J,MATCH(VALUE(B12),Client_List!$A:$A,0)),"")) | I12: =IF(B12="","",IFERROR(A12-LOOKUP(2,1/($B$4:$B11=B12),$A$4:$A11),"")) | J12: =IF(B12="","",IFERROR(D12/I12,"")) | K12: =IF(B12="","",IFERROR(AVERAGEIFS($J$4:$J12,$B$4:$B12,B12,$J$4:$J12,">"&0),""))
A13: 46024 | B13: 16010 | C13: =IF(B13="","",IFERROR(INDEX(Client_List!$B:$B,MATCH(B13,Client_List!$A:$A,0)),"⚠ NOT FOUND")) | D13: 1737 | E13: =IF(B13="","",IFERROR(INDEX(Client_List!$C:$C,MATCH(VALUE(B13),Client_List!$A:$A,0)),"")) | F13: =IF(B13="","",IFERROR(INDEX(Client_List!$D:$D,MATCH(VALUE(B13),Client_List!$A:$A,0)),"")) | G13: =IF(B13="","",IFERROR(INDEX(Client_List!$K:$K,MATCH(VALUE(B13),Client_List!$A:$A,0)),"")) | H13: =IF(B13="","",IFERROR(INDEX(Client_List!$J:$J,MATCH(VALUE(B13),Client_List!$A:$A,0)),"")) | I13: =IF(B13="","",IFERROR(A13-LOOKUP(2,1/($B$4:$B12=B13),$A$4:$A12),"")) | J13: =IF(B13="","",IFERROR(D13/I13,"")) | K13: =IF(B13="","",IFERROR(AVERAGEIFS($J$4:$J13,$B$4:$B13,B13,$J$4:$J13,">"&0),""))
A14: 46025 | B14: 1057 | C14: =IF(B14="","",IFERROR(INDEX(Client_List!$B:$B,MATCH(B14,Client_List!$A:$A,0)),"⚠ NOT FOUND")) | D14: 591 | E14: =IF(B14="","",IFERROR(INDEX(Client_List!$C:$C,MATCH(VALUE(B14),Client_List!$A:$A,0)),"")) | F14: =IF(B14="","",IFERROR(INDEX(Client_List!$D:$D,MATCH(VALUE(B14),Client_List!$A:$A,0)),"")) | G14: =IF(B14="","",IFERROR(INDEX(Client_List!$K:$K,MATCH(VALUE(B14),Client_List!$A:$A,0)),"")) | H14: =IF(B14="","",IFERROR(INDEX(Client_List!$J:$J,MATCH(VALUE(B14),Client_List!$A:$A,0)),"")) | I14: =IF(B14="","",IFERROR(A14-LOOKUP(2,1/($B$4:$B13=B14),$A$4:$A13),"")) | J14: =IF(B14="","",IFERROR(D14/I14,"")) | K14: =IF(B14="","",IFERROR(AVERAGEIFS($J$4:$J14,$B$4:$B14,B14,$J$4:$J14,">"&0),""))
A15: 46025 | B15: 2016 | C15: =IF(B15="","",IFERROR(INDEX(Client_List!$B:$B,MATCH(B15,Client_List!$A:$A,0)),"⚠ NOT FOUND")) | D15: 265 | E15: =IF(B15="","",IFERROR(INDEX(Client_List!$C:$C,MATCH(VALUE(B15),Client_List!$A:$A,0)),"")) | F15: =IF(B15="","",IFERROR(INDEX(Client_List!$D:$D,MATCH(VALUE(B15),Client_List!$A:$A,0)),"")) | G15: =IF(B15="","",IFERROR(INDEX(Client_List!$K:$K,MATCH(VALUE(B15),Client_List!$A:$A,0)),"")) | H15: =IF(B15="","",IFERROR(INDEX(Client_List!$J:$J,MATCH(VALUE(B15),Client_List!$A:$A,0)),"")) | I15: =IF(B15="","",IFERROR(A15-LOOKUP(2,1/($B$4:$B14=B15),$A$4:$A14),"")) | J15: =IF(B15="","",IFERROR(D15/I15,"")) | K15: =IF(B15="","",IFERROR(AVERAGEIFS($J$4:$J15,$B$4:$B15,B15,$J$4:$J15,">"&0),""))
A16: 46025 | B16: 3056 | C16: =IF(B16="","",IFERROR(INDEX(Client_List!$B:$B,MATCH(B16,Client_List!$A:$A,0)),"⚠ NOT FOUND")) | D16: 223 | E16: =IF(B16="","",IFERROR(INDEX(Client_List!$C:$C,MATCH(VALUE(B16),Client_List!$A:$A,0)),"")) | F16: =IF(B16="","",IFERROR(INDEX(Client_List!$D:$D,MATCH(VALUE(B16),Client_List!$A:$A,0)),"")) | G16: =IF(B16="","",IFERROR(INDEX(Client_List!$K:$K,MATCH(VALUE(B16),Client_List!$A:$A,0)),"")) | H16: =IF(B16="","",IFERROR(INDEX(Client_List!$J:$J,MATCH(VALUE(B16),Client_List!$A:$A,0)),"")) | I16: =IF(B16="","",IFERROR(A16-LOOKUP(2,1/($B$4:$B15=B16),$A$4:$A15),"")) | J16: =IF(B16="","",IFERROR(D16/I16,"")) | K16: =IF(B16="","",IFERROR(AVERAGEIFS($J$4:$J16,$B$4:$B16,B16,$J$4:$J16,">"&0),""))
A17: 46025 | B17: 4010 | C17: =IF(B17="","",IFERROR(INDEX(Client_List!$B:$B,MATCH(B17,Client_List!$A:$A,0)),"⚠ NOT FOUND")) | D17: 514 | E17: =IF(B17="","",IFERROR(INDEX(Client_List!$C:$C,MATCH(VALUE(B17),Client_List!$A:$A,0)),"")) | F17: =IF(B17="","",IFERROR(INDEX(Client_List!$D:$D,MATCH(VALUE(B17),Client_List!$A:$A,0)),"")) | G17: =IF(B17="","",IFERROR(INDEX(Client_List!$K:$K,MATCH(VALUE(B17),Client_List!$A:$A,0)),"")) | H17: =IF(B17="","",IFERROR(INDEX(Client_List!$J:$J,MATCH(VALUE(B17),Client_List!$A:$A,0)),"")) | I17: =IF(B17="","",IFERROR(A17-LOOKUP(2,1/($B$4:$B16=B17),$A$4:$A16),"")) | J17: =IF(B17="","",IFERROR(D17/I17,"")) | K17: =IF(B17="","",IFERROR(AVERAGEIFS($J$4:$J17,$B$4:$B17,B17,$J$4:$J17,">"&0),""))
... A81: 46031 | B81: 2067 | C81: =IF(B81="","",IFERROR(INDEX(Client_List!$B:$B,MATCH(B81,Client_List!$A:$A,0)),"⚠ NOT FOUND")) | D81: 789 | E81: =IF(B81="","",IFERROR(INDEX(Client_List!$C:$C,MATCH(VALUE(B81),Client_List!$A:$A,0)),"")) | F81: =IF(B81="","",IFERROR(INDEX(Client_List!$D:$D,MATCH(VALUE(B81),Client_List!$A:$A,0)),"")) | G81: =IF(B81="","",IFERROR(INDEX(Client_List!$K:$K,MATCH(VALUE(B81),Client_List!$A:$A,0)),"")) | H81: =IF(B81="","",IFERROR(INDEX(Client_List!$J:$J,MATCH(VALUE(B81),Client_List!$A:$A,0)),"")) | I81: =IF(B81="","",IFERROR(A81-LOOKUP(2,1/($B$4:$B80=B81),$A$4:$A80),"")) | J81: =IF(B81="","",IFERROR(D81/I81,"")) | K81: =IF(B81="","",IFERROR(AVERAGEIFS($J$4:$J81,$B$4:$B81,B81,$J$4:$J81,">"&0),""))
A82: 46031 | B82: 4015A | C82: =IF(B82="","",IFERROR(INDEX(Client_List!$B:$B,MATCH(B82,Client_List!$A:$A,0)),"⚠ NOT FOUND")) | D82: 480 | E82: =IF(B82="","",IFERROR(INDEX(Client_List!$C:$C,MATCH(VALUE(B82),Client_List!$A:$A,0)),"")) | F82: =IF(B82="","",IFERROR(INDEX(Client_List!$D:$D,MATCH(VALUE(B82),Client_List!$A:$A,0)),"")) | G82: =IF(B82="","",IFERROR(INDEX(Client_List!$K:$K,MATCH(VALUE(B82),Client_List!$A:$A,0)),"")) | H82: =IF(B82="","",IFERROR(INDEX(Client_List!$J:$J,MATCH(VALUE(B82),Client_List!$A:$A,0)),"")) | I82: =IF(B82="","",IFERROR(A82-LOOKUP(2,1/($B$4:$B81=B82),$A$4:$A81),"")) | J82: =IF(B82="","",IFERROR(D82/I82,"")) | K82: =IF(B82="","",IFERROR(AVERAGEIFS($J$4:$J82,$B$4:$B82,B82,$J$4:$J82,">"&0),""))
A83: 46031 | B83: 7001 | C83: =IF(B83="","",IFERROR(INDEX(Client_List!$B:$B,MATCH(B83,Client_List!$A:$A,0)),"⚠ NOT FOUND")) | D83: 1347 | E83: =IF(B83="","",IFERROR(INDEX(Client_List!$C:$C,MATCH(VALUE(B83),Client_List!$A:$A,0)),"")) | F83: =IF(B83="","",IFERROR(INDEX(Client_List!$D:$D,MATCH(VALUE(B83),Client_List!$A:$A,0)),"")) | G83: =IF(B83="","",IFERROR(INDEX(Client_List!$K:$K,MATCH(VALUE(B83),Client_List!$A:$A,0)),"")) | H83: =IF(B83="","",IFERROR(INDEX(Client_List!$J:$J,MATCH(VALUE(B83),Client_List!$A:$A,0)),"")) | I83: =IF(B83="","",IFERROR(A83-LOOKUP(2,1/($B$4:$B82=B83),$A$4:$A82),"")) | J83: =IF(B83="","",IFERROR(D83/I83,"")) | K83: =IF(B83="","",IFERROR(AVERAGEIFS($J$4:$J83,$B$4:$B83,B83,$J$4:$J83,">"&0),""))
A84: 46031 | B84: 13009 | C84: =IF(B84="","",IFERROR(INDEX(Client_List!$B:$B,MATCH(B84,Client_List!$A:$A,0)),"⚠ NOT FOUND")) | D84: 832 | E84: =IF(B84="","",IFERROR(INDEX(Client_List!$C:$C,MATCH(VALUE(B84),Client_List!$A:$A,0)),"")) | F84: =IF(B84="","",IFERROR(INDEX(Client_List!$D:$D,MATCH(VALUE(B84),Client_List!$A:$A,0)),"")) | G84: =IF(B84="","",IFERROR(INDEX(Client_List!$K:$K,MATCH(VALUE(B84),Client_List!$A:$A,0)),"")) | H84: =IF(B84="","",IFERROR(INDEX(Client_List!$J:$J,MATCH(VALUE(B84),Client_List!$A:$A,0)),"")) | I84: =IF(B84="","",IFERROR(A84-LOOKUP(2,1/($B$4:$B83=B84),$A$4:$A83),"")) | J84: =IF(B84="","",IFERROR(D84/I84,"")) | K84: =IF(B84="","",IFERROR(AVERAGEIFS($J$4:$J84,$B$4:$B84,B84,$J$4:$J84,">"&0),""))
A85: 46031 | B85: 15016 | C85: =IF(B85="","",IFERROR(INDEX(Client_List!$B:$B,MATCH(B85,Client_List!$A:$A,0)),"⚠ NOT FOUND")) | D85: 340 | E85: =IF(B85="","",IFERROR(INDEX(Client_List!$C:$C,MATCH(VALUE(B85),Client_List!$A:$A,0)),"")) | F85: =IF(B85="","",IFERROR(INDEX(Client_List!$D:$D,MATCH(VALUE(B85),Client_List!$A:$A,0)),"")) | G85: =IF(B85="","",IFERROR(INDEX(Client_List!$K:$K,MATCH(VALUE(B85),Client_List!$A:$A,0)),"")) | H85: =IF(B85="","",IFERROR(INDEX(Client_List!$J:$J,MATCH(VALUE(B85),Client_List!$A:$A,0)),"")) | I85: =IF(B85="","",IFERROR(A85-LOOKUP(2,1/($B$4:$B84=B85),$A$4:$A84),"")) | J85: =IF(B85="","",IFERROR(D85/I85,"")) | K85: =IF(B85="","",IFERROR(AVERAGEIFS($J$4:$J85,$B$4:$B85,B85,$J$4:$J85,">"&0),""))
A86: 46031 | B86: 16015 | C86: =IF(B86="","",IFERROR(INDEX(Client_List!$B:$B,MATCH(B86,Client_List!$A:$A,0)),"⚠ NOT FOUND")) | D86: 1514 | E86: =IF(B86="","",IFERROR(INDEX(Client_List!$C:$C,MATCH(VALUE(B86),Client_List!$A:$A,0)),"")) | F86: =IF(B86="","",IFERROR(INDEX(Client_List!$D:$D,MATCH(VALUE(B86),Client_List!$A:$A,0)),"")) | G86: =IF(B86="","",IFERROR(INDEX(Client_List!$K:$K,MATCH(VALUE(B86),Client_List!$A:$A,0)),"")) | H86: =IF(B86="","",IFERROR(INDEX(Client_List!$J:$J,MATCH(VALUE(B86),Client_List!$A:$A,0)),"")) | I86: =IF(B86="","",IFERROR(A86-LOOKUP(2,1/($B$4:$B85=B86),$A$4:$A85),"")) | J86: =IF(B86="","",IFERROR(D86/I86,"")) | K86: =IF(B86="","",IFERROR(AVERAGEIFS($J$4:$J86,$B$4:$B86,B86,$J$4:$J86,">"&0),""))
A87: 46031 | B87: 22006 | C87: =IF(B87="","",IFERROR(INDEX(Client_List!$B:$B,MATCH(B87,Client_List!$A:$A,0)),"⚠ NOT FOUND")) | D87: 676 | E87: =IF(B87="","",IFERROR(INDEX(Client_List!$C:$C,MATCH(VALUE(B87),Client_List!$A:$A,0)),"")) | F87: =IF(B87="","",IFERROR(INDEX(Client_List!$D:$D,MATCH(VALUE(B87),Client_List!$A:$A,0)),"")) | G87: =IF(B87="","",IFERROR(INDEX(Client_List!$K:$K,MATCH(VALUE(B87),Client_List!$A:$A,0)),"")) | H87: =IF(B87="","",IFERROR(INDEX(Client_List!$J:$J,MATCH(VALUE(B87),Client_List!$A:$A,0)),"")) | I87: =IF(B87="","",IFERROR(A87-LOOKUP(2,1/($B$4:$B86=B87),$A$4:$A86),"")) | J87: =IF(B87="","",IFERROR(D87/I87,"")) | K87: =IF(B87="","",IFERROR(AVERAGEIFS($J$4:$J87,$B$4:$B87,B87,$J$4:$J87,">"&0),""))
A88: 46032 | B88: 11005 | C88: =IF(B88="","",IFERROR(INDEX(Client_List!$B:$B,MATCH(B88,Client_List!$A:$A,0)),"⚠ NOT FOUND")) | D88: 639 | E88: =IF(B88="","",IFERROR(INDEX(Client_List!$C:$C,MATCH(VALUE(B88),Client_List!$A:$A,0)),"")) | F88: =IF(B88="","",IFERROR(INDEX(Client_List!$D:$D,MATCH(VALUE(B88),Client_List!$A:$A,0)),"")) | G88: =IF(B88="","",IFERROR(INDEX(Client_List!$K:$K,MATCH(VALUE(B88),Client_List!$A:$A,0)),"")) | H88: =IF(B88="","",IFERROR(INDEX(Client_List!$J:$J,MATCH(VALUE(B88),Client_List!$A:$A,0)),"")) | I88: =IF(B88="","",IFERROR(A88-LOOKUP(2,1/($B$4:$B87=B88),$A$4:$A87),"")) | J88: =IF(B88="","",IFERROR(D88/I88,"")) | K88: =IF(B88="","",IFERROR(AVERAGEIFS($J$4:$J88,$B$4:$B88,B88,$J$4:$J88,">"&0),""))
A89: 46032 | B89: 12021 | C89: =IF(B89="","",IFERROR(INDEX(Client_List!$B:$B,MATCH(B89,Client_List!$A:$A,0)),"⚠ NOT FOUND")) | D89: 348 | E89: =IF(B89="","",IFERROR(INDEX(Client_List!$C:$C,MATCH(VALUE(B89),Client_List!$A:$A,0)),"")) | F89: =IF(B89="","",IFERROR(INDEX(Client_List!$D:$D,MATCH(VALUE(B89),Client_List!$A:$A,0)),"")) | G89: =IF(B89="","",IFERROR(INDEX(Client_List!$K:$K,MATCH(VALUE(B89),Client_List!$A:$A,0)),"")) | H89: =IF(B89="","",IFERROR(INDEX(Client_List!$J:$J,MATCH(VALUE(B89),Client_List!$A:$A,0)),"")) | I89: =IF(B89="","",IFERROR(A89-LOOKUP(2,1/($B$4:$B88=B89),$A$4:$A88),"")) | J89: =IF(B89="","",IFERROR(D89/I89,"")) | K89: =IF(B89="","",IFERROR(AVERAGEIFS($J$4:$J89,$B$4:$B89,B89,$J$4:$J89,">"&0),""))
A90: 46032 | B90: 15004 | C90: =IF(B90="","",IFERROR(INDEX(Client_List!$B:$B,MATCH(B90,Client_List!$A:$A,0)),"⚠ NOT FOUND")) | D90: 386 | E90: =IF(B90="","",IFERROR(INDEX(Client_List!$C:$C,MATCH(VALUE(B90),Client_List!$A:$A,0)),"")) | F90: =IF(B90="","",IFERROR(INDEX(Client_List!$D:$D,MATCH(VALUE(B90),Client_List!$A:$A,0)),"")) | G90: =IF(B90="","",IFERROR(INDEX(Client_List!$K:$K,MATCH(VALUE(B90),Client_List!$A:$A,0)),"")) | H90: =IF(B90="","",IFERROR(INDEX(Client_List!$J:$J,MATCH(VALUE(B90),Client_List!$A:$A,0)),"")) | I90: =IF(B90="","",IFERROR(A90-LOOKUP(2,1/($B$4:$B89=B90),$A$4:$A89),"")) | J90: =IF(B90="","",IFERROR(D90/I90,"")) | K90: =IF(B90="","",IFERROR(AVERAGEIFS($J$4:$J90,$B$4:$B90,B90,$J$4:$J90,">"&0),""))
A91: 46032 | B91: 15032 | C91: =IF(B91="","",IFERROR(INDEX(Client_List!$B:$B,MATCH(B91,Client_List!$A:$A,0)),"⚠ NOT FOUND")) | D91: 632 | E91: =IF(B91="","",IFERROR(INDEX(Client_List!$C:$C,MATCH(VALUE(B91),Client_List!$A:$A,0)),"")) | F91: =IF(B91="","",IFERROR(INDEX(Client_List!$D:$D,MATCH(VALUE(B91),Client_List!$A:$A,0)),"")) | G91: =IF(B91="","",IFERROR(INDEX(Client_List!$K:$K,MATCH(VALUE(B91),Client_List!$A:$A,0)),"")) | H91: =IF(B91="","",IFERROR(INDEX(Client_List!$J:$J,MATCH(VALUE(B91),Client_List!$A:$A,0)),"")) | I91: =IF(B91="","",IFERROR(A91-LOOKUP(2,1/($B$4:$B90=B91),$A$4:$A90),"")) | J91: =IF(B91="","",IFERROR(D91/I91,"")) | K91: =IF(B91="","",IFERROR(AVERAGEIFS($J$4:$J91,$B$4:$B91,B91,$J$4:$J91,">"&0),""))
A92: 46033 | B92: 1000 | C92: =IF(B92="","",IFERROR(INDEX(Client_List!$B:$B,MATCH(B92,Client_List!$A:$A,0)),"⚠ NOT FOUND")) | D92: 938 | E92: =IF(B92="","",IFERROR(INDEX(Client_List!$C:$C,MATCH(VALUE(B92),Client_List!$A:$A,0)),"")) | F92: =IF(B92="","",IFERROR(INDEX(Client_List!$D:$D,MATCH(VALUE(B92),Client_List!$A:$A,0)),"")) | G92: =IF(B92="","",IFERROR(INDEX(Client_List!$K:$K,MATCH(VALUE(B92),Client_List!$A:$A,0)),"")) | H92: =IF(B92="","",IFERROR(INDEX(Client_List!$J:$J,MATCH(VALUE(B92),Client_List!$A:$A,0)),"")) | I92: =IF(B92="","",IFERROR(A92-LOOKUP(2,1/($B$4:$B91=B92),$A$4:$A91),"")) | J92: =IF(B92="","",IFERROR(D92/I92,"")) | K92: =IF(B92="","",IFERROR(AVERAGEIFS($J$4:$J92,$B$4:$B92,B92,$J$4:$J92,">"&0),""))
A93: 46033 | B93: 1081 | C93: =IF(B93="","",IFERROR(INDEX(Client_List!$B:$B,MATCH(B93,Client_List!$A:$A,0)),"⚠ NOT FOUND")) | D93: 307 | E93: =IF(B93="","",IFERROR(INDEX(Client_List!$C:$C,MATCH(VALUE(B93),Client_List!$A:$A,0)),"")) | F93: =IF(B93="","",IFERROR(INDEX(Client_List!$D:$D,MATCH(VALUE(B93),Client_List!$A:$A,0)),"")) | G93: =IF(B93="","",IFERROR(INDEX(Client_List!$K:$K,MATCH(VALUE(B93),Client_List!$A:$A,0)),"")) | H93: =IF(B93="","",IFERROR(INDEX(Client_List!$J:$J,MATCH(VALUE(B93),Client_List!$A:$A,0)),"")) | I93: =IF(B93="","",IFERROR(A93-LOOKUP(2,1/($B$4:$B92=B93),$A$4:$A92),"")) | J93: =IF(B93="","",IFERROR(D93/I93,"")) | K93: =IF(B93="","",IFERROR(AVERAGEIFS($J$4:$J93,$B$4:$B93,B93,$J$4:$J93,">"&0),""))
A94: 46033 | B94: 4026 | C94: =IF(B94="","",IFERROR(INDEX(Client_List!$B:$B,MATCH(B94,Client_List!$A:$A,0)),"⚠ NOT FOUND")) | D94: 336 | E94: =IF(B94="","",IFERROR(INDEX(Client_List!$C:$C,MATCH(VALUE(B94),Client_List!$A:$A,0)),"")) | F94: =IF(B94="","",IFERROR(INDEX(Client_List!$D:$D,MATCH(VALUE(B94),Client_List!$A:$A,0)),"")) | G94: =IF(B94="","",IFERROR(INDEX(Client_List!$K:$K,MATCH(VALUE(B94),Client_List!$A:$A,0)),"")) | H94: =IF(B94="","",IFERROR(INDEX(Client_List!$J:$J,MATCH(VALUE(B94),Client_List!$A:$A,0)),"")) | I94: =IF(B94="","",IFERROR(A94-LOOKUP(2,1/($B$4:$B93=B94),$A$4:$A93),"")) | J94: =IF(B94="","",IFERROR(D94/I94,"")) | K94: =IF(B94="","",IFERROR(AVERAGEIFS($J$4:$J94,$B$4:$B94,B94,$J$4:$J94,">"&0),""))
... A238: 46045 | B238: 4009 | C238: =IF(B238="","",IFERROR(INDEX(Client_List!$B:$B,MATCH(B238,Client_List!$A:$A,0)),"⚠ NOT FOUND")) | D238: 677 | E238: =IF(B238="","",IFERROR(INDEX(Client_List!$C:$C,MATCH(VALUE(B238),Client_List!$A:$A,0)),"")) | F238: =IF(B238="","",IFERROR(INDEX(Client_List!$D:$D,MATCH(VALUE(B238),Client_List!$A:$A,0)),"")) | G238: =IF(B238="","",IFERROR(INDEX(Client_List!$K:$K,MATCH(VALUE(B238),Client_List!$A:$A,0)),"")) | H238: =IF(B238="","",IFERROR(INDEX(Client_List!$J:$J,MATCH(VALUE(B238),Client_List!$A:$A,0)),"")) | I238: =IF(B238="","",IFERROR(A238-LOOKUP(2,1/($B$4:$B237=B238),$A$4:$A237),"")) | J238: =IF(B238="","",IFERROR(D238/I238,"")) | K238: =IF(B238="","",IFERROR(AVERAGEIFS($J$4:$J238,$B$4:$B238,B238,$J$4:$J238,">"&0),""))
A239: 46045 | B239: 4015A | C239: =IF(B239="","",IFERROR(INDEX(Client_List!$B:$B,MATCH(B239,Client_List!$A:$A,0)),"⚠ NOT FOUND")) | D239: 490 | E239: =IF(B239="","",IFERROR(INDEX(Client_List!$C:$C,MATCH(VALUE(B239),Client_List!$A:$A,0)),"")) | F239: =IF(B239="","",IFERROR(INDEX(Client_List!$D:$D,MATCH(VALUE(B239),Client_List!$A:$A,0)),"")) | G239: =IF(B239="","",IFERROR(INDEX(Client_List!$K:$K,MATCH(VALUE(B239),Client_List!$A:$A,0)),"")) | H239: =IF(B239="","",IFERROR(INDEX(Client_List!$J:$J,MATCH(VALUE(B239),Client_List!$A:$A,0)),"")) | I239: =IF(B239="","",IFERROR(A239-LOOKUP(2,1/($B$4:$B238=B239),$A$4:$A238),"")) | J239: =IF(B239="","",IFERROR(D239/I239,"")) | K239: =IF(B239="","",IFERROR(AVERAGEIFS($J$4:$J239,$B$4:$B239,B239,$J$4:$J239,">"&0),""))
A240: 46045 | B240: 6101 | C240: =IF(B240="","",IFERROR(INDEX(Client_List!$B:$B,MATCH(B240,Client_List!$A:$A,0)),"⚠ NOT FOUND")) | D240: 641 | E240: =IF(B240="","",IFERROR(INDEX(Client_List!$C:$C,MATCH(VALUE(B240),Client_List!$A:$A,0)),"")) | F240: =IF(B240="","",IFERROR(INDEX(Client_List!$D:$D,MATCH(VALUE(B240),Client_List!$A:$A,0)),"")) | G240: =IF(B240="","",IFERROR(INDEX(Client_List!$K:$K,MATCH(VALUE(B240),Client_List!$A:$A,0)),"")) | H240: =IF(B240="","",IFERROR(INDEX(Client_List!$J:$J,MATCH(VALUE(B240),Client_List!$A:$A,0)),"")) | I240: =IF(B240="","",IFERROR(A240-LOOKUP(2,1/($B$4:$B239=B240),$A$4:$A239),"")) | J240: =IF(B240="","",IFERROR(D240/I240,"")) | K240: =IF(B240="","",IFERROR(AVERAGEIFS($J$4:$J240,$B$4:$B240,B240,$J$4:$J240,">"&0),""))
A241: 46045 | B241: 8034 | C241: =IF(B241="","",IFERROR(INDEX(Client_List!$B:$B,MATCH(B241,Client_List!$A:$A,0)),"⚠ NOT FOUND")) | D241: 609 | E241: =IF(B241="","",IFERROR(INDEX(Client_List!$C:$C,MATCH(VALUE(B241),Client_List!$A:$A,0)),"")) | F241: =IF(B241="","",IFERROR(INDEX(Client_List!$D:$D,MATCH(VALUE(B241),Client_List!$A:$A,0)),"")) | G241: =IF(B241="","",IFERROR(INDEX(Client_List!$K:$K,MATCH(VALUE(B241),Client_List!$A:$A,0)),"")) | H241: =IF(B241="","",IFERROR(INDEX(Client_List!$J:$J,MATCH(VALUE(B241),Client_List!$A:$A,0)),"")) | I241: =IF(B241="","",IFERROR(A241-LOOKUP(2,1/($B$4:$B240=B241),$A$4:$A240),"")) | J241: =IF(B241="","",IFERROR(D241/I241,"")) | K241: =IF(B241="","",IFERROR(AVERAGEIFS($J$4:$J241,$B$4:$B241,B241,$J$4:$J241,">"&0),""))
A242: 46045 | B242: 12025 | C242: =IF(B242="","",IFERROR(INDEX(Client_List!$B:$B,MATCH(B242,Client_List!$A:$A,0)),"⚠ NOT FOUND")) | D242: 381 | E242: =IF(B242="","",IFERROR(INDEX(Client_List!$C:$C,MATCH(VALUE(B242),Client_List!$A:$A,0)),"")) | F242: =IF(B242="","",IFERROR(INDEX(Client_List!$D:$D,MATCH(VALUE(B242),Client_List!$A:$A,0)),"")) | G242: =IF(B242="","",IFERROR(INDEX(Client_List!$K:$K,MATCH(VALUE(B242),Client_List!$A:$A,0)),"")) | H242: =IF(B242="","",IFERROR(INDEX(Client_List!$J:$J,MATCH(VALUE(B242),Client_List!$A:$A,0)),"")) | I242: =IF(B242="","",IFERROR(A242-LOOKUP(2,1/($B$4:$B241=B242),$A$4:$A241),"")) | J242: =IF(B242="","",IFERROR(D242/I242,"")) | K242: =IF(B242="","",IFERROR(AVERAGEIFS($J$4:$J242,$B$4:$B242,B242,$J$4:$J242,">"&0),""))
A243: 46045 | B243: 13015 | C243: =IF(B243="","",IFERROR(INDEX(Client_List!$B:$B,MATCH(B243,Client_List!$A:$A,0)),"⚠ NOT FOUND")) | D243: 946 | E243: =IF(B243="","",IFERROR(INDEX(Client_List!$C:$C,MATCH(VALUE(B243),Client_List!$A:$A,0)),"")) | F243: =IF(B243="","",IFERROR(INDEX(Client_List!$D:$D,MATCH(VALUE(B243),Client_List!$A:$A,0)),"")) | G243: =IF(B243="","",IFERROR(INDEX(Client_List!$K:$K,MATCH(VALUE(B243),Client_List!$A:$A,0)),"")) | H243: =IF(B243="","",IFERROR(INDEX(Client_List!$J:$J,MATCH(VALUE(B243),Client_List!$A:$A,0)),"")) | I243: =IF(B243="","",IFERROR(A243-LOOKUP(2,1/($B$4:$B242=B243),$A$4:$A242),"")) | J243: =IF(B243="","",IFERROR(D243/I243,"")) | K243: =IF(B243="","",IFERROR(AVERAGEIFS($J$4:$J243,$B$4:$B243,B243,$J$4:$J243,">"&0),""))
A244: 46045 | B244: 13061 | C244: =IF(B244="","",IFERROR(INDEX(Client_List!$B:$B,MATCH(B244,Client_List!$A:$A,0)),"⚠ NOT FOUND")) | D244: 340 | E244: =IF(B244="","",IFERROR(INDEX(Client_List!$C:$C,MATCH(VALUE(B244),Client_List!$A:$A,0)),"")) | F244: =IF(B244="","",IFERROR(INDEX(Client_List!$D:$D,MATCH(VALUE(B244),Client_List!$A:$A,0)),"")) | G244: =IF(B244="","",IFERROR(INDEX(Client_List!$K:$K,MATCH(VALUE(B244),Client_List!$A:$A,0)),"")) | H244: =IF(B244="","",IFERROR(INDEX(Client_List!$J:$J,MATCH(VALUE(B244),Client_List!$A:$A,0)),"")) | I244: =IF(B244="","",IFERROR(A244-LOOKUP(2,1/($B$4:$B243=B244),$A$4:$A243),"")) | J244: =IF(B244="","",IFERROR(D244/I244,"")) | K244: =IF(B244="","",IFERROR(AVERAGEIFS($J$4:$J244,$B$4:$B244,B244,$J$4:$J244,">"&0),""))
A245: 46045 | B245: 13069 | C245: =IF(B245="","",IFERROR(INDEX(Client_List!$B:$B,MATCH(B245,Client_List!$A:$A,0)),"⚠ NOT FOUND")) | D245: 958 | E245: =IF(B245="","",IFERROR(INDEX(Client_List!$C:$C,MATCH(VALUE(B245),Client_List!$A:$A,0)),"")) | F245: =IF(B245="","",IFERROR(INDEX(Client_List!$D:$D,MATCH(VALUE(B245),Client_List!$A:$A,0)),"")) | G245: =IF(B245="","",IFERROR(INDEX(Client_List!$K:$K,MATCH(VALUE(B245),Client_List!$A:$A,0)),"")) | H245: =IF(B245="","",IFERROR(INDEX(Client_List!$J:$J,MATCH(VALUE(B245),Client_List!$A:$A,0)),"")) | I245: =IF(B245="","",IFERROR(A245-LOOKUP(2,1/($B$4:$B244=B245),$A$4:$A244),"")) | J245: =IF(B245="","",IFERROR(D245/I245,"")) | K245: =IF(B245="","",IFERROR(AVERAGEIFS($J$4:$J245,$B$4:$B245,B245,$J$4:$J245,">"&0),""))
A246: 46045 | B246: 15016 | C246: =IF(B246="","",IFERROR(INDEX(Client_List!$B:$B,MATCH(B246,Client_List!$A:$A,0)),"⚠ NOT FOUND")) | D246: 318 | E246: =IF(B246="","",IFERROR(INDEX(Client_List!$C:$C,MATCH(VALUE(B246),Client_List!$A:$A,0)),"")) | F246: =IF(B246="","",IFERROR(INDEX(Client_List!$D:$D,MATCH(VALUE(B246),Client_List!$A:$A,0)),"")) | G246: =IF(B246="","",IFERROR(INDEX(Client_List!$K:$K,MATCH(VALUE(B246),Client_List!$A:$A,0)),"")) | H246: =IF(B246="","",IFERROR(INDEX(Client_List!$J:$J,MATCH(VALUE(B246),Client_List!$A:$A,0)),"")) | I246: =IF(B246="","",IFERROR(A246-LOOKUP(2,1/($B$4:$B245=B246),$A$4:$A245),"")) | J246: =IF(B246="","",IFERROR(D246/I246,"")) | K246: =IF(B246="","",IFERROR(AVERAGEIFS($J$4:$J246,$B$4:$B246,B246,$J$4:$J246,">"&0),""))
A247: 46045 | B247: 16007 | C247: =IF(B247="","",IFERROR(INDEX(Client_List!$B:$B,MATCH(B247,Client_List!$A:$A,0)),"⚠ NOT FOUND")) | D247: 494 | E247: =IF(B247="","",IFERROR(INDEX(Client_List!$C:$C,MATCH(VALUE(B247),Client_List!$A:$A,0)),"")) | F247: =IF(B247="","",IFERROR(INDEX(Client_List!$D:$D,MATCH(VALUE(B247),Client_List!$A:$A,0)),"")) | G247: =IF(B247="","",IFERROR(INDEX(Client_List!$K:$K,MATCH(VALUE(B247),Client_List!$A:$A,0)),"")) | H247: =IF(B247="","",IFERROR(INDEX(Client_List!$J:$J,MATCH(VALUE(B247),Client_List!$A:$A,0)),"")) | I247: =IF(B247="","",IFERROR(A247-LOOKUP(2,1/($B$4:$B246=B247),$A$4:$A246),"")) | J247: =IF(B247="","",IFERROR(D247/I247,"")) | K247: =IF(B247="","",IFERROR(AVERAGEIFS($J$4:$J247,$B$4:$B247,B247,$J$4:$J247,">"&0),""))
A248: 46045 | B248: 16009 | C248: =IF(B248="","",IFERROR(INDEX(Client_List!$B:$B,MATCH(B248,Client_List!$A:$A,0)),"⚠ NOT FOUND")) | D248: 1484 | E248: =IF(B248="","",IFERROR(INDEX(Client_List!$C:$C,MATCH(VALUE(B248),Client_List!$A:$A,0)),"")) | F248: =IF(B248="","",IFERROR(INDEX(Client_List!$D:$D,MATCH(VALUE(B248),Client_List!$A:$A,0)),"")) | G248: =IF(B248="","",IFERROR(INDEX(Client_List!$K:$K,MATCH(VALUE(B248),Client_List!$A:$A,0)),"")) | H248: =IF(B248="","",IFERROR(INDEX(Client_List!$J:$J,MATCH(VALUE(B248),Client_List!$A:$A,0)),"")) | I248: =IF(B248="","",IFERROR(A248-LOOKUP(2,1/($B$4:$B247=B248),$A$4:$A247),"")) | J248: =IF(B248="","",IFERROR(D248/I248,"")) | K248: =IF(B248="","",IFERROR(AVERAGEIFS($J$4:$J248,$B$4:$B248,B248,$J$4:$J248,">"&0),""))
A249: 46045 | B249: 16019 | C249: =IF(B249="","",IFERROR(INDEX(Client_List!$B:$B,MATCH(B249,Client_List!$A:$A,0)),"⚠ NOT FOUND")) | D249: 779 | E249: =IF(B249="","",IFERROR(INDEX(Client_List!$C:$C,MATCH(VALUE(B249),Client_List!$A:$A,0)),"")) | F249: =IF(B249="","",IFERROR(INDEX(Client_List!$D:$D,MATCH(VALUE(B249),Client_List!$A:$A,0)),"")) | G249: =IF(B249="","",IFERROR(INDEX(Client_List!$K:$K,MATCH(VALUE(B249),Client_List!$A:$A,0)),"")) | H249: =IF(B249="","",IFERROR(INDEX(Client_List!$J:$J,MATCH(VALUE(B249),Client_List!$A:$A,0)),"")) | I249: =IF(B249="","",IFERROR(A249-LOOKUP(2,1/($B$4:$B248=B249),$A$4:$A248),"")) | J249: =IF(B249="","",IFERROR(D249/I249,"")) | K249: =IF(B249="","",IFERROR(AVERAGEIFS($J$4:$J249,$B$4:$B249,B249,$J$4:$J249,">"&0),""))
A250: 46045 | B250: 18003 | C250: =IF(B250="","",IFERROR(INDEX(Client_List!$B:$B,MATCH(B250,Client_List!$A:$A,0)),"⚠ NOT FOUND")) | D250: 387 | E250: =IF(B250="","",IFERROR(INDEX(Client_List!$C:$C,MATCH(VALUE(B250),Client_List!$A:$A,0)),"")) | F250: =IF(B250="","",IFERROR(INDEX(Client_List!$D:$D,MATCH(VALUE(B250),Client_List!$A:$A,0)),"")) | G250: =IF(B250="","",IFERROR(INDEX(Client_List!$K:$K,MATCH(VALUE(B250),Client_List!$A:$A,0)),"")) | H250: =IF(B250="","",IFERROR(INDEX(Client_List!$J:$J,MATCH(VALUE(B250),Client_List!$A:$A,0)),"")) | I250: =IF(B250="","",IFERROR(A250-LOOKUP(2,1/($B$4:$B249=B250),$A$4:$A249),"")) | J250: =IF(B250="","",IFERROR(D250/I250,"")) | K250: =IF(B250="","",IFERROR(AVERAGEIFS($J$4:$J250,$B$4:$B250,B250,$J$4:$J250,">"&0),""))
A251: 46045 | B251: 18031 | C251: =IF(B251="","",IFERROR(INDEX(Client_List!$B:$B,MATCH(B251,Client_List!$A:$A,0)),"⚠ NOT FOUND")) | D251: 421 | E251: =IF(B251="","",IFERROR(INDEX(Client_List!$C:$C,MATCH(VALUE(B251),Client_List!$A:$A,0)),"")) | F251: =IF(B251="","",IFERROR(INDEX(Client_List!$D:$D,MATCH(VALUE(B251),Client_List!$A:$A,0)),"")) | G251: =IF(B251="","",IFERROR(INDEX(Client_List!$K:$K,MATCH(VALUE(B251),Client_List!$A:$A,0)),"")) | H251: =IF(B251="","",IFERROR(INDEX(Client_List!$J:$J,MATCH(VALUE(B251),Client_List!$A:$A,0)),"")) | I251: =IF(B251="","",IFERROR(A251-LOOKUP(2,1/($B$4:$B250=B251),$A$4:$A250),"")) | J251: =IF(B251="","",IFERROR(D251/I251,"")) | K251: =IF(B251="","",IFERROR(AVERAGEIFS($J$4:$J251,$B$4:$B251,B251,$J$4:$J251,">"&0),""))
... A395: 46058 | B395: 4009 | C395: =IF(B395="","",IFERROR(INDEX(Client_List!$B:$B,MATCH(B395,Client_List!$A:$A,0)),"⚠ NOT FOUND")) | D395: 616 | E395: =IF(B395="","",IFERROR(INDEX(Client_List!$C:$C,MATCH(VALUE(B395),Client_List!$A:$A,0)),"")) | F395: =IF(B395="","",IFERROR(INDEX(Client_List!$D:$D,MATCH(VALUE(B395),Client_List!$A:$A,0)),"")) | G395: =IF(B395="","",IFERROR(INDEX(Client_List!$K:$K,MATCH(VALUE(B395),Client_List!$A:$A,0)),"")) | H395: =IF(B395="","",IFERROR(INDEX(Client_List!$J:$J,MATCH(VALUE(B395),Client_List!$A:$A,0)),"")) | I395: =IF(B395="","",IFERROR(A395-LOOKUP(2,1/($B$4:$B394=B395),$A$4:$A394),"")) | J395: =IF(B395="","",IFERROR(D395/I395,"")) | K395: =IF(B395="","",IFERROR(AVERAGEIFS($J$4:$J395,$B$4:$B395,B395,$J$4:$J395,">"&0),""))
A396: 46058 | B396: 4015A | C396: =IF(B396="","",IFERROR(INDEX(Client_List!$B:$B,MATCH(B396,Client_List!$A:$A,0)),"⚠ NOT FOUND")) | D396: 417 | E396: =IF(B396="","",IFERROR(INDEX(Client_List!$C:$C,MATCH(VALUE(B396),Client_List!$A:$A,0)),"")) | F396: =IF(B396="","",IFERROR(INDEX(Client_List!$D:$D,MATCH(VALUE(B396),Client_List!$A:$A,0)),"")) | G396: =IF(B396="","",IFERROR(INDEX(Client_List!$K:$K,MATCH(VALUE(B396),Client_List!$A:$A,0)),"")) | H396: =IF(B396="","",IFERROR(INDEX(Client_List!$J:$J,MATCH(VALUE(B396),Client_List!$A:$A,0)),"")) | I396: =IF(B396="","",IFERROR(A396-LOOKUP(2,1/($B$4:$B395=B396),$A$4:$A395),"")) | J396: =IF(B396="","",IFERROR(D396/I396,"")) | K396: =IF(B396="","",IFERROR(AVERAGEIFS($J$4:$J396,$B$4:$B396,B396,$J$4:$J396,">"&0),""))
A397: 46058 | B397: 4029 | C397: =IF(B397="","",IFERROR(INDEX(Client_List!$B:$B,MATCH(B397,Client_List!$A:$A,0)),"⚠ NOT FOUND")) | D397: 1703 | E397: =IF(B397="","",IFERROR(INDEX(Client_List!$C:$C,MATCH(VALUE(B397),Client_List!$A:$A,0)),"")) | F397: =IF(B397="","",IFERROR(INDEX(Client_List!$D:$D,MATCH(VALUE(B397),Client_List!$A:$A,0)),"")) | G397: =IF(B397="","",IFERROR(INDEX(Client_List!$K:$K,MATCH(VALUE(B397),Client_List!$A:$A,0)),"")) | H397: =IF(B397="","",IFERROR(INDEX(Client_List!$J:$J,MATCH(VALUE(B397),Client_List!$A:$A,0)),"")) | I397: =IF(B397="","",IFERROR(A397-LOOKUP(2,1/($B$4:$B396=B397),$A$4:$A396),"")) | J397: =IF(B397="","",IFERROR(D397/I397,"")) | K397: =IF(B397="","",IFERROR(AVERAGEIFS($J$4:$J397,$B$4:$B397,B397,$J$4:$J397,">"&0),""))
A398: 46058 | B398: 7002 | C398: =IF(B398="","",IFERROR(INDEX(Client_List!$B:$B,MATCH(B398,Client_List!$A:$A,0)),"⚠ NOT FOUND")) | D398: 441 | E398: =IF(B398="","",IFERROR(INDEX(Client_List!$C:$C,MATCH(VALUE(B398),Client_List!$A:$A,0)),"")) | F398: =IF(B398="","",IFERROR(INDEX(Client_List!$D:$D,MATCH(VALUE(B398),Client_List!$A:$A,0)),"")) | G398: =IF(B398="","",IFERROR(INDEX(Client_List!$K:$K,MATCH(VALUE(B398),Client_List!$A:$A,0)),"")) | H398: =IF(B398="","",IFERROR(INDEX(Client_List!$J:$J,MATCH(VALUE(B398),Client_List!$A:$A,0)),"")) | I398: =IF(B398="","",IFERROR(A398-LOOKUP(2,1/($B$4:$B397=B398),$A$4:$A397),"")) | J398: =IF(B398="","",IFERROR(D398/I398,"")) | K398: =IF(B398="","",IFERROR(AVERAGEIFS($J$4:$J398,$B$4:$B398,B398,$J$4:$J398,">"&0),""))
A399: 46058 | B399: 7052 | C399: =IF(B399="","",IFERROR(INDEX(Client_List!$B:$B,MATCH(B399,Client_List!$A:$A,0)),"⚠ NOT FOUND")) | D399: 177 | E399: =IF(B399="","",IFERROR(INDEX(Client_List!$C:$C,MATCH(VALUE(B399),Client_List!$A:$A,0)),"")) | F399: =IF(B399="","",IFERROR(INDEX(Client_List!$D:$D,MATCH(VALUE(B399),Client_List!$A:$A,0)),"")) | G399: =IF(B399="","",IFERROR(INDEX(Client_List!$K:$K,MATCH(VALUE(B399),Client_List!$A:$A,0)),"")) | H399: =IF(B399="","",IFERROR(INDEX(Client_List!$J:$J,MATCH(VALUE(B399),Client_List!$A:$A,0)),"")) | I399: =IF(B399="","",IFERROR(A399-LOOKUP(2,1/($B$4:$B398=B399),$A$4:$A398),"")) | J399: =IF(B399="","",IFERROR(D399/I399,"")) | K399: =IF(B399="","",IFERROR(AVERAGEIFS($J$4:$J399,$B$4:$B399,B399,$J$4:$J399,">"&0),""))
A400: 46058 | B400: 11014 | C400: =IF(B400="","",IFERROR(INDEX(Client_List!$B:$B,MATCH(B400,Client_List!$A:$A,0)),"⚠ NOT FOUND")) | D400: 332 | E400: =IF(B400="","",IFERROR(INDEX(Client_List!$C:$C,MATCH(VALUE(B400),Client_List!$A:$A,0)),"")) | F400: =IF(B400="","",IFERROR(INDEX(Client_List!$D:$D,MATCH(VALUE(B400),Client_List!$A:$A,0)),"")) | G400: =IF(B400="","",IFERROR(INDEX(Client_List!$K:$K,MATCH(VALUE(B400),Client_List!$A:$A,0)),"")) | H400: =IF(B400="","",IFERROR(INDEX(Client_List!$J:$J,MATCH(VALUE(B400),Client_List!$A:$A,0)),"")) | I400: =IF(B400="","",IFERROR(A400-LOOKUP(2,1/($B$4:$B399=B400),$A$4:$A399),"")) | J400: =IF(B400="","",IFERROR(D400/I400,"")) | K400: =IF(B400="","",IFERROR(AVERAGEIFS($J$4:$J400,$B$4:$B400,B400,$J$4:$J400,">"&0),""))
A401: 46058 | B401: 12050 | C401: =IF(B401="","",IFERROR(INDEX(Client_List!$B:$B,MATCH(B401,Client_List!$A:$A,0)),"⚠ NOT FOUND")) | D401: 903 | E401: =IF(B401="","",IFERROR(INDEX(Client_List!$C:$C,MATCH(VALUE(B401),Client_List!$A:$A,0)),"")) | F401: =IF(B401="","",IFERROR(INDEX(Client_List!$D:$D,MATCH(VALUE(B401),Client_List!$A:$A,0)),"")) | G401: =IF(B401="","",IFERROR(INDEX(Client_List!$K:$K,MATCH(VALUE(B401),Client_List!$A:$A,0)),"")) | H401: =IF(B401="","",IFERROR(INDEX(Client_List!$J:$J,MATCH(VALUE(B401),Client_List!$A:$A,0)),"")) | I401: =IF(B401="","",IFERROR(A401-LOOKUP(2,1/($B$4:$B400=B401),$A$4:$A400),"")) | J401: =IF(B401="","",IFERROR(D401/I401,"")) | K401: =IF(B401="","",IFERROR(AVERAGEIFS($J$4:$J401,$B$4:$B401,B401,$J$4:$J401,">"&0),""))
A402: 46058 | B402: 15009 | C402: =IF(B402="","",IFERROR(INDEX(Client_List!$B:$B,MATCH(B402,Client_List!$A:$A,0)),"⚠ NOT FOUND")) | D402: 447 | E402: =IF(B402="","",IFERROR(INDEX(Client_List!$C:$C,MATCH(VALUE(B402),Client_List!$A:$A,0)),"")) | F402: =IF(B402="","",IFERROR(INDEX(Client_List!$D:$D,MATCH(VALUE(B402),Client_List!$A:$A,0)),"")) | G402: =IF(B402="","",IFERROR(INDEX(Client_List!$K:$K,MATCH(VALUE(B402),Client_List!$A:$A,0)),"")) | H402: =IF(B402="","",IFERROR(INDEX(Client_List!$J:$J,MATCH(VALUE(B402),Client_List!$A:$A,0)),"")) | I402: =IF(B402="","",IFERROR(A402-LOOKUP(2,1/($B$4:$B401=B402),$A$4:$A401),"")) | J402: =IF(B402="","",IFERROR(D402/I402,"")) | K402: =IF(B402="","",IFERROR(AVERAGEIFS($J$4:$J402,$B$4:$B402,B402,$J$4:$J402,">"&0),""))
A403: 46058 | B403: 15027 | C403: =IF(B403="","",IFERROR(INDEX(Client_List!$B:$B,MATCH(B403,Client_List!$A:$A,0)),"⚠ NOT FOUND")) | D403: 648 | E403: =IF(B403="","",IFERROR(INDEX(Client_List!$C:$C,MATCH(VALUE(B403),Client_List!$A:$A,0)),"")) | F403: =IF(B403="","",IFERROR(INDEX(Client_List!$D:$D,MATCH(VALUE(B403),Client_List!$A:$A,0)),"")) | G403: =IF(B403="","",IFERROR(INDEX(Client_List!$K:$K,MATCH(VALUE(B403),Client_List!$A:$A,0)),"")) | H403: =IF(B403="","",IFERROR(INDEX(Client_List!$J:$J,MATCH(VALUE(B403),Client_List!$A:$A,0)),"")) | I403: =IF(B403="","",IFERROR(A403-LOOKUP(2,1/($B$4:$B402=B403),$A$4:$A402),"")) | J403: =IF(B403="","",IFERROR(D403/I403,"")) | K403: =IF(B403="","",IFERROR(AVERAGEIFS($J$4:$J403,$B$4:$B403,B403,$J$4:$J403,">"&0),""))
A404: 46058 | B404: 16003 | C404: =IF(B404="","",IFERROR(INDEX(Client_List!$B:$B,MATCH(B404,Client_List!$A:$A,0)),"⚠ NOT FOUND")) | D404: 642 | E404: =IF(B404="","",IFERROR(INDEX(Client_List!$C:$C,MATCH(VALUE(B404),Client_List!$A:$A,0)),"")) | F404: =IF(B404="","",IFERROR(INDEX(Client_List!$D:$D,MATCH(VALUE(B404),Client_List!$A:$A,0)),"")) | G404: =IF(B404="","",IFERROR(INDEX(Client_List!$K:$K,MATCH(VALUE(B404),Client_List!$A:$A,0)),"")) | H404: =IF(B404="","",IFERROR(INDEX(Client_List!$J:$J,MATCH(VALUE(B404),Client_List!$A:$A,0)),"")) | I404: =IF(B404="","",IFERROR(A404-LOOKUP(2,1/($B$4:$B403=B404),$A$4:$A403),"")) | J404: =IF(B404="","",IFERROR(D404/I404,"")) | K404: =IF(B404="","",IFERROR(AVERAGEIFS($J$4:$J404,$B$4:$B404,B404,$J$4:$J404,">"&0),""))
A405: 46058 | B405: 16007 | C405: =IF(B405="","",IFERROR(INDEX(Client_List!$B:$B,MATCH(B405,Client_List!$A:$A,0)),"⚠ NOT FOUND")) | D405: 720 | E405: =IF(B405="","",IFERROR(INDEX(Client_List!$C:$C,MATCH(VALUE(B405),Client_List!$A:$A,0)),"")) | F405: =IF(B405="","",IFERROR(INDEX(Client_List!$D:$D,MATCH(VALUE(B405),Client_List!$A:$A,0)),"")) | G405: =IF(B405="","",IFERROR(INDEX(Client_List!$K:$K,MATCH(VALUE(B405),Client_List!$A:$A,0)),"")) | H405: =IF(B405="","",IFERROR(INDEX(Client_List!$J:$J,MATCH(VALUE(B405),Client_List!$A:$A,0)),"")) | I405: =IF(B405="","",IFERROR(A405-LOOKUP(2,1/($B$4:$B404=B405),$A$4:$A404),"")) | J405: =IF(B405="","",IFERROR(D405/I405,"")) | K405: =IF(B405="","",IFERROR(AVERAGEIFS($J$4:$J405,$B$4:$B405,B405,$J$4:$J405,">"&0),""))
A406: 46058 | B406: 19081 | C406: =IF(B406="","",IFERROR(INDEX(Client_List!$B:$B,MATCH(B406,Client_List!$A:$A,0)),"⚠ NOT FOUND")) | D406: 331 | E406: =IF(B406="","",IFERROR(INDEX(Client_List!$C:$C,MATCH(VALUE(B406),Client_List!$A:$A,0)),"")) | F406: =IF(B406="","",IFERROR(INDEX(Client_List!$D:$D,MATCH(VALUE(B406),Client_List!$A:$A,0)),"")) | G406: =IF(B406="","",IFERROR(INDEX(Client_List!$K:$K,MATCH(VALUE(B406),Client_List!$A:$A,0)),"")) | H406: =IF(B406="","",IFERROR(INDEX(Client_List!$J:$J,MATCH(VALUE(B406),Client_List!$A:$A,0)),"")) | I406: =IF(B406="","",IFERROR(A406-LOOKUP(2,1/($B$4:$B405=B406),$A$4:$A405),"")) | J406: =IF(B406="","",IFERROR(D406/I406,"")) | K406: =IF(B406="","",IFERROR(AVERAGEIFS($J$4:$J406,$B$4:$B406,B406,$J$4:$J406,">"&0),""))
A407: 46059 | B407: 1063 | C407: =IF(B407="","",IFERROR(INDEX(Client_List!$B:$B,MATCH(B407,Client_List!$A:$A,0)),"⚠ NOT FOUND")) | D407: 765 | E407: =IF(B407="","",IFERROR(INDEX(Client_List!$C:$C,MATCH(VALUE(B407),Client_List!$A:$A,0)),"")) | F407: =IF(B407="","",IFERROR(INDEX(Client_List!$D:$D,MATCH(VALUE(B407),Client_List!$A:$A,0)),"")) | G407: =IF(B407="","",IFERROR(INDEX(Client_List!$K:$K,MATCH(VALUE(B407),Client_List!$A:$A,0)),"")) | H407: =IF(B407="","",IFERROR(INDEX(Client_List!$J:$J,MATCH(VALUE(B407),Client_List!$A:$A,0)),"")) | I407: =IF(B407="","",IFERROR(A407-LOOKUP(2,1/($B$4:$B406=B407),$A$4:$A406),"")) | J407: =IF(B407="","",IFERROR(D407/I407,"")) | K407: =IF(B407="","",IFERROR(AVERAGEIFS($J$4:$J407,$B$4:$B407,B407,$J$4:$J407,">"&0),""))
A408: 46059 | B408: 3021 | C408: =IF(B408="","",IFERROR(INDEX(Client_List!$B:$B,MATCH(B408,Client_List!$A:$A,0)),"⚠ NOT FOUND")) | D408: 496 | E408: =IF(B408="","",IFERROR(INDEX(Client_List!$C:$C,MATCH(VALUE(B408),Client_List!$A:$A,0)),"")) | F408: =IF(B408="","",IFERROR(INDEX(Client_List!$D:$D,MATCH(VALUE(B408),Client_List!$A:$A,0)),"")) | G408: =IF(B408="","",IFERROR(INDEX(Client_List!$K:$K,MATCH(VALUE(B408),Client_List!$A:$A,0)),"")) | H408: =IF(B408="","",IFERROR(INDEX(Client_List!$J:$J,MATCH(VALUE(B408),Client_List!$A:$A,0)),"")) | I408: =IF(B408="","",IFERROR(A408-LOOKUP(2,1/($B$4:$B407=B408),$A$4:$A407),"")) | J408: =IF(B408="","",IFERROR(D408/I408,"")) | K408: =IF(B408="","",IFERROR(AVERAGEIFS($J$4:$J408,$B$4:$B408,B408,$J$4:$J408,">"&0),""))
... A595: 46073 | B595: 4014 | C595: =IF(B595="","",IFERROR(INDEX(Client_List!$B:$B,MATCH(B595,Client_List!$A:$A,0)),"⚠ NOT FOUND")) | D595: 188 | E595: =IF(B595="","",IFERROR(INDEX(Client_List!$C:$C,MATCH(VALUE(B595),Client_List!$A:$A,0)),"")) | F595: =IF(B595="","",IFERROR(INDEX(Client_List!$D:$D,MATCH(VALUE(B595),Client_List!$A:$A,0)),"")) | G595: =IF(B595="","",IFERROR(INDEX(Client_List!$K:$K,MATCH(VALUE(B595),Client_List!$A:$A,0)),"")) | H595: =IF(B595="","",IFERROR(INDEX(Client_List!$J:$J,MATCH(VALUE(B595),Client_List!$A:$A,0)),"")) | I595: =IF(B595="","",IFERROR(A595-LOOKUP(2,1/($B$4:$B594=B595),$A$4:$A594),"")) | J595: =IF(B595="","",IFERROR(D595/I595,"")) | K595: =IF(B595="","",IFERROR(AVERAGEIFS($J$4:$J595,$B$4:$B595,B595,$J$4:$J595,">"&0),""))
A596: 46073 | B596: 4015A | C596: =IF(B596="","",IFERROR(INDEX(Client_List!$B:$B,MATCH(B596,Client_List!$A:$A,0)),"⚠ NOT FOUND")) | D596: 498 | E596: =IF(B596="","",IFERROR(INDEX(Client_List!$C:$C,MATCH(VALUE(B596),Client_List!$A:$A,0)),"")) | F596: =IF(B596="","",IFERROR(INDEX(Client_List!$D:$D,MATCH(VALUE(B596),Client_List!$A:$A,0)),"")) | G596: =IF(B596="","",IFERROR(INDEX(Client_List!$K:$K,MATCH(VALUE(B596),Client_List!$A:$A,0)),"")) | H596: =IF(B596="","",IFERROR(INDEX(Client_List!$J:$J,MATCH(VALUE(B596),Client_List!$A:$A,0)),"")) | I596: =IF(B596="","",IFERROR(A596-LOOKUP(2,1/($B$4:$B595=B596),$A$4:$A595),"")) | J596: =IF(B596="","",IFERROR(D596/I596,"")) | K596: =IF(B596="","",IFERROR(AVERAGEIFS($J$4:$J596,$B$4:$B596,B596,$J$4:$J596,">"&0),""))
A597: 46073 | B597: 5004 | C597: =IF(B597="","",IFERROR(INDEX(Client_List!$B:$B,MATCH(B597,Client_List!$A:$A,0)),"⚠ NOT FOUND")) | D597: 302 | E597: =IF(B597="","",IFERROR(INDEX(Client_List!$C:$C,MATCH(VALUE(B597),Client_List!$A:$A,0)),"")) | F597: =IF(B597="","",IFERROR(INDEX(Client_List!$D:$D,MATCH(VALUE(B597),Client_List!$A:$A,0)),"")) | G597: =IF(B597="","",IFERROR(INDEX(Client_List!$K:$K,MATCH(VALUE(B597),Client_List!$A:$A,0)),"")) | H597: =IF(B597="","",IFERROR(INDEX(Client_List!$J:$J,MATCH(VALUE(B597),Client_List!$A:$A,0)),"")) | I597: =IF(B597="","",IFERROR(A597-LOOKUP(2,1/($B$4:$B596=B597),$A$4:$A596),"")) | J597: =IF(B597="","",IFERROR(D597/I597,"")) | K597: =IF(B597="","",IFERROR(AVERAGEIFS($J$4:$J597,$B$4:$B597,B597,$J$4:$J597,">"&0),""))
A598: 46073 | B598: 6101 | C598: =IF(B598="","",IFERROR(INDEX(Client_List!$B:$B,MATCH(B598,Client_List!$A:$A,0)),"⚠ NOT FOUND")) | D598: 504 | E598: =IF(B598="","",IFERROR(INDEX(Client_List!$C:$C,MATCH(VALUE(B598),Client_List!$A:$A,0)),"")) | F598: =IF(B598="","",IFERROR(INDEX(Client_List!$D:$D,MATCH(VALUE(B598),Client_List!$A:$A,0)),"")) | G598: =IF(B598="","",IFERROR(INDEX(Client_List!$K:$K,MATCH(VALUE(B598),Client_List!$A:$A,0)),"")) | H598: =IF(B598="","",IFERROR(INDEX(Client_List!$J:$J,MATCH(VALUE(B598),Client_List!$A:$A,0)),"")) | I598: =IF(B598="","",IFERROR(A598-LOOKUP(2,1/($B$4:$B597=B598),$A$4:$A597),"")) | J598: =IF(B598="","",IFERROR(D598/I598,"")) | K598: =IF(B598="","",IFERROR(AVERAGEIFS($J$4:$J598,$B$4:$B598,B598,$J$4:$J598,">"&0),""))
A599: 46073 | B599: 7053 | C599: =IF(B599="","",IFERROR(INDEX(Client_List!$B:$B,MATCH(B599,Client_List!$A:$A,0)),"⚠ NOT FOUND")) | D599: 237 | E599: =IF(B599="","",IFERROR(INDEX(Client_List!$C:$C,MATCH(VALUE(B599),Client_List!$A:$A,0)),"")) | F599: =IF(B599="","",IFERROR(INDEX(Client_List!$D:$D,MATCH(VALUE(B599),Client_List!$A:$A,0)),"")) | G599: =IF(B599="","",IFERROR(INDEX(Client_List!$K:$K,MATCH(VALUE(B599),Client_List!$A:$A,0)),"")) | H599: =IF(B599="","",IFERROR(INDEX(Client_List!$J:$J,MATCH(VALUE(B599),Client_List!$A:$A,0)),"")) | I599: =IF(B599="","",IFERROR(A599-LOOKUP(2,1/($B$4:$B598=B599),$A$4:$A598),"")) | J599: =IF(B599="","",IFERROR(D599/I599,"")) | K599: =IF(B599="","",IFERROR(AVERAGEIFS($J$4:$J599,$B$4:$B599,B599,$J$4:$J599,">"&0),""))
A600: 46073 | B600: 12009 | C600: =IF(B600="","",IFERROR(INDEX(Client_List!$B:$B,MATCH(B600,Client_List!$A:$A,0)),"⚠ NOT FOUND")) | D600: 491 | E600: =IF(B600="","",IFERROR(INDEX(Client_List!$C:$C,MATCH(VALUE(B600),Client_List!$A:$A,0)),"")) | F600: =IF(B600="","",IFERROR(INDEX(Client_List!$D:$D,MATCH(VALUE(B600),Client_List!$A:$A,0)),"")) | G600: =IF(B600="","",IFERROR(INDEX(Client_List!$K:$K,MATCH(VALUE(B600),Client_List!$A:$A,0)),"")) | H600: =IF(B600="","",IFERROR(INDEX(Client_List!$J:$J,MATCH(VALUE(B600),Client_List!$A:$A,0)),"")) | I600: =IF(B600="","",IFERROR(A600-LOOKUP(2,1/($B$4:$B599=B600),$A$4:$A599),"")) | J600: =IF(B600="","",IFERROR(D600/I600,"")) | K600: =IF(B600="","",IFERROR(AVERAGEIFS($J$4:$J600,$B$4:$B600,B600,$J$4:$J600,">"&0),""))
A601: 46073 | B601: 12025 | C601: =IF(B601="","",IFERROR(INDEX(Client_List!$B:$B,MATCH(B601,Client_List!$A:$A,0)),"⚠ NOT FOUND")) | D601: 533 | E601: =IF(B601="","",IFERROR(INDEX(Client_List!$C:$C,MATCH(VALUE(B601),Client_List!$A:$A,0)),"")) | F601: =IF(B601="","",IFERROR(INDEX(Client_List!$D:$D,MATCH(VALUE(B601),Client_List!$A:$A,0)),"")) | G601: =IF(B601="","",IFERROR(INDEX(Client_List!$K:$K,MATCH(VALUE(B601),Client_List!$A:$A,0)),"")) | H601: =IF(B601="","",IFERROR(INDEX(Client_List!$J:$J,MATCH(VALUE(B601),Client_List!$A:$A,0)),"")) | I601: =IF(B601="","",IFERROR(A601-LOOKUP(2,1/($B$4:$B600=B601),$A$4:$A600),"")) | J601: =IF(B601="","",IFERROR(D601/I601,"")) | K601: =IF(B601="","",IFERROR(AVERAGEIFS($J$4:$J601,$B$4:$B601,B601,$J$4:$J601,">"&0),""))
A602: 46073 | B602: 12050 | C602: =IF(B602="","",IFERROR(INDEX(Client_List!$B:$B,MATCH(B602,Client_List!$A:$A,0)),"⚠ NOT FOUND")) | D602: 835 | E602: =IF(B602="","",IFERROR(INDEX(Client_List!$C:$C,MATCH(VALUE(B602),Client_List!$A:$A,0)),"")) | F602: =IF(B602="","",IFERROR(INDEX(Client_List!$D:$D,MATCH(VALUE(B602),Client_List!$A:$A,0)),"")) | G602: =IF(B602="","",IFERROR(INDEX(Client_List!$K:$K,MATCH(VALUE(B602),Client_List!$A:$A,0)),"")) | H602: =IF(B602="","",IFERROR(INDEX(Client_List!$J:$J,MATCH(VALUE(B602),Client_List!$A:$A,0)),"")) | I602: =IF(B602="","",IFERROR(A602-LOOKUP(2,1/($B$4:$B601=B602),$A$4:$A601),"")) | J602: =IF(B602="","",IFERROR(D602/I602,"")) | K602: =IF(B602="","",IFERROR(AVERAGEIFS($J$4:$J602,$B$4:$B602,B602,$J$4:$J602,">"&0),""))
A603: 46073 | B603: 15001 | C603: =IF(B603="","",IFERROR(INDEX(Client_List!$B:$B,MATCH(B603,Client_List!$A:$A,0)),"⚠ NOT FOUND")) | D603: 788 | E603: =IF(B603="","",IFERROR(INDEX(Client_List!$C:$C,MATCH(VALUE(B603),Client_List!$A:$A,0)),"")) | F603: =IF(B603="","",IFERROR(INDEX(Client_List!$D:$D,MATCH(VALUE(B603),Client_List!$A:$A,0)),"")) | G603: =IF(B603="","",IFERROR(INDEX(Client_List!$K:$K,MATCH(VALUE(B603),Client_List!$A:$A,0)),"")) | H603: =IF(B603="","",IFERROR(INDEX(Client_List!$J:$J,MATCH(VALUE(B603),Client_List!$A:$A,0)),"")) | I603: =IF(B603="","",IFERROR(A603-LOOKUP(2,1/($B$4:$B602=B603),$A$4:$A602),"")) | J603: =IF(B603="","",IFERROR(D603/I603,"")) | K603: =IF(B603="","",IFERROR(AVERAGEIFS($J$4:$J603,$B$4:$B603,B603,$J$4:$J603,">"&0),""))
A604: 46073 | B604: 16014 | C604: =IF(B604="","",IFERROR(INDEX(Client_List!$B:$B,MATCH(B604,Client_List!$A:$A,0)),"⚠ NOT FOUND")) | D604: 1108 | E604: =IF(B604="","",IFERROR(INDEX(Client_List!$C:$C,MATCH(VALUE(B604),Client_List!$A:$A,0)),"")) | F604: =IF(B604="","",IFERROR(INDEX(Client_List!$D:$D,MATCH(VALUE(B604),Client_List!$A:$A,0)),"")) | G604: =IF(B604="","",IFERROR(INDEX(Client_List!$K:$K,MATCH(VALUE(B604),Client_List!$A:$A,0)),"")) | H604: =IF(B604="","",IFERROR(INDEX(Client_List!$J:$J,MATCH(VALUE(B604),Client_List!$A:$A,0)),"")) | I604: =IF(B604="","",IFERROR(A604-LOOKUP(2,1/($B$4:$B603=B604),$A$4:$A603),"")) | J604: =IF(B604="","",IFERROR(D604/I604,"")) | K604: =IF(B604="","",IFERROR(AVERAGEIFS($J$4:$J604,$B$4:$B604,B604,$J$4:$J604,">"&0),""))
A605: 46073 | B605: 19033 | C605: =IF(B605="","",IFERROR(INDEX(Client_List!$B:$B,MATCH(B605,Client_List!$A:$A,0)),"⚠ NOT FOUND")) | D605: 178 | E605: =IF(B605="","",IFERROR(INDEX(Client_List!$C:$C,MATCH(VALUE(B605),Client_List!$A:$A,0)),"")) | F605: =IF(B605="","",IFERROR(INDEX(Client_List!$D:$D,MATCH(VALUE(B605),Client_List!$A:$A,0)),"")) | G605: =IF(B605="","",IFERROR(INDEX(Client_List!$K:$K,MATCH(VALUE(B605),Client_List!$A:$A,0)),"")) | H605: =IF(B605="","",IFERROR(INDEX(Client_List!$J:$J,MATCH(VALUE(B605),Client_List!$A:$A,0)),"")) | I605: =IF(B605="","",IFERROR(A605-LOOKUP(2,1/($B$4:$B604=B605),$A$4:$A604),"")) | J605: =IF(B605="","",IFERROR(D605/I605,"")) | K605: =IF(B605="","",IFERROR(AVERAGEIFS($J$4:$J605,$B$4:$B605,B605,$J$4:$J605,">"&0),""))
A606: 46073 | B606: 19035 | C606: =IF(B606="","",IFERROR(INDEX(Client_List!$B:$B,MATCH(B606,Client_List!$A:$A,0)),"⚠ NOT FOUND")) | D606: 262 | E606: =IF(B606="","",IFERROR(INDEX(Client_List!$C:$C,MATCH(VALUE(B606),Client_List!$A:$A,0)),"")) | F606: =IF(B606="","",IFERROR(INDEX(Client_List!$D:$D,MATCH(VALUE(B606),Client_List!$A:$A,0)),"")) | G606: =IF(B606="","",IFERROR(INDEX(Client_List!$K:$K,MATCH(VALUE(B606),Client_List!$A:$A,0)),"")) | H606: =IF(B606="","",IFERROR(INDEX(Client_List!$J:$J,MATCH(VALUE(B606),Client_List!$A:$A,0)),"")) | I606: =IF(B606="","",IFERROR(A606-LOOKUP(2,1/($B$4:$B605=B606),$A$4:$A605),"")) | J606: =IF(B606="","",IFERROR(D606/I606,"")) | K606: =IF(B606="","",IFERROR(AVERAGEIFS($J$4:$J606,$B$4:$B606,B606,$J$4:$J606,">"&0),""))
A607: 46073 | B607: 19080 | C607: =IF(B607="","",IFERROR(INDEX(Client_List!$B:$B,MATCH(B607,Client_List!$A:$A,0)),"⚠ NOT FOUND")) | D607: 413 | E607: =IF(B607="","",IFERROR(INDEX(Client_List!$C:$C,MATCH(VALUE(B607),Client_List!$A:$A,0)),"")) | F607: =IF(B607="","",IFERROR(INDEX(Client_List!$D:$D,MATCH(VALUE(B607),Client_List!$A:$A,0)),"")) | G607: =IF(B607="","",IFERROR(INDEX(Client_List!$K:$K,MATCH(VALUE(B607),Client_List!$A:$A,0)),"")) | H607: =IF(B607="","",IFERROR(INDEX(Client_List!$J:$J,MATCH(VALUE(B607),Client_List!$A:$A,0)),"")) | I607: =IF(B607="","",IFERROR(A607-LOOKUP(2,1/($B$4:$B606=B607),$A$4:$A606),"")) | J607: =IF(B607="","",IFERROR(D607/I607,"")) | K607: =IF(B607="","",IFERROR(AVERAGEIFS($J$4:$J607,$B$4:$B607,B607,$J$4:$J607,">"&0),""))
A608: 46073 | B608: 19081 | C608: =IF(B608="","",IFERROR(INDEX(Client_List!$B:$B,MATCH(B608,Client_List!$A:$A,0)),"⚠ NOT FOUND")) | D608: 489 | E608: =IF(B608="","",IFERROR(INDEX(Client_List!$C:$C,MATCH(VALUE(B608),Client_List!$A:$A,0)),"")) | F608: =IF(B608="","",IFERROR(INDEX(Client_List!$D:$D,MATCH(VALUE(B608),Client_List!$A:$A,0)),"")) | G608: =IF(B608="","",IFERROR(INDEX(Client_List!$K:$K,MATCH(VALUE(B608),Client_List!$A:$A,0)),"")) | H608: =IF(B608="","",IFERROR(INDEX(Client_List!$J:$J,MATCH(VALUE(B608),Client_List!$A:$A,0)),"")) | I608: =IF(B608="","",IFERROR(A608-LOOKUP(2,1/($B$4:$B607=B608),$A$4:$A607),"")) | J608: =IF(B608="","",IFERROR(D608/I608,"")) | K608: =IF(B608="","",IFERROR(AVERAGEIFS($J$4:$J608,$B$4:$B608,B608,$J$4:$J608,">"&0),""))
... A740: 46084 | B740: 20092 | C740: =IF(B740="","",IFERROR(INDEX(Client_List!$B:$B,MATCH(B740,Client_List!$A:$A,0)),"⚠ NOT FOUND")) | D740: 920 | E740: =IF(B740="","",IFERROR(INDEX(Client_List!$C:$C,MATCH(VALUE(B740),Client_List!$A:$A,0)),"")) | F740: =IF(B740="","",IFERROR(INDEX(Client_List!$D:$D,MATCH(VALUE(B740),Client_List!$A:$A,0)),"")) | G740: =IF(B740="","",IFERROR(INDEX(Client_List!$K:$K,MATCH(VALUE(B740),Client_List!$A:$A,0)),"")) | H740: =IF(B740="","",IFERROR(INDEX(Client_List!$J:$J,MATCH(VALUE(B740),Client_List!$A:$A,0)),"")) | I740: =IF(B740="","",IFERROR(A740-LOOKUP(2,1/($B$4:$B739=B740),$A$4:$A739),"")) | J740: =IF(B740="","",IFERROR(D740/I740,"")) | K740: =IF(B740="","",IFERROR(AVERAGEIFS($J$4:$J740,$B$4:$B740,B740,$J$4:$J740,">"&0),""))
A741: 46085 | B741: 4015A | C741: =IF(B741="","",IFERROR(INDEX(Client_List!$B:$B,MATCH(B741,Client_List!$A:$A,0)),"⚠ NOT FOUND")) | D741: 400 | E741: =IF(B741="","",IFERROR(INDEX(Client_List!$C:$C,MATCH(VALUE(B741),Client_List!$A:$A,0)),"")) | F741: =IF(B741="","",IFERROR(INDEX(Client_List!$D:$D,MATCH(VALUE(B741),Client_List!$A:$A,0)),"")) | G741: =IF(B741="","",IFERROR(INDEX(Client_List!$K:$K,MATCH(VALUE(B741),Client_List!$A:$A,0)),"")) | H741: =IF(B741="","",IFERROR(INDEX(Client_List!$J:$J,MATCH(VALUE(B741),Client_List!$A:$A,0)),"")) | I741: =IF(B741="","",IFERROR(A741-LOOKUP(2,1/($B$4:$B740=B741),$A$4:$A740),"")) | J741: =IF(B741="","",IFERROR(D741/I741,"")) | K741: =IF(B741="","",IFERROR(AVERAGEIFS($J$4:$J741,$B$4:$B741,B741,$J$4:$J741,">"&0),""))
A742: 46085 | B742: 4027 | C742: =IF(B742="","",IFERROR(INDEX(Client_List!$B:$B,MATCH(B742,Client_List!$A:$A,0)),"⚠ NOT FOUND")) | D742: 803 | E742: =IF(B742="","",IFERROR(INDEX(Client_List!$C:$C,MATCH(VALUE(B742),Client_List!$A:$A,0)),"")) | F742: =IF(B742="","",IFERROR(INDEX(Client_List!$D:$D,MATCH(VALUE(B742),Client_List!$A:$A,0)),"")) | G742: =IF(B742="","",IFERROR(INDEX(Client_List!$K:$K,MATCH(VALUE(B742),Client_List!$A:$A,0)),"")) | H742: =IF(B742="","",IFERROR(INDEX(Client_List!$J:$J,MATCH(VALUE(B742),Client_List!$A:$A,0)),"")) | I742: =IF(B742="","",IFERROR(A742-LOOKUP(2,1/($B$4:$B741=B742),$A$4:$A741),"")) | J742: =IF(B742="","",IFERROR(D742/I742,"")) | K742: =IF(B742="","",IFERROR(AVERAGEIFS($J$4:$J742,$B$4:$B742,B742,$J$4:$J742,">"&0),""))
A743: 46085 | B743: 10001 | C743: =IF(B743="","",IFERROR(INDEX(Client_List!$B:$B,MATCH(B743,Client_List!$A:$A,0)),"⚠ NOT FOUND")) | D743: 939 | E743: =IF(B743="","",IFERROR(INDEX(Client_List!$C:$C,MATCH(VALUE(B743),Client_List!$A:$A,0)),"")) | F743: =IF(B743="","",IFERROR(INDEX(Client_List!$D:$D,MATCH(VALUE(B743),Client_List!$A:$A,0)),"")) | G743: =IF(B743="","",IFERROR(INDEX(Client_List!$K:$K,MATCH(VALUE(B743),Client_List!$A:$A,0)),"")) | H743: =IF(B743="","",IFERROR(INDEX(Client_List!$J:$J,MATCH(VALUE(B743),Client_List!$A:$A,0)),"")) | I743: =IF(B743="","",IFERROR(A743-LOOKUP(2,1/($B$4:$B742=B743),$A$4:$A742),"")) | J743: =IF(B743="","",IFERROR(D743/I743,"")) | K743: =IF(B743="","",IFERROR(AVERAGEIFS($J$4:$J743,$B$4:$B743,B743,$J$4:$J743,">"&0),""))
A744: 46085 | B744: 13011 | C744: =IF(B744="","",IFERROR(INDEX(Client_List!$B:$B,MATCH(B744,Client_List!$A:$A,0)),"⚠ NOT FOUND")) | D744: 624 | E744: =IF(B744="","",IFERROR(INDEX(Client_List!$C:$C,MATCH(VALUE(B744),Client_List!$A:$A,0)),"")) | F744: =IF(B744="","",IFERROR(INDEX(Client_List!$D:$D,MATCH(VALUE(B744),Client_List!$A:$A,0)),"")) | G744: =IF(B744="","",IFERROR(INDEX(Client_List!$K:$K,MATCH(VALUE(B744),Client_List!$A:$A,0)),"")) | H744: =IF(B744="","",IFERROR(INDEX(Client_List!$J:$J,MATCH(VALUE(B744),Client_List!$A:$A,0)),"")) | I744: =IF(B744="","",IFERROR(A744-LOOKUP(2,1/($B$4:$B743=B744),$A$4:$A743),"")) | J744: =IF(B744="","",IFERROR(D744/I744,"")) | K744: =IF(B744="","",IFERROR(AVERAGEIFS($J$4:$J744,$B$4:$B744,B744,$J$4:$J744,">"&0),""))
A745: 46085 | B745: 13015 | C745: =IF(B745="","",IFERROR(INDEX(Client_List!$B:$B,MATCH(B745,Client_List!$A:$A,0)),"⚠ NOT FOUND")) | D745: 745 | E745: =IF(B745="","",IFERROR(INDEX(Client_List!$C:$C,MATCH(VALUE(B745),Client_List!$A:$A,0)),"")) | F745: =IF(B745="","",IFERROR(INDEX(Client_List!$D:$D,MATCH(VALUE(B745),Client_List!$A:$A,0)),"")) | G745: =IF(B745="","",IFERROR(INDEX(Client_List!$K:$K,MATCH(VALUE(B745),Client_List!$A:$A,0)),"")) | H745: =IF(B745="","",IFERROR(INDEX(Client_List!$J:$J,MATCH(VALUE(B745),Client_List!$A:$A,0)),"")) | I745: =IF(B745="","",IFERROR(A745-LOOKUP(2,1/($B$4:$B744=B745),$A$4:$A744),"")) | J745: =IF(B745="","",IFERROR(D745/I745,"")) | K745: =IF(B745="","",IFERROR(AVERAGEIFS($J$4:$J745,$B$4:$B745,B745,$J$4:$J745,">"&0),""))
A746: 46085 | B746: 14008 | C746: =IF(B746="","",IFERROR(INDEX(Client_List!$B:$B,MATCH(B746,Client_List!$A:$A,0)),"⚠ NOT FOUND")) | D746: 1425 | E746: =IF(B746="","",IFERROR(INDEX(Client_List!$C:$C,MATCH(VALUE(B746),Client_List!$A:$A,0)),"")) | F746: =IF(B746="","",IFERROR(INDEX(Client_List!$D:$D,MATCH(VALUE(B746),Client_List!$A:$A,0)),"")) | G746: =IF(B746="","",IFERROR(INDEX(Client_List!$K:$K,MATCH(VALUE(B746),Client_List!$A:$A,0)),"")) | H746: =IF(B746="","",IFERROR(INDEX(Client_List!$J:$J,MATCH(VALUE(B746),Client_List!$A:$A,0)),"")) | I746: =IF(B746="","",IFERROR(A746-LOOKUP(2,1/($B$4:$B745=B746),$A$4:$A745),"")) | J746: =IF(B746="","",IFERROR(D746/I746,"")) | K746: =IF(B746="","",IFERROR(AVERAGEIFS($J$4:$J746,$B$4:$B746,B746,$J$4:$J746,">"&0),""))
A747: 46085 | B747: 15009 | C747: =IF(B747="","",IFERROR(INDEX(Client_List!$B:$B,MATCH(B747,Client_List!$A:$A,0)),"⚠ NOT FOUND")) | D747: 305 | E747: =IF(B747="","",IFERROR(INDEX(Client_List!$C:$C,MATCH(VALUE(B747),Client_List!$A:$A,0)),"")) | F747: =IF(B747="","",IFERROR(INDEX(Client_List!$D:$D,MATCH(VALUE(B747),Client_List!$A:$A,0)),"")) | G747: =IF(B747="","",IFERROR(INDEX(Client_List!$K:$K,MATCH(VALUE(B747),Client_List!$A:$A,0)),"")) | H747: =IF(B747="","",IFERROR(INDEX(Client_List!$J:$J,MATCH(VALUE(B747),Client_List!$A:$A,0)),"")) | I747: =IF(B747="","",IFERROR(A747-LOOKUP(2,1/($B$4:$B746=B747),$A$4:$A746),"")) | J747: =IF(B747="","",IFERROR(D747/I747,"")) | K747: =IF(B747="","",IFERROR(AVERAGEIFS($J$4:$J747,$B$4:$B747,B747,$J$4:$J747,">"&0),""))
A748: 46085 | B748: 15026 | C748: =IF(B748="","",IFERROR(INDEX(Client_List!$B:$B,MATCH(B748,Client_List!$A:$A,0)),"⚠ NOT FOUND")) | D748: 386 | E748: =IF(B748="","",IFERROR(INDEX(Client_List!$C:$C,MATCH(VALUE(B748),Client_List!$A:$A,0)),"")) | F748: =IF(B748="","",IFERROR(INDEX(Client_List!$D:$D,MATCH(VALUE(B748),Client_List!$A:$A,0)),"")) | G748: =IF(B748="","",IFERROR(INDEX(Client_List!$K:$K,MATCH(VALUE(B748),Client_List!$A:$A,0)),"")) | H748: =IF(B748="","",IFERROR(INDEX(Client_List!$J:$J,MATCH(VALUE(B748),Client_List!$A:$A,0)),"")) | I748: =IF(B748="","",IFERROR(A748-LOOKUP(2,1/($B$4:$B747=B748),$A$4:$A747),"")) | J748: =IF(B748="","",IFERROR(D748/I748,"")) | K748: =IF(B748="","",IFERROR(AVERAGEIFS($J$4:$J748,$B$4:$B748,B748,$J$4:$J748,">"&0),""))
A749: 46085 | B749: 15035 | C749: =IF(B749="","",IFERROR(INDEX(Client_List!$B:$B,MATCH(B749,Client_List!$A:$A,0)),"⚠ NOT FOUND")) | D749: 1389 | E749: =IF(B749="","",IFERROR(INDEX(Client_List!$C:$C,MATCH(VALUE(B749),Client_List!$A:$A,0)),"")) | F749: =IF(B749="","",IFERROR(INDEX(Client_List!$D:$D,MATCH(VALUE(B749),Client_List!$A:$A,0)),"")) | G749: =IF(B749="","",IFERROR(INDEX(Client_List!$K:$K,MATCH(VALUE(B749),Client_List!$A:$A,0)),"")) | H749: =IF(B749="","",IFERROR(INDEX(Client_List!$J:$J,MATCH(VALUE(B749),Client_List!$A:$A,0)),"")) | I749: =IF(B749="","",IFERROR(A749-LOOKUP(2,1/($B$4:$B748=B749),$A$4:$A748),"")) | J749: =IF(B749="","",IFERROR(D749/I749,"")) | K749: =IF(B749="","",IFERROR(AVERAGEIFS($J$4:$J749,$B$4:$B749,B749,$J$4:$J749,">"&0),""))
A750: 46085 | B750: 15041 | C750: =IF(B750="","",IFERROR(INDEX(Client_List!$B:$B,MATCH(B750,Client_List!$A:$A,0)),"⚠ NOT FOUND")) | D750: 425 | E750: =IF(B750="","",IFERROR(INDEX(Client_List!$C:$C,MATCH(VALUE(B750),Client_List!$A:$A,0)),"")) | F750: =IF(B750="","",IFERROR(INDEX(Client_List!$D:$D,MATCH(VALUE(B750),Client_List!$A:$A,0)),"")) | G750: =IF(B750="","",IFERROR(INDEX(Client_List!$K:$K,MATCH(VALUE(B750),Client_List!$A:$A,0)),"")) | H750: =IF(B750="","",IFERROR(INDEX(Client_List!$J:$J,MATCH(VALUE(B750),Client_List!$A:$A,0)),"")) | I750: =IF(B750="","",IFERROR(A750-LOOKUP(2,1/($B$4:$B749=B750),$A$4:$A749),"")) | J750: =IF(B750="","",IFERROR(D750/I750,"")) | K750: =IF(B750="","",IFERROR(AVERAGEIFS($J$4:$J750,$B$4:$B750,B750,$J$4:$J750,">"&0),""))
A751: 46085 | B751: 16007 | C751: =IF(B751="","",IFERROR(INDEX(Client_List!$B:$B,MATCH(B751,Client_List!$A:$A,0)),"⚠ NOT FOUND")) | D751: 254 | E751: =IF(B751="","",IFERROR(INDEX(Client_List!$C:$C,MATCH(VALUE(B751),Client_List!$A:$A,0)),"")) | F751: =IF(B751="","",IFERROR(INDEX(Client_List!$D:$D,MATCH(VALUE(B751),Client_List!$A:$A,0)),"")) | G751: =IF(B751="","",IFERROR(INDEX(Client_List!$K:$K,MATCH(VALUE(B751),Client_List!$A:$A,0)),"")) | H751: =IF(B751="","",IFERROR(INDEX(Client_List!$J:$J,MATCH(VALUE(B751),Client_List!$A:$A,0)),"")) | I751: =IF(B751="","",IFERROR(A751-LOOKUP(2,1/($B$4:$B750=B751),$A$4:$A750),"")) | J751: =IF(B751="","",IFERROR(D751/I751,"")) | K751: =IF(B751="","",IFERROR(AVERAGEIFS($J$4:$J751,$B$4:$B751,B751,$J$4:$J751,">"&0),""))
A752: 46085 | B752: 18001 | C752: =IF(B752="","",IFERROR(INDEX(Client_List!$B:$B,MATCH(B752,Client_List!$A:$A,0)),"⚠ NOT FOUND")) | D752: 574 | E752: =IF(B752="","",IFERROR(INDEX(Client_List!$C:$C,MATCH(VALUE(B752),Client_List!$A:$A,0)),"")) | F752: =IF(B752="","",IFERROR(INDEX(Client_List!$D:$D,MATCH(VALUE(B752),Client_List!$A:$A,0)),"")) | G752: =IF(B752="","",IFERROR(INDEX(Client_List!$K:$K,MATCH(VALUE(B752),Client_List!$A:$A,0)),"")) | H752: =IF(B752="","",IFERROR(INDEX(Client_List!$J:$J,MATCH(VALUE(B752),Client_List!$A:$A,0)),"")) | I752: =IF(B752="","",IFERROR(A752-LOOKUP(2,1/($B$4:$B751=B752),$A$4:$A751),"")) | J752: =IF(B752="","",IFERROR(D752/I752,"")) | K752: =IF(B752="","",IFERROR(AVERAGEIFS($J$4:$J752,$B$4:$B752,B752,$J$4:$J752,">"&0),""))
A753: 46085 | B753: 18003 | C753: =IF(B753="","",IFERROR(INDEX(Client_List!$B:$B,MATCH(B753,Client_List!$A:$A,0)),"⚠ NOT FOUND")) | D753: 335 | E753: =IF(B753="","",IFERROR(INDEX(Client_List!$C:$C,MATCH(VALUE(B753),Client_List!$A:$A,0)),"")) | F753: =IF(B753="","",IFERROR(INDEX(Client_List!$D:$D,MATCH(VALUE(B753),Client_List!$A:$A,0)),"")) | G753: =IF(B753="","",IFERROR(INDEX(Client_List!$K:$K,MATCH(VALUE(B753),Client_List!$A:$A,0)),"")) | H753: =IF(B753="","",IFERROR(INDEX(Client_List!$J:$J,MATCH(VALUE(B753),Client_List!$A:$A,0)),"")) | I753: =IF(B753="","",IFERROR(A753-LOOKUP(2,1/($B$4:$B752=B753),$A$4:$A752),"")) | J753: =IF(B753="","",IFERROR(D753/I753,"")) | K753: =IF(B753="","",IFERROR(AVERAGEIFS($J$4:$J753,$B$4:$B753,B753,$J$4:$J753,">"&0),""))
... A936: 46100 | B936: 3064 | C936: =IF(B936="","",IFERROR(INDEX(Client_List!$B:$B,MATCH(B936,Client_List!$A:$A,0)),"⚠ NOT FOUND")) | D936: 625 | E936: =IF(B936="","",IFERROR(INDEX(Client_List!$C:$C,MATCH(VALUE(B936),Client_List!$A:$A,0)),"")) | F936: =IF(B936="","",IFERROR(INDEX(Client_List!$D:$D,MATCH(VALUE(B936),Client_List!$A:$A,0)),"")) | G936: =IF(B936="","",IFERROR(INDEX(Client_List!$K:$K,MATCH(VALUE(B936),Client_List!$A:$A,0)),"")) | H936: =IF(B936="","",IFERROR(INDEX(Client_List!$J:$J,MATCH(VALUE(B936),Client_List!$A:$A,0)),"")) | I936: =IF(B936="","",IFERROR(A936-LOOKUP(2,1/($B$4:$B935=B936),$A$4:$A935),"")) | J936: =IF(B936="","",IFERROR(D936/I936,"")) | K936: =IF(B936="","",IFERROR(AVERAGEIFS($J$4:$J936,$B$4:$B936,B936,$J$4:$J936,">"&0),""))
A937: 46100 | B937: 4015A | C937: =IF(B937="","",IFERROR(INDEX(Client_List!$B:$B,MATCH(B937,Client_List!$A:$A,0)),"⚠ NOT FOUND")) | D937: 501 | E937: =IF(B937="","",IFERROR(INDEX(Client_List!$C:$C,MATCH(VALUE(B937),Client_List!$A:$A,0)),"")) | F937: =IF(B937="","",IFERROR(INDEX(Client_List!$D:$D,MATCH(VALUE(B937),Client_List!$A:$A,0)),"")) | G937: =IF(B937="","",IFERROR(INDEX(Client_List!$K:$K,MATCH(VALUE(B937),Client_List!$A:$A,0)),"")) | H937: =IF(B937="","",IFERROR(INDEX(Client_List!$J:$J,MATCH(VALUE(B937),Client_List!$A:$A,0)),"")) | I937: =IF(B937="","",IFERROR(A937-LOOKUP(2,1/($B$4:$B936=B937),$A$4:$A936),"")) | J937: =IF(B937="","",IFERROR(D937/I937,"")) | K937: =IF(B937="","",IFERROR(AVERAGEIFS($J$4:$J937,$B$4:$B937,B937,$J$4:$J937,">"&0),""))
A938: 46100 | B938: 13015 | C938: =IF(B938="","",IFERROR(INDEX(Client_List!$B:$B,MATCH(B938,Client_List!$A:$A,0)),"⚠ NOT FOUND")) | D938: 664 | E938: =IF(B938="","",IFERROR(INDEX(Client_List!$C:$C,MATCH(VALUE(B938),Client_List!$A:$A,0)),"")) | F938: =IF(B938="","",IFERROR(INDEX(Client_List!$D:$D,MATCH(VALUE(B938),Client_List!$A:$A,0)),"")) | G938: =IF(B938="","",IFERROR(INDEX(Client_List!$K:$K,MATCH(VALUE(B938),Client_List!$A:$A,0)),"")) | H938: =IF(B938="","",IFERROR(INDEX(Client_List!$J:$J,MATCH(VALUE(B938),Client_List!$A:$A,0)),"")) | I938: =IF(B938="","",IFERROR(A938-LOOKUP(2,1/($B$4:$B937=B938),$A$4:$A937),"")) | J938: =IF(B938="","",IFERROR(D938/I938,"")) | K938: =IF(B938="","",IFERROR(AVERAGEIFS($J$4:$J938,$B$4:$B938,B938,$J$4:$J938,">"&0),""))
A939: 46100 | B939: 15015 | C939: =IF(B939="","",IFERROR(INDEX(Client_List!$B:$B,MATCH(B939,Client_List!$A:$A,0)),"⚠ NOT FOUND")) | D939: 321 | E939: =IF(B939="","",IFERROR(INDEX(Client_List!$C:$C,MATCH(VALUE(B939),Client_List!$A:$A,0)),"")) | F939: =IF(B939="","",IFERROR(INDEX(Client_List!$D:$D,MATCH(VALUE(B939),Client_List!$A:$A,0)),"")) | G939: =IF(B939="","",IFERROR(INDEX(Client_List!$K:$K,MATCH(VALUE(B939),Client_List!$A:$A,0)),"")) | H939: =IF(B939="","",IFERROR(INDEX(Client_List!$J:$J,MATCH(VALUE(B939),Client_List!$A:$A,0)),"")) | I939: =IF(B939="","",IFERROR(A939-LOOKUP(2,1/($B$4:$B938=B939),$A$4:$A938),"")) | J939: =IF(B939="","",IFERROR(D939/I939,"")) | K939: =IF(B939="","",IFERROR(AVERAGEIFS($J$4:$J939,$B$4:$B939,B939,$J$4:$J939,">"&0),""))
A940: 46100 | B940: 15051 | C940: =IF(B940="","",IFERROR(INDEX(Client_List!$B:$B,MATCH(B940,Client_List!$A:$A,0)),"⚠ NOT FOUND")) | D940: 346 | E940: =IF(B940="","",IFERROR(INDEX(Client_List!$C:$C,MATCH(VALUE(B940),Client_List!$A:$A,0)),"")) | F940: =IF(B940="","",IFERROR(INDEX(Client_List!$D:$D,MATCH(VALUE(B940),Client_List!$A:$A,0)),"")) | G940: =IF(B940="","",IFERROR(INDEX(Client_List!$K:$K,MATCH(VALUE(B940),Client_List!$A:$A,0)),"")) | H940: =IF(B940="","",IFERROR(INDEX(Client_List!$J:$J,MATCH(VALUE(B940),Client_List!$A:$A,0)),"")) | I940: =IF(B940="","",IFERROR(A940-LOOKUP(2,1/($B$4:$B939=B940),$A$4:$A939),"")) | J940: =IF(B940="","",IFERROR(D940/I940,"")) | K940: =IF(B940="","",IFERROR(AVERAGEIFS($J$4:$J940,$B$4:$B940,B940,$J$4:$J940,">"&0),""))
A941: 46100 | B941: 18001 | C941: =IF(B941="","",IFERROR(INDEX(Client_List!$B:$B,MATCH(B941,Client_List!$A:$A,0)),"⚠ NOT FOUND")) | D941: 561 | E941: =IF(B941="","",IFERROR(INDEX(Client_List!$C:$C,MATCH(VALUE(B941),Client_List!$A:$A,0)),"")) | F941: =IF(B941="","",IFERROR(INDEX(Client_List!$D:$D,MATCH(VALUE(B941),Client_List!$A:$A,0)),"")) | G941: =IF(B941="","",IFERROR(INDEX(Client_List!$K:$K,MATCH(VALUE(B941),Client_List!$A:$A,0)),"")) | H941: =IF(B941="","",IFERROR(INDEX(Client_List!$J:$J,MATCH(VALUE(B941),Client_List!$A:$A,0)),"")) | I941: =IF(B941="","",IFERROR(A941-LOOKUP(2,1/($B$4:$B940=B941),$A$4:$A940),"")) | J941: =IF(B941="","",IFERROR(D941/I941,"")) | K941: =IF(B941="","",IFERROR(AVERAGEIFS($J$4:$J941,$B$4:$B941,B941,$J$4:$J941,">"&0),""))
A942: 46100 | B942: 18003 | C942: =IF(B942="","",IFERROR(INDEX(Client_List!$B:$B,MATCH(B942,Client_List!$A:$A,0)),"⚠ NOT FOUND")) | D942: 327 | E942: =IF(B942="","",IFERROR(INDEX(Client_List!$C:$C,MATCH(VALUE(B942),Client_List!$A:$A,0)),"")) | F942: =IF(B942="","",IFERROR(INDEX(Client_List!$D:$D,MATCH(VALUE(B942),Client_List!$A:$A,0)),"")) | G942: =IF(B942="","",IFERROR(INDEX(Client_List!$K:$K,MATCH(VALUE(B942),Client_List!$A:$A,0)),"")) | H942: =IF(B942="","",IFERROR(INDEX(Client_List!$J:$J,MATCH(VALUE(B942),Client_List!$A:$A,0)),"")) | I942: =IF(B942="","",IFERROR(A942-LOOKUP(2,1/($B$4:$B941=B942),$A$4:$A941),"")) | J942: =IF(B942="","",IFERROR(D942/I942,"")) | K942: =IF(B942="","",IFERROR(AVERAGEIFS($J$4:$J942,$B$4:$B942,B942,$J$4:$J942,">"&0),""))
A943: 46100 | B943: 19110 | C943: =IF(B943="","",IFERROR(INDEX(Client_List!$B:$B,MATCH(B943,Client_List!$A:$A,0)),"⚠ NOT FOUND")) | D943: 421 | E943: =IF(B943="","",IFERROR(INDEX(Client_List!$C:$C,MATCH(VALUE(B943),Client_List!$A:$A,0)),"")) | F943: =IF(B943="","",IFERROR(INDEX(Client_List!$D:$D,MATCH(VALUE(B943),Client_List!$A:$A,0)),"")) | G943: =IF(B943="","",IFERROR(INDEX(Client_List!$K:$K,MATCH(VALUE(B943),Client_List!$A:$A,0)),"")) | H943: =IF(B943="","",IFERROR(INDEX(Client_List!$J:$J,MATCH(VALUE(B943),Client_List!$A:$A,0)),"")) | I943: =IF(B943="","",IFERROR(A943-LOOKUP(2,1/($B$4:$B942=B943),$A$4:$A942),"")) | J943: =IF(B943="","",IFERROR(D943/I943,"")) | K943: =IF(B943="","",IFERROR(AVERAGEIFS($J$4:$J943,$B$4:$B943,B943,$J$4:$J943,">"&0),""))
A944: 46100 | B944: 19123 | C944: =IF(B944="","",IFERROR(INDEX(Client_List!$B:$B,MATCH(B944,Client_List!$A:$A,0)),"⚠ NOT FOUND")) | D944: 421 | E944: =IF(B944="","",IFERROR(INDEX(Client_List!$C:$C,MATCH(VALUE(B944),Client_List!$A:$A,0)),"")) | F944: =IF(B944="","",IFERROR(INDEX(Client_List!$D:$D,MATCH(VALUE(B944),Client_List!$A:$A,0)),"")) | G944: =IF(B944="","",IFERROR(INDEX(Client_List!$K:$K,MATCH(VALUE(B944),Client_List!$A:$A,0)),"")) | H944: =IF(B944="","",IFERROR(INDEX(Client_List!$J:$J,MATCH(VALUE(B944),Client_List!$A:$A,0)),"")) | I944: =IF(B944="","",IFERROR(A944-LOOKUP(2,1/($B$4:$B943=B944),$A$4:$A943),"")) | J944: =IF(B944="","",IFERROR(D944/I944,"")) | K944: =IF(B944="","",IFERROR(AVERAGEIFS($J$4:$J944,$B$4:$B944,B944,$J$4:$J944,">"&0),""))
A945: 46100 | B945: 20051 | C945: =IF(B945="","",IFERROR(INDEX(Client_List!$B:$B,MATCH(B945,Client_List!$A:$A,0)),"⚠ NOT FOUND")) | D945: 227 | E945: =IF(B945="","",IFERROR(INDEX(Client_List!$C:$C,MATCH(VALUE(B945),Client_List!$A:$A,0)),"")) | F945: =IF(B945="","",IFERROR(INDEX(Client_List!$D:$D,MATCH(VALUE(B945),Client_List!$A:$A,0)),"")) | G945: =IF(B945="","",IFERROR(INDEX(Client_List!$K:$K,MATCH(VALUE(B945),Client_List!$A:$A,0)),"")) | H945: =IF(B945="","",IFERROR(INDEX(Client_List!$J:$J,MATCH(VALUE(B945),Client_List!$A:$A,0)),"")) | I945: =IF(B945="","",IFERROR(A945-LOOKUP(2,1/($B$4:$B944=B945),$A$4:$A944),"")) | J945: =IF(B945="","",IFERROR(D945/I945,"")) | K945: =IF(B945="","",IFERROR(AVERAGEIFS($J$4:$J945,$B$4:$B945,B945,$J$4:$J945,">"&0),""))
A946: 46100 | B946: 21001 | C946: =IF(B946="","",IFERROR(INDEX(Client_List!$B:$B,MATCH(B946,Client_List!$A:$A,0)),"⚠ NOT FOUND")) | D946: 1196 | E946: =IF(B946="","",IFERROR(INDEX(Client_List!$C:$C,MATCH(VALUE(B946),Client_List!$A:$A,0)),"")) | F946: =IF(B946="","",IFERROR(INDEX(Client_List!$D:$D,MATCH(VALUE(B946),Client_List!$A:$A,0)),"")) | G946: =IF(B946="","",IFERROR(INDEX(Client_List!$K:$K,MATCH(VALUE(B946),Client_List!$A:$A,0)),"")) | H946: =IF(B946="","",IFERROR(INDEX(Client_List!$J:$J,MATCH(VALUE(B946),Client_List!$A:$A,0)),"")) | I946: =IF(B946="","",IFERROR(A946-LOOKUP(2,1/($B$4:$B945=B946),$A$4:$A945),"")) | J946: =IF(B946="","",IFERROR(D946/I946,"")) | K946: =IF(B946="","",IFERROR(AVERAGEIFS($J$4:$J946,$B$4:$B946,B946,$J$4:$J946,">"&0),""))
A947: 46101 | B947: 1000 | C947: =IF(B947="","",IFERROR(INDEX(Client_List!$B:$B,MATCH(B947,Client_List!$A:$A,0)),"⚠ NOT FOUND")) | D947: 712 | E947: =IF(B947="","",IFERROR(INDEX(Client_List!$C:$C,MATCH(VALUE(B947),Client_List!$A:$A,0)),"")) | F947: =IF(B947="","",IFERROR(INDEX(Client_List!$D:$D,MATCH(VALUE(B947),Client_List!$A:$A,0)),"")) | G947: =IF(B947="","",IFERROR(INDEX(Client_List!$K:$K,MATCH(VALUE(B947),Client_List!$A:$A,0)),"")) | H947: =IF(B947="","",IFERROR(INDEX(Client_List!$J:$J,MATCH(VALUE(B947),Client_List!$A:$A,0)),"")) | I947: =IF(B947="","",IFERROR(A947-LOOKUP(2,1/($B$4:$B946=B947),$A$4:$A946),"")) | J947: =IF(B947="","",IFERROR(D947/I947,"")) | K947: =IF(B947="","",IFERROR(AVERAGEIFS($J$4:$J947,$B$4:$B947,B947,$J$4:$J947,">"&0),""))
A948: 46101 | B948: 1018 | C948: =IF(B948="","",IFERROR(INDEX(Client_List!$B:$B,MATCH(B948,Client_List!$A:$A,0)),"⚠ NOT FOUND")) | D948: 787 | E948: =IF(B948="","",IFERROR(INDEX(Client_List!$C:$C,MATCH(VALUE(B948),Client_List!$A:$A,0)),"")) | F948: =IF(B948="","",IFERROR(INDEX(Client_List!$D:$D,MATCH(VALUE(B948),Client_List!$A:$A,0)),"")) | G948: =IF(B948="","",IFERROR(INDEX(Client_List!$K:$K,MATCH(VALUE(B948),Client_List!$A:$A,0)),"")) | H948: =IF(B948="","",IFERROR(INDEX(Client_List!$J:$J,MATCH(VALUE(B948),Client_List!$A:$A,0)),"")) | I948: =IF(B948="","",IFERROR(A948-LOOKUP(2,1/($B$4:$B947=B948),$A$4:$A947),"")) | J948: =IF(B948="","",IFERROR(D948/I948,"")) | K948: =IF(B948="","",IFERROR(AVERAGEIFS($J$4:$J948,$B$4:$B948,B948,$J$4:$J948,">"&0),""))
...

Sheet Client_List
A1: S&K CLIENT LIST — Edit Address, Lat, Lon, Tank Size and Product here
A2: YELLOW columns = edit freely. Changes here flow automatically into Optimizer_Input via VLOOKUP. Customer name in col B must match Delivery_Log exactly.
A3: ID | B3: Customer Name | C3: Zone | D3: Zone Code | E3: Street Address | F3: City | G3: State | H3: Latitude | I3: Longitude | J3: Tank Size (lbs) | K3: Product
A4: 1 | B4: 51ST - 0001 - 51ST AVE CAFE | C4: 2 | D4: 2D | E4: 5511 N 51St Ave | F4: Glendale | G4: AZ | H4: 33.517199 | I4: -112.16811 | J4: 350 | K4: FRYERS CHOICE BLEND | N4: 254-237-3350
A5: 1018 | B5: AJO - 1018 - AJO ALS BELL | C5: 2 | D5: 2C | E5: 7458 W Bell Rd | F5: Glendale | G5: AZ | H5: 33.639017 | I5: -112.21978 | J5: 950 | K5: CANOLA OIL | N5: 623-334-9899
A6: 1063 | B6: ALL - 1063 - ALL AMERICAN MODERN SPORTS GRILL | C6: 4 | D6: 4C | E6: 20751 N PIMA RD #105 | F6: Scottsdale | G6: AZ | H6: 33.674519 | I6: -111.88803 | J6: 900 | K6: CANOLA OIL | N6: (480) 887-0652
A7: 1073 | B7: AME - 1073 - AMELIO C ENTERPRISES, INC (CACTUS CANDY) | C7: 4 | D7: 4C | E7: 2656 N 37TH DR | F7: PHOENIX | G7: AZ | H7: 33.478277 | I7: -112.14051 | J7: 2000 | K7: CANOLA OIL | N7: (602) 956-4833
A8: 1054 | B8: ANG - 1054 - ANGRY CRAB SURPRISE | C8: 1 | D8: 1C | E8: 11340 W BELL RD SUITE 118 | F8: SURPRISE | G8: AZ | H8: 33.639939 | I8: -112.30419 | J8: 620 | K8: FRYERS CHOICE BLEND | N8: (623) 248-9190
A9: 1000 | B9: ARR79 - 1000 - ARRIBAS 79TH AVE. | C9: 2 | D9: 2C | E9: 17211 N 79Th Ave | F9: Glendale | G9: AZ | H9: 33.640214 | I9: -112.22941 | J9: 950 | K9: CANOLA OIL | N9: 623-878-5777
A10: 1001 | B10: ARRC - 1001 - ARRIBAS CAMELBACK | C10: 3 | D10: 3D | E10: 1812 E Camelback Rd | F10: Phoenix | G10: AZ | H10: 33.50958 | I10: -112.04259 | J10: 700 | K10: CANOLA OIL | N10: 480-948-9969
A11: 1011 | B11: ARRC - 1011 - ARRIBAS CHANDLER | C11: 4 | D11: 4F | E11: 4649 E Chandler Blvd | F11: Phoenix | G11: AZ | H11: 33.304826 | I11: -111.98161 | J11: 1000 | K11: CANOLA OIL | N11: 623-878-5777
A12: 1014 | B12: ARRC - 1014 - ARRIBA GILBERT | C12: 5 | D12: 5F | E12: 2855 S Market St, Gilbert, AZ 85295 | F12: Gilbert | G12: AZ | H12: 33.29809 | I12: -111.74427 | J12: 900 | K12: CANOLA OIL | N12: 480-899-7337
A13: 1013 | B13: ARRM - 1013 - ARRIBAS GOODYEAR | C13: 1 | D13: 1D | E13: 15370 W McDowell Rd | F13: Goodyear | G13: AZ | H13: 33.46499 | I13: -112.3899 | J13: 900 | K13: CANOLA OIL | N13: 623-223-1735
A14: 1081 | B14: ATL - 1081 - ATL WINGS ROOSEVELT | C14: 3 | D14: 3D | E14: 330 E ROOSEVELT RD | F14: PHOENIX | G14: AZ | H14: 33.458941 | I14: -112.06855 | J14: 350 | K14: CANOLA OIL | N14: (602) 741-9554
A15: 1083 | B15: ATL - 1083 - ATL WINGS MESA | C15: 5 | D15: 5D | E15: 6837 E MAIN ST | F15: Mesa | G15: AZ | H15: 33.415147 | I15: -111.68318 | J15: 425 | K15: CANOLA OIL | N15: (480) 722-9464
... A26: 4038 | B26: BUR - 4038 - BURGERS & BREWS GLENDALE | C26: 2 | D26: 2C | E26: 6670 W CACTUS RD | F26: GLENDALE | G26: AZ | H26: 33.597456 | I26: -112.20202 | J26: 1050 | K26: CANOLA OIL | N26: (623) 776-2266
A27: 3063 | B27: CAR - 3063 - CARDINAL STADIUM | C27: 2 | D27: 2D | E27: 1 CARDINAL DR | F27: GLENDALE | G27: ARIZONA | H27: 33.526233 | I27: -112.26611 | J27: 2500 | K27: CANOLA OIL
A28: 3069 | B28: CAS - 3069 - CASA DE FALAFEL | C28: 2 | D28: 2C | E28: 4920 W Thunderbird Rd | F28: Glendale | G28: AZ | H28: 33.611633 | I28: -112.16541 | J28: 1000 | K28: CANOLA OIL | N28: (480) 689-0514
A29: 3021 | B29: CRA - 3021 - JC FOOD TRADING/GLEN | C29: 2 | D29: 2C | E29: CRAZY MIKES CHICKEN | F29: Glendale | G29: AZ | H29: 33.639787 | I29: -112.17386 | J29: 450 | K29: CANOLA OIL | N29: 623-463-6881
A30: 3046 | B30: CRA - 3046 - JC FOOD TRADING /GOODYEAR | C30: 2 | D30: 2C | E30: CRAZY MIKE'S GOODYEAR | F30: Goodyear | G30: AZ | H30: 33.483996 | I30: -112.36512 | J30: 1000 | K30: CANOLA OIL | N30: 213-700-4092
A31: 3065 | B31: CRA - 3065 - CRAFTED CUISINE | C31: 4 | D31: 4D | E31: 6736 E Avalon Dr | F31: Scottsdale | G31: AZ | H31: 33.483076 | I31: -111.93581 | J31: 350 | K31: CANOLA OIL | N31: (210) 529-1900
A32: 3064 | B32: CRO - 3064 - CROWNE PLAZA RESORT | C32: 4 | D32: 4F | E32: One N San Marcos Pl | F32: Chandler | G32: Arizona | H32: 33.320637 | I32: -111.84377 | J32: 700 | K32: CANOLA OIL | N32: (480) 812-0900
A33: 4015A | B33: DAI - 4015A - DAIRY QUEEN BELL | C33: 3 | D33: 3C | E33: 3550 E BELL ROAD | F33: PHOENIX | G33: AZ | H33: 33.641001 | I33: -112.00519 | J33: 500 | K33: CANOLA OIL | N33: 602-788-0261 (JACIE M
A34: 4026 | B34: DAR - 4026 - DARUMA BY RIE | C34: 4 | D34: 4E | E34: 1116 E DOBSON RD | F34: MESA | G34: AZ | H34: 33.39476 | I34: -111.87536 | J34: 350 | K34: CANOLA OIL | N34: (480) 590-7979
A35: 4037 | B35: DAR - 4037 - DARUMA RAMEN AND BOWL | C35: 4 | D35: 4E | E35: 2650 E UNIVERSITY DR | F35: MESA | G35: AZ | H35: 33.423457 | I35: -111.7736 | J35: 350 | K35: CANOLA OIL | N35: (562) 760-8262
A36: 4009 | B36: DIL - 4009 - DILLONS BBQ | C36: 1 | D36: 1D | E36: 16335 W Northern Ave | F36: Litchfield Pk | G36: AZ | H36: 33.549985 | I36: -112.41071 | J36: 1050 | K36: FRYERS CHOICE BLEND | N36: 623-535-4249
A37: C173 | B37: PIN - 16058 - PINYON RESTAURANT | C37: 4 | D37: 4D | E37: 7363 E Scottsdale Mall | F37: Scottsdale | G37: AZ | H37: 33.4925 | I37: -111.92301 | J37: 950 | K37: FRYERS CHOICE
A38: 4014 | B38: DIL- 4014 - DILLONS BAYOU | C38: 2 | D38: 2A | E38: 40202 N 87Th Ave | F38: Peoria | G38: AZ | H38: 33.852793 | I38: -112.24698 | J38: 450 | K38: FRYERS CHOICE BLEND | N38: 623-498-5427
A39: 4010 | B39: DIL59 - 4010 - DILLONS 59TH AVE | C39: 2 | D39: 2A | E39: 20585 N 59Th Ave | F39: Glendale | G39: AZ | H39: 33.67218 | I39: -112.18631 | J39: 500 | K39: FRYERS CHOICE BLEND | N39: 623-979-5353
A40: 4027 | B40: DIR - 4027 - DIRTWATER | C40: 5 | D40: 5E | E40: 586 W APACHE | F40: APACHE JUNCTION | G40: AZ | H40: 33.415492 | I40: -111.55237 | J40: 900 | K40: FRYERS CHOICE BLEND | N40: 480-983-3478
A41: 4029 | B41: DUR - 4029 - DURVILL FOODS | C41: 4 | D41: 4E | E41: DURVILL FOODS | F41: Phoenix | G41: AZ | H41: 33.406637 | I41: -112.01103 | J41: 2500 | K41: CANOLA OIL
A42: 5006 | B42: ECH - 5006 - ECHO 5 SPORTS BAR | C42: 5 | D42: 5D | E42: ECHO 5 SPORTS BAR | F42: Mesa | G42: AZ | H42: 33.468258 | I42: -111.68292 | J42: 450 | K42: FRYERS CHOICE BLEND | N42: 602-391-7707
A43: 5004 | B43: ELT - 5004 - EL TACO TOTE | C43: 3 | D43: 3D | E43: 3464 W Camelback Rd | F43: Phoenix | G43: AZ | H43: 33.509715 | I43: -112.13384 | J43: 500 | K43: CANOLA OIL | N43: 602-866-8683
A44: 5018 | B44: ENR - 5018 - ENROUTE COFFEE AND TEA | C44: 1 | D44: 1D | E44: 15605 W ROOSEVELT ST | F44: GOODYEAR | G44: AZ | H44: 33.456415 | I44: -112.39449 | J44: 350 | K44: CANOLA OIL | N44: (253) 359-7081
A45: 6101 | B45: FAT - 6101 - FATE BREWERY | C45: 4 | D45: 4D | E45: 1312 N SCOTTSDALE RD | F45: SCOTTSDALE | G45: AZ | H45: 33.462701 | I45: -111.92684 | J45: 700 | K45: CANOLA OIL | N45: 480-656-9100
A46: 6109 | B46: FAT - 6109 - FATE BREWING TEMPE | C46: 4 | D46: 4E | E46: 201 E SOUTHERN AVE | F46: TEMPE | G46: AZ | H46: 33.392382 | I46: -111.93649 | J46: 700 | K46: CANOLA OIL
A47: 6077 | B47: FOU - 6077 - FOUR PEAKS BREWING | C47: 4 | D47: 4E | E47: 1340 E 8Th St | F47: Tempe | G47: AZ | H47: 33.41968 | I47: -111.91592 | J47: 2500 | K47: FRYERS CHOICE BLEND | N47: 480-303-9967
A48: 12047 | B48: FUN - 12047 - FUNKY FRIDAS | C48: 3 | D48: 3C | E48: 4910 E Indian School Rd | F48: Phoenix | G48: AZ | H48: 33.494903 | I48: -111.97541 | J48: 630 | K48: CANOLA OIL | N48: (602) 955-0358
A49: 7001 | B49: GAR - 7001 - GARCIAS MEXICAN RESTAURANT | C49: 3 | D49: 3D | E49: 2212 N 35Th Ave | F49: Phoenix | G49: AZ | H49: 33.471653 | I49: -112.13482 | J49: 1850 | K49: CANOLA OIL | N49: 602-272-5584
A50: 7002 | B50: GIL - 7002 - GILBERT PIZZA | C50: 5 | D50: 5F | E50: GILBERT PIZZA | F50: Gilbert | G50: AZ | H50: 33.328977 | I50: -111.79051 | J50: 480 | K50: FRYERS CHOICE BLEND | N50: 999-999-9999
A51: 7053 | B51: GLE - 7053 - GLENROSA | C51: 4 | D51: 4E | E51: 1415 N Mill Ave | F51: Tempe | G51: AZ | H51: 33.444866 | I51: -111.94796 | J51: 350 | K51: CANOLA OIL | N51: (480) 530-9880
A52: 7052 | B52: GOL - 7052 - GOLD CANYON RESORT & SPA | C52: 5 | D52: 5E | E52: 6100 S Kings Ranch Road | F52: Gold Canyon | G52: AZ | H52: 33.361952 | I52: -111.4451 | J52: 350 | K52: CANOLA OIL | N52: (480) 671-5533
A53: 8031 | B53: HAR - 8031 - HAROLDS | C53: 4 | D53: 4A | E53: 6895 E Cave Creek Rd | F53: Cave Creek | G53: AZ | H53: 33.830151 | I53: -111.93294 | J53: 1050 | K53: FRYERS CHOICE BLEND
A54: 8034 | B54: HOR - 8034 - HORNY TOAD | C54: 4 | D54: 4A | E54: 6738 E Cave Creek Rd | F54: Cave Creek | G54: AZ | H54: 33.833297 | I54: -111.9353 | J54: 900 | K54: FRYERS CHOICE BLEND | N54: (480) 488-9542
A55: 8005 | B55: HUN - 8005 - HUNGRY MONK | C55: 4 | D55: 4F | E55: 1760 W Chandler Blvd | F55: Chandler | G55: AZ | H55: 33.306642 | I55: -111.87282 | J55: 950 | K55: CANOLA OIL | N55: 480-963-8000 - Jimmy
A56: 10001 | B56: JALS - 10001 - JALAPENOS INFERNO SCOTTS | C56: 4 | D56: 4B | E56: JALAPENO'S INFERNO BISTRO | F56: Scottsdale | G56: AZ | H56: 33.700678 | I56: -111.92342 | J56: 950 | K56: FRYERS CHOICE BLEND | N56: 480-585-6442
A57: 10011 | B57: JIC - 10011 - JICKY JACKS | C57: 4 | D57: 4B | E57: 9611 W CAMELBACK, STE 101 | F57: PHOENIX | G57: AZ | H57: 33.507594 | I57: -112.26631 | J57: 620 | K57: FRYERS CHOICE BLEND
A58: 11005 | B58: KAR - 11005 - KARMA SUSHI | C58: 4 | D58: 4B | E58: 6 E Route 66 | F58: Flagstaff | G58: AZ | H58: 35.19768 | I58: -111.64881 | J58: 950 | K58: CANOLA OIL | N58: 928-774-6100
A59: 11014 | B59: KAR - 11014 - KARIBU RESTAURANT | C59: 4 | D59: 4B | E59: 4935 W Glendale | F59: Glendale | G59: AZ | H59: 33.537963 | I59: -112.16595 | J59: 350 | K59: CANOLA OIL
A60: 11013 | B60: KOD - 11013 - K O'DONNELS SPORTS BAR & GRILL | C60: 4 | D60: 4B | E60: 14850 N Northsight Blvd | F60: Scottsdale | G60: AZ | H60: 33.620237 | I60: -111.89816 | J60: 1050 | K60: CANOLA OIL | N60: (480) 241-1533
A61: 11016 | B61: KRI - 11016 - KRISPY KRUNCHY CHICKEN | C61: 4 | D61: 4C | E61: 3501 WEST PEORIA AVE | F61: PHOENIX | G61: AZ | H61: 33.581676 | I61: -112.13455 | J61: 350 | K61: CANOLA OIL | N61: (602) 621-7062
A62: 12053 | B62: LA - 12053 - LA FIESTA CARNICERIA | C62: 4 | D62: 4C | E62: 7707 W MC 85 | F62: Buckeye | G62: Arizona | H62: 33.376237 | I62: -112.57168 | J62: 1050 | K62: FRYERS CHOICE BLEND | N62: (623) 474-0088
A63: 2010 | B63: LIB - 2010 - LIBERTY TAVERN | C63: 3 | D63: 3E | E63: LIBERTY TAVERN | F63: Phoenix | G63: AZ | H63: 33.583028 | I63: -112.05167 | J63: 500 | K63: CANOLA OIL
A64: 12055 | B64: LIT - 12055 - LITTLE O'S CENTRAL | C64: 3 | D64: 3E | E64: 8525 N CENTRAL AVE | F64: PHOENIX | G64: ARIZONA | H64: 33.56126 | I64: -112.07367 | J64: 1050 | K64: CANOLA OIL | N64: DARRELL (602) 803-1875
A65: 12048 | B65: LIV - 12048 - LIVING ROOM SCOTTSDALE | C65: 4 | D65: 4B | E65: 20751 N Pima Rd | F65: Scottsdale | G65: AZ | H65: 33.67552 | I65: -111.88833 | J65: 1050 | K65: CANOLA OIL | N65: (480) 404-7465
A66: 12025 | B66: LOC - 12025 - LOCO PATRON | C66: 4 | D66: 4B | E66: 14950 N NORTHSIGHT BLVD | F66: SCOTTSDALE | G66: AZ | H66: 33.621628 | I66: -111.89778 | J66: 620 | K66: FRYERS CHOICE BLEND | N66: 480-699-7271
A67: 12050 | B67: LON - 12050 - LONG WONG 35TH | C67: 3 | D67: 3E | E67: 6260 S 35TH AVE | F67: PHOENIX | G67: AZ | H67: 33.38939 | I67: -112.13427 | J67: 1050 | K67: CANOLA OIL | N67: (602) 268-3350
A68: 12051 | B68: LON - 12051 - LONG WONG LOWER BUCKEYE | C68: 2 | D68: 2E | E68: 7625 W LOWER BUCKEYE RD | F68: PHOENIX | G68: AZ | H68: 33.420729 | I68: -112.22423 | J68: 1050 | K68: CANOLA OIL | N68: (623) 248-4165
A69: 12009 | B69: LON75 - 12009 - LONG WONG 75/THOMAS | C69: 2 | D69: 2D | E69: 7415 W Thomas Rd | F69: Phoenix | G69: AZ | H69: 33.479681 | I69: -112.21933 | J69: 700 | K69: CANOLA OIL | N69: 623-247-5310
A70: 13057 | B70: MAN - 13057 - MANUEL CHANDLER | C70: 4 | D70: 4F | E70: 4210 S Arizona Ave | F70: Chandler | G70: AZ | H70: 33.245573 | I70: -111.8426 | J70: 950 | K70: CANOLA OIL
A71: 13069 | B71: MAN - 13069 - MANUEL SHEA | C71: 3 | D71: 3C | E71: 3131 E Shea Blvd | F71: Phoenix | G71: AZ | H71: 33.582157 | I71: -112.01404 | J71: 900 | K71: CANOLA OIL
A72: 13012 | B72: MAN1 - 13012 - MANUEL MCDOWELL | C72: 1 | D72: 1D | E72: MANUEL MCDOWELL | F72: Goodyear | G72: AZ | H72: 33.463092 | I72: -112.34566 | J72: 950 | K72: CANOLA OIL | N72: 623-435-3793
A73: 13011 | B73: MAN3 - 13011 - MANUEL INDIAN SCHOOL | C73: 3 | D73: 3D | E73: 2820 E Indian School Rd | F73: Phoenix | G73: AZ | H73: 33.495319 | I73: -112.02076 | J73: 1000 | K73: CANOLA OIL | N73: 602-957-7540
A74: 13009 | B74: MAN6 - 13009 - MANUEL BELL | C74: 3 | D74: 3C | E74: MANUEL BELL | F74: PHOENIX | G74: AZ | H74: 33.639774 | I74: -112.08774 | J74: 1050 | K74: CANOLA OIL | N74: 602-993-8778
A75: 13015 | B75: MAN7 - 13015 - MANUEL SOUTHERN | C75: 4 | D75: 4E | E75: 2350 E Southern Ave | F75: Tempe | G75: AZ | H75: 33.393508 | I75: -111.88826 | J75: 950 | K75: CANOLA OIL | N75: 480-345-1961 Ext. 1
A76: 13014 | B76: MAN9 - 13014 - MANUEL SCOTTSDALE | C76: 4 | D76: 4C | E76: 8809 E Mountain View Rd | F76: Scottsdale | G76: AZ | H76: 33.575034 | I76: -111.88825 | J76: 900 | K76: CANOLA OIL | N76: 480-661-1587
A77: 13013 | B77: MANP - 13013 - MANUEL PEORIA | C77: 2 | D77: 2C | E77: MANUEL PEORIA | F77: GLENDALE | G77: AZ | H77: 33.5823 | I77: -112.18071 | J77: 1050 | K77: CANOLA OIL | N77: 623-979-3500
A78: 13086 | B78: MAS - 13086 - MASON'S FAMOUS LOBSTER ROLLS | C78: 4 | D78: 4C | E78: 15257 N Scottsdale Rd | F78: Scottsdale | G78: AZ | H78: 33.624666 | I78: -111.92412 | J78: 350 | K78: CANOLA OIL | N78: (646) 431-1315
A79: 13061 | B79: MTV - 13061 - MOUNTAIN VIEW PUB | C79: 4 | D79: 4A | E79: 7033 E Cave Creek Rd | F79: Cave Creek | G79: AZ | H79: 33.829157 | I79: -111.92917 | J79: 620 | K79: FRYERS CHOICE BLEND | N79: (480) 575-7782
A80: 2021 | B80: MVP - 2021 - MVP SPORTS BAR & GRILL | C80: 4 | D80: 4F | E80: 980 E PECOS RD SUITE 5 | F80: CHANDLER | G80: AZ | H80: 33.293138 | I80: -111.82496 | J80: 620 | K80: FRYERS CHOICE BLEND
A81: 14009 | B81: NEW - 14009 - NEW PENNY CAFE | C81: 1 | D81: 1E | E81: 735 N 114TH AVE | F81: AVONDALE | G81: AZ | H81: 33.453456 | I81: -112.30495 | J81: 1050 | K81: CANOLA OIL | N81: (623) 258-2546
A82: 14008 | B82: NOU - 14008 - NOURISH KITCHEN | C82: 4 | D82: 4E | E82: 140 S. LINDON LN | F82: TEMPE | G82: AZ | H82: 33.428746 | I82: -111.96506 | J82: 2000 | K82: CANOLA OIL | N82: (480) 912-5143
A83: 15000 | B83: OHS - 15000 - OHSO INDIAN SCHOOL | C83: 4 | D83: 4D | E83: 4900 E Indian School Rd | F83: Phoenix | G83: AZ | H83: 33.495008 | I83: -111.97586 | J83: 1050 | K83: CANOLA OIL | N83: 602-955-0358
A84: 15035 | B84: OHS - 15035 - OHSO GILBERT | C84: 5 | D84: 5E | E84: OHSO GILBERT | F84: Gilbert | G84: AZ | H84: 33.356211 | I84: -111.78939 | J84: 1800 | K84: CANOLA OIL | N84: (602) 738-9894
A85: 15001 | B85: OHSH - 15001 - OHSO SCOTTSDALE | C85: 4 | D85: 4C | E85: 15681 N Hayden Rd Ste 112 | F85: Scottsdale | G85: AZ | H85: 33.627866 | I85: -111.89344 | J85: 1050 | K85: CANOLA OIL | N85: 480-948-3159
A86: 15007 | B86: OHST - 15007 - OHSO TATUM | C86: 4 | D86: 4C | E86: 10810 N Tatum Blvd Ste 126 | F86: Phoenix | G86: AZ | H86: 33.584163 | I86: -111.97955 | J86: 1050 | K86: CANOLA OIL
A87: 15041 | B87: ORE - 15041 - OREGANO PIMA | C87: 4 | D87: 4C | E87: OREGANO | F87: SCOTTSDALE | G87: AZ | H87: 33.627168 | I87: -111.89154 | J87: 630 | K87: CANOLA OIL | N87: 999-999-9999
A88: 15003 | B88: OREB - 15003 - OREGANO BELL | C88: 2 | D88: 2C | E88: 6738 W Bell Rd | F88: Glendale | G88: AZ | H88: 33.638779 | I88: -112.2042 | J88: 1050 | K88: CANOLA OIL | N88: 623-223-1150
A89: 15016 | B89: OREB - 15016 - OREGANO SURPRISE | C89: 1 | D89: 1C | E89: 16914 W Bell Rd | F89: Surprise | G89: AZ | H89: 33.639403 | I89: -112.42307 | J89: 630 | K89: CANOLA OIL | N89: 999-999-9999
A90: 15020 | B90: OREC - 15020 - OREGANO CAMELBACK | C90: 3 | D90: 3D | E90: 1008 E Camelback Rd | F90: Phoenix | G90: AZ | H90: 33.509489 | I90: -112.06025 | J90: 450 | K90: CANOLA OIL | N90: 602-241-0707
A91: 15026 | B91: OREC - 15026 - OREGANO PARADISE VALLEY | C91: 4 | D91: 4C | E91: 4602 E Cactus Rd | F91: Phoenix | G91: AZ | H91: 33.59967 | I91: -111.98231 | J91: 630 | K91: CANOLA OIL | N91: 602-482-0054
A92: 15002 | B92: ORECC - 15002 - OREGANO CAVE CREEK | C92: 4 | D92: 4A | E92: 37645 N Cave Creek Rd | F92: Cave Creek | G92: AZ | H92: 33.827916 | I92: -111.95469 | J92: 480 | K92: CANOLA OIL | N92: 480-889-0386
A93: 15025 | B93: OREE - 15025 - OREGANO ELLIOT | C93: 4 | D93: 4E | E93: 1475 W Elliot Rd | F93: Tempe | G93: AZ | H93: 33.348653 | I93: -111.96262 | J93: 630 | K93: CANOLA OIL | N93: 480-966-0401
A94: 15024 | B94: OREG - 15024 - OREGANO GILBERT | C94: 5 | D94: 5E | E94: 328 N Gilbert Rd | F94: Gilbert | G94: AZ | H94: 33.355856 | I94: -111.78996 | J94: 450 | K94: CANOLA OIL | N94: 480-882-9336
A95: 15027 | B95: OREG - 15027 - OREGANO CHANDLER | C95: 4 | D95: 4F | E95: 1960 W Germann Rd Ste 5 Bldg G | F95: Chandler | G95: AZ | H95: 33.277746 | I95: -111.87567 | J95: 660 | K95: CANOLA OIL | N95: 480-265-4580
A97: 15005 | B97: OREM - 15005 - OREGANO GOODYEAR | C97: 1 | D97: 1D | E97: 15280 W Mcdowell Rd | F97: Goodyear | G97: AZ | H97: 33.46494 | I97: -112.38793 | J97: 660 | K97: CANOLA OIL | N97: 623-760-9588
A98: 15009 | B98: OREM - 15009 - OREGANO QUEEN CREEK | C98: 5 | D98: 5F | E98: 20677 E Maya Rd | F98: Queen Creek | G98: AZ | H98: 33.253678 | I98: -111.63724 | J98: 500 | K98: CANOLA OIL | N98: 480-355-0750
A99: 15023 | B99: OREM - 15023 - OREGANO MESA | C99: 4 | D99: 4E | E99: OREGANO MESA | F99: Mesa | G99: AZ | H99: 33.39394 | I99: -111.87508 | J99: 630 | K99: CANOLA OIL | N99: 480-962-0036
... A110: 16005 | B110: PETVB - 16005 - PETES FISH 26TH | C110: 3 | D110: 3E | E110: PETE'S 26TH | F110: Phoenix | G110: AZ | H110: 33.451375 | I110: -112.11654 | J110: 950 | K110: FRYERS CHOICE BLEND | N110: 602-278-3351
A111: 16019 | B111: PIRA - 16019 - PIRATES ARIZONA AVE | C111: 4 | D111: 4F | E111: 200 S Arizona Ave | F111: Chandler | G111: AZ | H111: 33.30045 | I111: -111.84174 | J111: 950 | K111: FRYERS CHOICE BLEND
A112: 16018 | B112: PIRL - 16018 - PIRATES MESA | C112: 5 | D112: 5E | E112: PIRATES MESA | F112: Mesa | G112: AZ | H112: 33.423738 | I112: -111.77055 | J112: 950 | K112: FRYERS CHOICE BLEND | N112: 480-834-1288
A113: 16015 | B113: POP59 - 16015 - POPO BELL | C113: 2 | D113: 2C | E113: 17037 N 59Th Ave | F113: Glendale | G113: AZ | H113: 33.639794 | I113: -112.18603 | J113: 1950 | K113: CANOLA OIL | N113: 602-354-7738
A114: 16014 | B114: POPIS - 16014 - POPO INDIAN SCHOOL | C114: 2 | D114: 2D | E114: 6542 W Indian School Rd | F114: Phoenix | G114: AZ | H114: 33.495277 | I114: -112.20212 | J114: 1950 | K114: FRYERS CHOICE BLEND | N114: 623-846-2636
A115: 18042 | B115: RAN - 18042 - RANCHO BAR 7 | C115: 1 | D115: 1A | E115: 111 E Wickenburg Way | F115: Wickenburg | G115: AZ | H115: 33.968951 | I115: -112.72948 | J115: 1950 | K115: CANOLA OIL | N115: (928) 684-2492
A116: 18004 | B116: RED - 18004 - RED WHITE BREW | C116: 5 | D116: 5D | E116: 6740 E MCDOWELL RD | F116: Mesa | G116: AZ | H116: 33.466821 | I116: -111.68501 | J116: 660 | K116: CANOLA OIL | N116: 480-807-9393
A117: 18031 | B117: RED - 18031 - RED DEVIL SOUTHERN | C117: 3 | D117: 3D | E117: 208 W SOUTHERN AVE | F117: TEMPE | G117: AZ | H117: 33.39349 | I117: -111.94233 | J117: 660 | K117: FRYERS CHOICE BLEND
A118: 18051 | B118: RED - 18051 - RED ZONE SPORTS GRILL | C118: 2 | D118: 2C | E118: 8110 W UNION HILLS DR | F118: GLENDALE | G118: AZ | H118: 33.653518 | I118: -112.23363 | J118: 1050 | K118: CANOLA OIL | N118: (731) 443-1553
A119: 18003 | B119: REDB - 18003 - RED DEVIL BELL | C119: 3 | D119: 3C | E119: 3004 E Bell Rd | F119: Phoenix | G119: AZ | H119: 33.641055 | I119: -112.01786 | J119: 450 | K119: FRYERS CHOICE BLEND | N119: 602-493-0211
A120: 18001 | B120: REDM - 18001 - RED DEVIL MCDOWELL | C120: 3 | D120: 3D | E120: RED DEVIL MCDOWELL | F120: Phoenix | G120: AZ | H120: 33.466082 | I120: -112.01548 | J120: 950 | K120: FRYERS CHOICE BLEND | N120: 602-267-1036
A121: 18036 | B121: ROA - 18036 - ROADRUNNER SALOON | C121: 3 | D121: 3A | E121: 47801 N Black Canyon Hwy | F121: New River | G121: AZ | H121: 33.918937 | I121: -112.14015 | J121: 1850 | K121: CANOLA OIL | N121: (480) 411-1111
...

Sheet Optimizer_Input
B1: S&K OIL SALES — OPTIMIZER INPUT (all calculations auto-update from Delivery_Log)
B2: Min Oil % | C2: 0.15 | D2: Visit Window (days) | E2: 7 | F2: Shift Min | G2: 600 | H2: Svc Min/Stop | I2: 20 | O2: # of Deliveries since: | Q2: 46023
B3: ■ Red=Critical(≤2d) ■ Amber=Urgent(3–5d) ■ Green=Normal(6–7d) ■ Grey=Not needed │ Blue italic = live formula pulling from Delivery_Log
B4: CLIENT & LOCATION | G4: TANK & CONSUMPTION | J4: LAST DELIVERY ← from log | L4: CALCULATED
A5: Num. | B5: ID | C5: Customer | D5: Zone | E5: Address | F5: Lat / Lon | G5: Tank (lbs) | H5: Last Per Day Cons (lbs/day) | I5: Product | J5: Last Delivery | K5: Days Since | L5: Est. Current (lbs) | M5: Refill (lbs) | N5: Days Until Empty | O5: Next Delivery By: | P5: ="Next "&E2& " Days?" | Q5: ="# Deliveries since "& TEXT(Q2,"mm/dd/yyyy") | R5: Notes
A6: 1 | B6: 0001 | C6: 51ST - 0001 - 51ST AVE CAFE | D6: 2 | E6: =IFERROR(VLOOKUP(C6,Client_List!$B:$K,4,0)&", "&VLOOKUP(C6,Client_List!$B:$K,5,0)&" AZ","") | F6: =IFERROR(VLOOKUP(C6,Client_List!$B:$K,7,0)&", "&VLOOKUP(C6,Client_List!$B:$K,8,0),"") | G6: =IFERROR(VLOOKUP(C6,Client_List!$B:$K,9,0),"") | H6: =IFERROR(LOOKUP(2,1/((Delivery_Log!$B$4:$B$4998=VALUE(B6))*(ISNUMBER(Delivery_Log!$J$4:$J$4998))*(Delivery_Log!$J$4:$J$4998>0)),Delivery_Log!$J$4:$J$4998),"") | I6: =IFERROR(VLOOKUP(C6,Client_List!$B:$K,10,0),"") | J6: =IFERROR(_xlfn.MAXIFS(Delivery_Log!$A$4:$A$4998,Delivery_Log!$B$4:$B$4998,VALUE(B6)),"—") | K6: =IFERROR(IF(J6="—","",TODAY()-J6),"") | L6: =IFERROR(IF(OR(K6="",H6=""),"",MAX(G6*0.03,G6-K6*H6)),"") | M6: =IFERROR(IF(L6="","",G6-L6),"") | N6: =IFERROR(IF(OR(L6="",H6=""),"",MIN(21,MAX(0,(L6-G6*$C$2)/H6))),"") | O6: =TODAY()+ROUNDUP(N6,0) | P6: =IFERROR(IF(N6="","—",IF(N6<=$E$2,"YES","—")),"—") | Q6: =COUNTIFS(Delivery_Log!$B$4:$B$5998,VALUE(B6),Delivery_Log!$A$4:$A$5998,">="&$Q$2)
A7: 2 | B7: 1018 | C7: AJO - 1018 - AJO ALS BELL | D7: 2 | E7: =IFERROR(VLOOKUP(C7,Client_List!$B:$K,4,0)&", "&VLOOKUP(C7,Client_List!$B:$K,5,0)&" AZ","") | F7: =IFERROR(VLOOKUP(C7,Client_List!$B:$K,7,0)&", "&VLOOKUP(C7,Client_List!$B:$K,8,0),"") | G7: =IFERROR(VLOOKUP(C7,Client_List!$B:$K,9,0),"") | H7: =IFERROR(LOOKUP(2,1/((Delivery_Log!$B$4:$B$4998=VALUE(B7))*(ISNUMBER(Delivery_Log!$J$4:$J$4998))*(Delivery_Log!$J$4:$J$4998>0)),Delivery_Log!$J$4:$J$4998),"") | I7: =IFERROR(VLOOKUP(C7,Client_List!$B:$K,10,0),"") | J7: =IFERROR(_xlfn.MAXIFS(Delivery_Log!$A$4:$A$4998,Delivery_Log!$B$4:$B$4998,VALUE(B7)),"—") | K7: =IFERROR(IF(J7="—","",TODAY()-J7),"") | L7: =IFERROR(IF(OR(K7="",H7=""),"",MAX(G7*0.03,G7-K7*H7)),"") | M7: =IFERROR(IF(L7="","",G7-L7),"") | N7: =IFERROR(IF(OR(L7="",H7=""),"",MIN(21,MAX(0,(L7-G7*$C$2)/H7))),"") | O7: =TODAY()+ROUNDUP(N7,0) | P7: =IFERROR(IF(N7="","—",IF(N7<=$E$2,"YES","—")),"—") | Q7: =COUNTIFS(Delivery_Log!$B$4:$B$5998,VALUE(B7),Delivery_Log!$A$4:$A$5998,">="&$Q$2)
A8: 3 | B8: 1063 | C8: ALL - 1063 - ALL AMERICAN MODERN SPORTS GRILL | D8: 4 | E8: =IFERROR(VLOOKUP(C8,Client_List!$B:$K,4,0)&", "&VLOOKUP(C8,Client_List!$B:$K,5,0)&" AZ","") | F8: =IFERROR(VLOOKUP(C8,Client_List!$B:$K,7,0)&", "&VLOOKUP(C8,Client_List!$B:$K,8,0),"") | G8: =IFERROR(VLOOKUP(C8,Client_List!$B:$K,9,0),"") | H8: =IFERROR(LOOKUP(2,1/((Delivery_Log!$B$4:$B$4998=VALUE(B8))*(ISNUMBER(Delivery_Log!$J$4:$J$4998))*(Delivery_Log!$J$4:$J$4998>0)),Delivery_Log!$J$4:$J$4998),"") | I8: =IFERROR(VLOOKUP(C8,Client_List!$B:$K,10,0),"") | J8: =IFERROR(_xlfn.MAXIFS(Delivery_Log!$A$4:$A$4998,Delivery_Log!$B$4:$B$4998,VALUE(B8)),"—") | K8: =IFERROR(IF(J8="—","",TODAY()-J8),"") | L8: =IFERROR(IF(OR(K8="",H8=""),"",MAX(G8*0.03,G8-K8*H8)),"") | M8: =IFERROR(IF(L8="","",G8-L8),"") | N8: =IFERROR(IF(OR(L8="",H8=""),"",MIN(21,MAX(0,(L8-G8*$C$2)/H8))),"") | O8: =TODAY()+ROUNDUP(N8,0) | P8: =IFERROR(IF(N8="","—",IF(N8<=$E$2,"YES","—")),"—") | Q8: =COUNTIFS(Delivery_Log!$B$4:$B$5998,VALUE(B8),Delivery_Log!$A$4:$A$5998,">="&$Q$2)
A9: 4 | B9: 1073 | C9: AME - 1073 - AMELIO C ENTERPRISES, INC (CACTUS CANDY) | D9: 4 | E9: =IFERROR(VLOOKUP(C9,Client_List!$B:$K,4,0)&", "&VLOOKUP(C9,Client_List!$B:$K,5,0)&" AZ","") | F9: =IFERROR(VLOOKUP(C9,Client_List!$B:$K,7,0)&", "&VLOOKUP(C9,Client_List!$B:$K,8,0),"") | G9: =IFERROR(VLOOKUP(C9,Client_List!$B:$K,9,0),"") | H9: =IFERROR(LOOKUP(2,1/((Delivery_Log!$B$4:$B$4998=VALUE(B9))*(ISNUMBER(Delivery_Log!$J$4:$J$4998))*(Delivery_Log!$J$4:$J$4998>0)),Delivery_Log!$J$4:$J$4998),"") | I9: =IFERROR(VLOOKUP(C9,Client_List!$B:$K,10,0),"") | J9: =IFERROR(_xlfn.MAXIFS(Delivery_Log!$A$4:$A$4998,Delivery_Log!$B$4:$B$4998,VALUE(B9)),"—") | K9: =IFERROR(IF(J9="—","",TODAY()-J9),"") | L9: =IFERROR(IF(OR(K9="",H9=""),"",MAX(G9*0.03,G9-K9*H9)),"") | M9: =IFERROR(IF(L9="","",G9-L9),"") | N9: =IFERROR(IF(OR(L9="",H9=""),"",MIN(21,MAX(0,(L9-G9*$C$2)/H9))),"") | O9: =TODAY()+ROUNDUP(N9,0) | P9: =IFERROR(IF(N9="","—",IF(N9<=$E$2,"YES","—")),"—") | Q9: =COUNTIFS(Delivery_Log!$B$4:$B$5998,VALUE(B9),Delivery_Log!$A$4:$A$5998,">="&$Q$2)
A10: 5 | B10: 1054 | C10: ANG - 1054 - ANGRY CRAB SURPRISE | D10: 1 | E10: =IFERROR(VLOOKUP(C10,Client_List!$B:$K,4,0)&", "&VLOOKUP(C10,Client_List!$B:$K,5,0)&" AZ","") | F10: =IFERROR(VLOOKUP(C10,Client_List!$B:$K,7,0)&", "&VLOOKUP(C10,Client_List!$B:$K,8,0),"") | G10: =IFERROR(VLOOKUP(C10,Client_List!$B:$K,9,0),"") | H10: =IFERROR(LOOKUP(2,1/((Delivery_Log!$B$4:$B$4998=VALUE(B10))*(ISNUMBER(Delivery_Log!$J$4:$J$4998))*(Delivery_Log!$J$4:$J$4998>0)),Delivery_Log!$J$4:$J$4998),"") | I10: =IFERROR(VLOOKUP(C10,Client_List!$B:$K,10,0),"") | J10: =IFERROR(_xlfn.MAXIFS(Delivery_Log!$A$4:$A$4998,Delivery_Log!$B$4:$B$4998,VALUE(B10)),"—") | K10: =IFERROR(IF(J10="—","",TODAY()-J10),"") | L10: =IFERROR(IF(OR(K10="",H10=""),"",MAX(G10*0.03,G10-K10*H10)),"") | M10: =IFERROR(IF(L10="","",G10-L10),"") | N10: =IFERROR(IF(OR(L10="",H10=""),"",MIN(21,MAX(0,(L10-G10*$C$2)/H10))),"") | O10: =TODAY()+ROUNDUP(N10,0) | P10: =IFERROR(IF(N10="","—",IF(N10<=$E$2,"YES","—")),"—") | Q10: =COUNTIFS(Delivery_Log!$B$4:$B$5998,VALUE(B10),Delivery_Log!$A$4:$A$5998,">="&$Q$2)
A11: 6 | B11: 1000 | C11: ARR79 - 1000 - ARRIBAS 79TH AVE. | D11: 2 | E11: =IFERROR(VLOOKUP(C11,Client_List!$B:$K,4,0)&", "&VLOOKUP(C11,Client_List!$B:$K,5,0)&" AZ","") | F11: =IFERROR(VLOOKUP(C11,Client_List!$B:$K,7,0)&", "&VLOOKUP(C11,Client_List!$B:$K,8,0),"") | G11: =IFERROR(VLOOKUP(C11,Client_List!$B:$K,9,0),"") | H11: =IFERROR(LOOKUP(2,1/((Delivery_Log!$B$4:$B$4998=VALUE(B11))*(ISNUMBER(Delivery_Log!$J$4:$J$4998))*(Delivery_Log!$J$4:$J$4998>0)),Delivery_Log!$J$4:$J$4998),"") | I11: =IFERROR(VLOOKUP(C11,Client_List!$B:$K,10,0),"") | J11: =IFERROR(_xlfn.MAXIFS(Delivery_Log!$A$4:$A$4998,Delivery_Log!$B$4:$B$4998,VALUE(B11)),"—") | K11: =IFERROR(IF(J11="—","",TODAY()-J11),"") | L11: =IFERROR(IF(OR(K11="",H11=""),"",MAX(G11*0.03,G11-K11*H11)),"") | M11: =IFERROR(IF(L11="","",G11-L11),"") | N11: =IFERROR(IF(OR(L11="",H11=""),"",MIN(21,MAX(0,(L11-G11*$C$2)/H11))),"") | O11: =TODAY()+ROUNDUP(N11,0) | P11: =IFERROR(IF(N11="","—",IF(N11<=$E$2,"YES","—")),"—") | Q11: =COUNTIFS(Delivery_Log!$B$4:$B$5998,VALUE(B11),Delivery_Log!$A$4:$A$5998,">="&$Q$2)
A12: 7 | B12: 1001 | C12: ARRC - 1001 - ARRIBAS CAMELBACK | D12: 3 | E12: =IFERROR(VLOOKUP(C12,Client_List!$B:$K,4,0)&", "&VLOOKUP(C12,Client_List!$B:$K,5,0)&" AZ","") | F12: =IFERROR(VLOOKUP(C12,Client_List!$B:$K,7,0)&", "&VLOOKUP(C12,Client_List!$B:$K,8,0),"") | G12: =IFERROR(VLOOKUP(C12,Client_List!$B:$K,9,0),"") | H12: =IFERROR(LOOKUP(2,1/((Delivery_Log!$B$4:$B$4998=VALUE(B12))*(ISNUMBER(Delivery_Log!$J$4:$J$4998))*(Delivery_Log!$J$4:$J$4998>0)),Delivery_Log!$J$4:$J$4998),"") | I12: =IFERROR(VLOOKUP(C12,Client_List!$B:$K,10,0),"") | J12: =IFERROR(_xlfn.MAXIFS(Delivery_Log!$A$4:$A$4998,Delivery_Log!$B$4:$B$4998,VALUE(B12)),"—") | K12: =IFERROR(IF(J12="—","",TODAY()-J12),"") | L12: =IFERROR(IF(OR(K12="",H12=""),"",MAX(G12*0.03,G12-K12*H12)),"") | M12: =IFERROR(IF(L12="","",G12-L12),"") | N12: =IFERROR(IF(OR(L12="",H12=""),"",MIN(21,MAX(0,(L12-G12*$C$2)/H12))),"") | O12: =TODAY()+ROUNDUP(N12,0) | P12: =IFERROR(IF(N12="","—",IF(N12<=$E$2,"YES","—")),"—") | Q12: =COUNTIFS(Delivery_Log!$B$4:$B$5998,VALUE(B12),Delivery_Log!$A$4:$A$5998,">="&$Q$2)
A13: 8 | B13: 1011 | C13: ARRC - 1011 - ARRIBAS CHANDLER | D13: 4 | E13: =IFERROR(VLOOKUP(C13,Client_List!$B:$K,4,0)&", "&VLOOKUP(C13,Client_List!$B:$K,5,0)&" AZ","") | F13: =IFERROR(VLOOKUP(C13,Client_List!$B:$K,7,0)&", "&VLOOKUP(C13,Client_List!$B:$K,8,0),"") | G13: =IFERROR(VLOOKUP(C13,Client_List!$B:$K,9,0),"") | H13: =IFERROR(LOOKUP(2,1/((Delivery_Log!$B$4:$B$4998=VALUE(B13))*(ISNUMBER(Delivery_Log!$J$4:$J$4998))*(Delivery_Log!$J$4:$J$4998>0)),Delivery_Log!$J$4:$J$4998),"") | I13: =IFERROR(VLOOKUP(C13,Client_List!$B:$K,10,0),"") | J13: =IFERROR(_xlfn.MAXIFS(Delivery_Log!$A$4:$A$4998,Delivery_Log!$B$4:$B$4998,VALUE(B13)),"—") | K13: =IFERROR(IF(J13="—","",TODAY()-J13),"") | L13: =IFERROR(IF(OR(K13="",H13=""),"",MAX(G13*0.03,G13-K13*H13)),"") | M13: =IFERROR(IF(L13="","",G13-L13),"") | N13: =IFERROR(IF(OR(L13="",H13=""),"",MIN(21,MAX(0,(L13-G13*$C$2)/H13))),"") | O13: =TODAY()+ROUNDUP(N13,0) | P13: =IFERROR(IF(N13="","—",IF(N13<=$E$2,"YES","—")),"—") | Q13: =COUNTIFS(Delivery_Log!$B$4:$B$5998,VALUE(B13),Delivery_Log!$A$4:$A$5998,">="&$Q$2)
A14: 9 | B14: 1014 | C14: ARRC - 1014 - ARRIBA GILBERT | D14: 5 | E14: =IFERROR(VLOOKUP(C14,Client_List!$B:$K,4,0)&", "&VLOOKUP(C14,Client_List!$B:$K,5,0)&" AZ","") | F14: =IFERROR(VLOOKUP(C14,Client_List!$B:$K,7,0)&", "&VLOOKUP(C14,Client_List!$B:$K,8,0),"") | G14: =IFERROR(VLOOKUP(C14,Client_List!$B:$K,9,0),"") | H14: =IFERROR(LOOKUP(2,1/((Delivery_Log!$B$4:$B$4998=VALUE(B14))*(ISNUMBER(Delivery_Log!$J$4:$J$4998))*(Delivery_Log!$J$4:$J$4998>0)),Delivery_Log!$J$4:$J$4998),"") | I14: =IFERROR(VLOOKUP(C14,Client_List!$B:$K,10,0),"") | J14: =IFERROR(_xlfn.MAXIFS(Delivery_Log!$A$4:$A$4998,Delivery_Log!$B$4:$B$4998,VALUE(B14)),"—") | K14: =IFERROR(IF(J14="—","",TODAY()-J14),"") | L14: =IFERROR(IF(OR(K14="",H14=""),"",MAX(G14*0.03,G14-K14*H14)),"") | M14: =IFERROR(IF(L14="","",G14-L14),"") | N14: =IFERROR(IF(OR(L14="",H14=""),"",MIN(21,MAX(0,(L14-G14*$C$2)/H14))),"") | O14: =TODAY()+ROUNDUP(N14,0) | P14: =IFERROR(IF(N14="","—",IF(N14<=$E$2,"YES","—")),"—") | Q14: =COUNTIFS(Delivery_Log!$B$4:$B$5998,VALUE(B14),Delivery_Log!$A$4:$A$5998,">="&$Q$2)
A15: 10 | B15: 1013 | C15: ARRM - 1013 - ARRIBAS GOODYEAR | D15: 1 | E15: =IFERROR(VLOOKUP(C15,Client_List!$B:$K,4,0)&", "&VLOOKUP(C15,Client_List!$B:$K,5,0)&" AZ","") | F15: =IFERROR(VLOOKUP(C15,Client_List!$B:$K,7,0)&", "&VLOOKUP(C15,Client_List!$B:$K,8,0),"") | G15: =IFERROR(VLOOKUP(C15,Client_List!$B:$K,9,0),"") | H15: =IFERROR(LOOKUP(2,1/((Delivery_Log!$B$4:$B$4998=VALUE(B15))*(ISNUMBER(Delivery_Log!$J$4:$J$4998))*(Delivery_Log!$J$4:$J$4998>0)),Delivery_Log!$J$4:$J$4998),"") | I15: =IFERROR(VLOOKUP(C15,Client_List!$B:$K,10,0),"") | J15: =IFERROR(_xlfn.MAXIFS(Delivery_Log!$A$4:$A$4998,Delivery_Log!$B$4:$B$4998,VALUE(B15)),"—") | K15: =IFERROR(IF(J15="—","",TODAY()-J15),"") | L15: =IFERROR(IF(OR(K15="",H15=""),"",MAX(G15*0.03,G15-K15*H15)),"") | M15: =IFERROR(IF(L15="","",G15-L15),"") | N15: =IFERROR(IF(OR(L15="",H15=""),"",MIN(21,MAX(0,(L15-G15*$C$2)/H15))),"") | O15: =TODAY()+ROUNDUP(N15,0) | P15: =IFERROR(IF(N15="","—",IF(N15<=$E$2,"YES","—")),"—") | Q15: =COUNTIFS(Delivery_Log!$B$4:$B$5998,VALUE(B15),Delivery_Log!$A$4:$A$5998,">="&$Q$2)
A16: 11 | B16: 1081 | C16: ATL - 1081 - ATL WINGS ROOSEVELT | D16: 3 | E16: =IFERROR(VLOOKUP(C16,Client_List!$B:$K,4,0)&", "&VLOOKUP(C16,Client_List!$B:$K,5,0)&" AZ","") | F16: =IFERROR(VLOOKUP(C16,Client_List!$B:$K,7,0)&", "&VLOOKUP(C16,Client_List!$B:$K,8,0),"") | G16: =IFERROR(VLOOKUP(C16,Client_List!$B:$K,9,0),"") | H16: =IFERROR(LOOKUP(2,1/((Delivery_Log!$B$4:$B$4998=VALUE(B16))*(ISNUMBER(Delivery_Log!$J$4:$J$4998))*(Delivery_Log!$J$4:$J$4998>0)),Delivery_Log!$J$4:$J$4998),"") | I16: =IFERROR(VLOOKUP(C16,Client_List!$B:$K,10,0),"") | J16: =IFERROR(_xlfn.MAXIFS(Delivery_Log!$A$4:$A$4998,Delivery_Log!$B$4:$B$4998,VALUE(B16)),"—") | K16: =IFERROR(IF(J16="—","",TODAY()-J16),"") | L16: =IFERROR(IF(OR(K16="",H16=""),"",MAX(G16*0.03,G16-K16*H16)),"") | M16: =IFERROR(IF(L16="","",G16-L16),"") | N16: =IFERROR(IF(OR(L16="",H16=""),"",MIN(21,MAX(0,(L16-G16*$C$2)/H16))),"") | O16: =TODAY()+ROUNDUP(N16,0) | P16: =IFERROR(IF(N16="","—",IF(N16<=$E$2,"YES","—")),"—") | Q16: =COUNTIFS(Delivery_Log!$B$4:$B$5998,VALUE(B16),Delivery_Log!$A$4:$A$5998,">="&$Q$2)
A17: 12 | B17: 1083 | C17: ATL - 1083 - ATL WINGS MESA | D17: 5 | E17: =IFERROR(VLOOKUP(C17,Client_List!$B:$K,4,0)&", "&VLOOKUP(C17,Client_List!$B:$K,5,0)&" AZ","") | F17: =IFERROR(VLOOKUP(C17,Client_List!$B:$K,7,0)&", "&VLOOKUP(C17,Client_List!$B:$K,8,0),"") | G17: =IFERROR(VLOOKUP(C17,Client_List!$B:$K,9,0),"") | H17: =IFERROR(LOOKUP(2,1/((Delivery_Log!$B$4:$B$4998=VALUE(B17))*(ISNUMBER(Delivery_Log!$J$4:$J$4998))*(Delivery_Log!$J$4:$J$4998>0)),Delivery_Log!$J$4:$J$4998),"") | I17: =IFERROR(VLOOKUP(C17,Client_List!$B:$K,10,0),"") | J17: =IFERROR(_xlfn.MAXIFS(Delivery_Log!$A$4:$A$4998,Delivery_Log!$B$4:$B$4998,VALUE(B17)),"—") | K17: =IFERROR(IF(J17="—","",TODAY()-J17),"") | L17: =IFERROR(IF(OR(K17="",H17=""),"",MAX(G17*0.03,G17-K17*H17)),"") | M17: =IFERROR(IF(L17="","",G17-L17),"") | N17: =IFERROR(IF(OR(L17="",H17=""),"",MIN(21,MAX(0,(L17-G17*$C$2)/H17))),"") | O17: =TODAY()+ROUNDUP(N17,0) | P17: =IFERROR(IF(N17="","—",IF(N17<=$E$2,"YES","—")),"—") | Q17: =COUNTIFS(Delivery_Log!$B$4:$B$5998,VALUE(B17),Delivery_Log!$A$4:$A$5998,">="&$Q$2)
A18: 13 | B18: 19039 | C18: BAC - 19039 - BACKYARD GILBERT | D18: 5 | E18: =IFERROR(VLOOKUP(C18,Client_List!$B:$K,4,0)&", "&VLOOKUP(C18,Client_List!$B:$K,5,0)&" AZ","") | F18: =IFERROR(VLOOKUP(C18,Client_List!$B:$K,7,0)&", "&VLOOKUP(C18,Client_List!$B:$K,8,0),"") | G18: =IFERROR(VLOOKUP(C18,Client_List!$B:$K,9,0),"") | H18: =IFERROR(LOOKUP(2,1/((Delivery_Log!$B$4:$B$4998=VALUE(B18))*(ISNUMBER(Delivery_Log!$J$4:$J$4998))*(Delivery_Log!$J$4:$J$4998>0)),Delivery_Log!$J$4:$J$4998),"") | I18: =IFERROR(VLOOKUP(C18,Client_List!$B:$K,10,0),"") | J18: =IFERROR(_xlfn.MAXIFS(Delivery_Log!$A$4:$A$4998,Delivery_Log!$B$4:$B$4998,VALUE(B18)),"—") | K18: =IFERROR(IF(J18="—","",TODAY()-J18),"") | L18: =IFERROR(IF(OR(K18="",H18=""),"",MAX(G18*0.03,G18-K18*H18)),"") | M18: =IFERROR(IF(L18="","",G18-L18),"") | N18: =IFERROR(IF(OR(L18="",H18=""),"",MIN(21,MAX(0,(L18-G18*$C$2)/H18))),"") | O18: =TODAY()+ROUNDUP(N18,0) | P18: =IFERROR(IF(N18="","—",IF(N18<=$E$2,"YES","—")),"—") | Q18: =COUNTIFS(Delivery_Log!$B$4:$B$5998,VALUE(B18),Delivery_Log!$A$4:$A$5998,">="&$Q$2)
... A33: 28 | B33: 3064 | C33: CRO - 3064 - CROWNE PLAZA RESORT | D33: 4 | E33: =IFERROR(VLOOKUP(C33,Client_List!$B:$K,4,0)&", "&VLOOKUP(C33,Client_List!$B:$K,5,0)&" AZ","") | F33: =IFERROR(VLOOKUP(C33,Client_List!$B:$K,7,0)&", "&VLOOKUP(C33,Client_List!$B:$K,8,0),"") | G33: =IFERROR(VLOOKUP(C33,Client_List!$B:$K,9,0),"") | H33: =IFERROR(LOOKUP(2,1/((Delivery_Log!$B$4:$B$4998=VALUE(B33))*(ISNUMBER(Delivery_Log!$J$4:$J$4998))*(Delivery_Log!$J$4:$J$4998>0)),Delivery_Log!$J$4:$J$4998),"") | I33: =IFERROR(VLOOKUP(C33,Client_List!$B:$K,10,0),"") | J33: =IFERROR(_xlfn.MAXIFS(Delivery_Log!$A$4:$A$4998,Delivery_Log!$B$4:$B$4998,VALUE(B33)),"—") | K33: =IFERROR(IF(J33="—","",TODAY()-J33),"") | L33: =IFERROR(IF(OR(K33="",H33=""),"",MAX(G33*0.03,G33-K33*H33)),"") | M33: =IFERROR(IF(L33="","",G33-L33),"") | N33: =IFERROR(IF(OR(L33="",H33=""),"",MIN(21,MAX(0,(L33-G33*$C$2)/H33))),"") | O33: =TODAY()+ROUNDUP(N33,0) | P33: =IFERROR(IF(N33="","—",IF(N33<=$E$2,"YES","—")),"—") | Q33: =COUNTIFS(Delivery_Log!$B$4:$B$5998,VALUE(B33),Delivery_Log!$A$4:$A$5998,">="&$Q$2)
A34: 29 | B34: 4015A | C34: DAI - 4015A - DAIRY QUEEN BELL | D34: 3 | E34: =IFERROR(VLOOKUP(C34,Client_List!$B:$K,4,0)&", "&VLOOKUP(C34,Client_List!$B:$K,5,0)&" AZ","") | F34: =IFERROR(VLOOKUP(C34,Client_List!$B:$K,7,0)&", "&VLOOKUP(C34,Client_List!$B:$K,8,0),"") | G34: =IFERROR(VLOOKUP(C34,Client_List!$B:$K,9,0),"") | H34: =IFERROR(LOOKUP(2,1/((Delivery_Log!$B$4:$B$4998=VALUE(B34))*(ISNUMBER(Delivery_Log!$J$4:$J$4998))*(Delivery_Log!$J$4:$J$4998>0)),Delivery_Log!$J$4:$J$4998),"") | I34: =IFERROR(VLOOKUP(C34,Client_List!$B:$K,10,0),"") | J34: =IFERROR(_xlfn.MAXIFS(Delivery_Log!$A$4:$A$4998,Delivery_Log!$B$4:$B$4998,VALUE(B34)),"—") | K34: =IFERROR(IF(J34="—","",TODAY()-J34),"") | L34: =IFERROR(IF(OR(K34="",H34=""),"",MAX(G34*0.03,G34-K34*H34)),"") | M34: =IFERROR(IF(L34="","",G34-L34),"") | N34: =IFERROR(IF(OR(L34="",H34=""),"",MIN(21,MAX(0,(L34-G34*$C$2)/H34))),"") | O34: =TODAY()+ROUNDUP(N34,0) | P34: =IFERROR(IF(N34="","—",IF(N34<=$E$2,"YES","—")),"—") | Q34: =COUNTIFS(Delivery_Log!$B$4:$B$5998,VALUE(B34),Delivery_Log!$A$4:$A$5998,">="&$Q$2)
A35: 30 | B35: 4026 | C35: DAR - 4026 - DARUMA BY RIE | D35: 4 | E35: =IFERROR(VLOOKUP(C35,Client_List!$B:$K,4,0)&", "&VLOOKUP(C35,Client_List!$B:$K,5,0)&" AZ","") | F35: =IFERROR(VLOOKUP(C35,Client_List!$B:$K,7,0)&", "&VLOOKUP(C35,Client_List!$B:$K,8,0),"") | G35: =IFERROR(VLOOKUP(C35,Client_List!$B:$K,9,0),"") | H35: =IFERROR(LOOKUP(2,1/((Delivery_Log!$B$4:$B$4998=VALUE(B35))*(ISNUMBER(Delivery_Log!$J$4:$J$4998))*(Delivery_Log!$J$4:$J$4998>0)),Delivery_Log!$J$4:$J$4998),"") | I35: =IFERROR(VLOOKUP(C35,Client_List!$B:$K,10,0),"") | J35: =IFERROR(_xlfn.MAXIFS(Delivery_Log!$A$4:$A$4998,Delivery_Log!$B$4:$B$4998,VALUE(B35)),"—") | K35: =IFERROR(IF(J35="—","",TODAY()-J35),"") | L35: =IFERROR(IF(OR(K35="",H35=""),"",MAX(G35*0.03,G35-K35*H35)),"") | M35: =IFERROR(IF(L35="","",G35-L35),"") | N35: =IFERROR(IF(OR(L35="",H35=""),"",MIN(21,MAX(0,(L35-G35*$C$2)/H35))),"") | O35: =TODAY()+ROUNDUP(N35,0) | P35: =IFERROR(IF(N35="","—",IF(N35<=$E$2,"YES","—")),"—") | Q35: =COUNTIFS(Delivery_Log!$B$4:$B$5998,VALUE(B35),Delivery_Log!$A$4:$A$5998,">="&$Q$2)
A36: 31 | B36: 4037 | C36: DAR - 4037 - DARUMA RAMEN AND BOWL | D36: 4 | E36: =IFERROR(VLOOKUP(C36,Client_List!$B:$K,4,0)&", "&VLOOKUP(C36,Client_List!$B:$K,5,0)&" AZ","") | F36: =IFERROR(VLOOKUP(C36,Client_List!$B:$K,7,0)&", "&VLOOKUP(C36,Client_List!$B:$K,8,0),"") | G36: =IFERROR(VLOOKUP(C36,Client_List!$B:$K,9,0),"") | H36: =IFERROR(LOOKUP(2,1/((Delivery_Log!$B$4:$B$4998=VALUE(B36))*(ISNUMBER(Delivery_Log!$J$4:$J$4998))*(Delivery_Log!$J$4:$J$4998>0)),Delivery_Log!$J$4:$J$4998),"") | I36: =IFERROR(VLOOKUP(C36,Client_List!$B:$K,10,0),"") | J36: =IFERROR(_xlfn.MAXIFS(Delivery_Log!$A$4:$A$4998,Delivery_Log!$B$4:$B$4998,VALUE(B36)),"—") | K36: =IFERROR(IF(J36="—","",TODAY()-J36),"") | L36: =IFERROR(IF(OR(K36="",H36=""),"",MAX(G36*0.03,G36-K36*H36)),"") | M36: =IFERROR(IF(L36="","",G36-L36),"") | N36: =IFERROR(IF(OR(L36="",H36=""),"",MIN(21,MAX(0,(L36-G36*$C$2)/H36))),"") | O36: =TODAY()+ROUNDUP(N36,0) | P36: =IFERROR(IF(N36="","—",IF(N36<=$E$2,"YES","—")),"—") | Q36: =COUNTIFS(Delivery_Log!$B$4:$B$5998,VALUE(B36),Delivery_Log!$A$4:$A$5998,">="&$Q$2)
A37: 32 | B37: 4009 | C37: DIL - 4009 - DILLONS BBQ | D37: 1 | E37: =IFERROR(VLOOKUP(C37,Client_List!$B:$K,4,0)&", "&VLOOKUP(C37,Client_List!$B:$K,5,0)&" AZ","") | F37: =IFERROR(VLOOKUP(C37,Client_List!$B:$K,7,0)&", "&VLOOKUP(C37,Client_List!$B:$K,8,0),"") | G37: =IFERROR(VLOOKUP(C37,Client_List!$B:$K,9,0),"") | H37: =IFERROR(LOOKUP(2,1/((Delivery_Log!$B$4:$B$4998=VALUE(B37))*(ISNUMBER(Delivery_Log!$J$4:$J$4998))*(Delivery_Log!$J$4:$J$4998>0)),Delivery_Log!$J$4:$J$4998),"") | I37: =IFERROR(VLOOKUP(C37,Client_List!$B:$K,10,0),"") | J37: =IFERROR(_xlfn.MAXIFS(Delivery_Log!$A$4:$A$4998,Delivery_Log!$B$4:$B$4998,VALUE(B37)),"—") | K37: =IFERROR(IF(J37="—","",TODAY()-J37),"") | L37: =IFERROR(IF(OR(K37="",H37=""),"",MAX(G37*0.03,G37-K37*H37)),"") | M37: =IFERROR(IF(L37="","",G37-L37),"") | N37: =IFERROR(IF(OR(L37="",H37=""),"",MIN(21,MAX(0,(L37-G37*$C$2)/H37))),"") | O37: =TODAY()+ROUNDUP(N37,0) | P37: =IFERROR(IF(N37="","—",IF(N37<=$E$2,"YES","—")),"—") | Q37: =COUNTIFS(Delivery_Log!$B$4:$B$5998,VALUE(B37),Delivery_Log!$A$4:$A$5998,">="&$Q$2)
A38: 33 | B38: 4025 | C38: DIL - 4025 - DILLON WESTERN TRAILS | D38: 1 | E38: =IFERROR(VLOOKUP(C38,Client_List!$B:$K,4,0)&", "&VLOOKUP(C38,Client_List!$B:$K,5,0)&" AZ","") | F38: =IFERROR(VLOOKUP(C38,Client_List!$B:$K,7,0)&", "&VLOOKUP(C38,Client_List!$B:$K,8,0),"") | G38: =IFERROR(VLOOKUP(C38,Client_List!$B:$K,9,0),"") | H38: =IFERROR(LOOKUP(2,1/((Delivery_Log!$B$4:$B$4998=VALUE(B38))*(ISNUMBER(Delivery_Log!$J$4:$J$4998))*(Delivery_Log!$J$4:$J$4998>0)),Delivery_Log!$J$4:$J$4998),"") | I38: =IFERROR(VLOOKUP(C38,Client_List!$B:$K,10,0),"") | J38: =IFERROR(_xlfn.MAXIFS(Delivery_Log!$A$4:$A$4998,Delivery_Log!$B$4:$B$4998,VALUE(B38)),"—") | K38: =IFERROR(IF(J38="—","",TODAY()-J38),"") | L38: =IFERROR(IF(OR(K38="",H38=""),"",MAX(G38*0.03,G38-K38*H38)),"") | M38: =IFERROR(IF(L38="","",G38-L38),"") | N38: =IFERROR(IF(OR(L38="",H38=""),"",MIN(21,MAX(0,(L38-G38*$C$2)/H38))),"") | O38: =TODAY()+ROUNDUP(N38,0) | P38: =IFERROR(IF(N38="","—",IF(N38<=$E$2,"YES","—")),"—") | Q38: =COUNTIFS(Delivery_Log!$B$4:$B$5998,VALUE(B38),Delivery_Log!$A$4:$A$5998,">="&$Q$2)
A39: 34 | B39: 4014 | C39: DIL- 4014 - DILLONS BAYOU | D39: 2 | E39: =IFERROR(VLOOKUP(C39,Client_List!$B:$K,4,0)&", "&VLOOKUP(C39,Client_List!$B:$K,5,0)&" AZ","") | F39: =IFERROR(VLOOKUP(C39,Client_List!$B:$K,7,0)&", "&VLOOKUP(C39,Client_List!$B:$K,8,0),"") | G39: =IFERROR(VLOOKUP(C39,Client_List!$B:$K,9,0),"") | H39: =IFERROR(LOOKUP(2,1/((Delivery_Log!$B$4:$B$4998=VALUE(B39))*(ISNUMBER(Delivery_Log!$J$4:$J$4998))*(Delivery_Log!$J$4:$J$4998>0)),Delivery_Log!$J$4:$J$4998),"") | I39: =IFERROR(VLOOKUP(C39,Client_List!$B:$K,10,0),"") | J39: =IFERROR(_xlfn.MAXIFS(Delivery_Log!$A$4:$A$4998,Delivery_Log!$B$4:$B$4998,VALUE(B39)),"—") | K39: =IFERROR(IF(J39="—","",TODAY()-J39),"") | L39: =IFERROR(IF(OR(K39="",H39=""),"",MAX(G39*0.03,G39-K39*H39)),"") | M39: =IFERROR(IF(L39="","",G39-L39),"") | N39: =IFERROR(IF(OR(L39="",H39=""),"",MIN(21,MAX(0,(L39-G39*$C$2)/H39))),"") | O39: =TODAY()+ROUNDUP(N39,0) | P39: =IFERROR(IF(N39="","—",IF(N39<=$E$2,"YES","—")),"—") | Q39: =COUNTIFS(Delivery_Log!$B$4:$B$5998,VALUE(B39),Delivery_Log!$A$4:$A$5998,">="&$Q$2)
A40: 35 | B40: 4010 | C40: DIL59 - 4010 - DILLONS 59TH AVE | D40: 2 | E40: =IFERROR(VLOOKUP(C40,Client_List!$B:$K,4,0)&", "&VLOOKUP(C40,Client_List!$B:$K,5,0)&" AZ","") | F40: =IFERROR(VLOOKUP(C40,Client_List!$B:$K,7,0)&", "&VLOOKUP(C40,Client_List!$B:$K,8,0),"") | G40: =IFERROR(VLOOKUP(C40,Client_List!$B:$K,9,0),"") | H40: =IFERROR(LOOKUP(2,1/((Delivery_Log!$B$4:$B$4998=VALUE(B40))*(ISNUMBER(Delivery_Log!$J$4:$J$4998))*(Delivery_Log!$J$4:$J$4998>0)),Delivery_Log!$J$4:$J$4998),"") | I40: =IFERROR(VLOOKUP(C40,Client_List!$B:$K,10,0),"") | J40: =IFERROR(_xlfn.MAXIFS(Delivery_Log!$A$4:$A$4998,Delivery_Log!$B$4:$B$4998,VALUE(B40)),"—") | K40: =IFERROR(IF(J40="—","",TODAY()-J40),"") | L40: =IFERROR(IF(OR(K40="",H40=""),"",MAX(G40*0.03,G40-K40*H40)),"") | M40: =IFERROR(IF(L40="","",G40-L40),"") | N40: =IFERROR(IF(OR(L40="",H40=""),"",MIN(21,MAX(0,(L40-G40*$C$2)/H40))),"") | O40: =TODAY()+ROUNDUP(N40,0) | P40: =IFERROR(IF(N40="","—",IF(N40<=$E$2,"YES","—")),"—") | Q40: =COUNTIFS(Delivery_Log!$B$4:$B$5998,VALUE(B40),Delivery_Log!$A$4:$A$5998,">="&$Q$2)
A41: 36 | B41: 4027 | C41: DIR - 4027 - DIRTWATER | D41: 5 | E41: =IFERROR(VLOOKUP(C41,Client_List!$B:$K,4,0)&", "&VLOOKUP(C41,Client_List!$B:$K,5,0)&" AZ","") | F41: =IFERROR(VLOOKUP(C41,Client_List!$B:$K,7,0)&", "&VLOOKUP(C41,Client_List!$B:$K,8,0),"") | G41: =IFERROR(VLOOKUP(C41,Client_List!$B:$K,9,0),"") | H41: =IFERROR(LOOKUP(2,1/((Delivery_Log!$B$4:$B$4998=VALUE(B41))*(ISNUMBER(Delivery_Log!$J$4:$J$4998))*(Delivery_Log!$J$4:$J$4998>0)),Delivery_Log!$J$4:$J$4998),"") | I41: =IFERROR(VLOOKUP(C41,Client_List!$B:$K,10,0),"") | J41: =IFERROR(_xlfn.MAXIFS(Delivery_Log!$A$4:$A$4998,Delivery_Log!$B$4:$B$4998,VALUE(B41)),"—") | K41: =IFERROR(IF(J41="—","",TODAY()-J41),"") | L41: =IFERROR(IF(OR(K41="",H41=""),"",MAX(G41*0.03,G41-K41*H41)),"") | M41: =IFERROR(IF(L41="","",G41-L41),"") | N41: =IFERROR(IF(OR(L41="",H41=""),"",MIN(21,MAX(0,(L41-G41*$C$2)/H41))),"") | O41: =TODAY()+ROUNDUP(N41,0) | P41: =IFERROR(IF(N41="","—",IF(N41<=$E$2,"YES","—")),"—") | Q41: =COUNTIFS(Delivery_Log!$B$4:$B$5998,VALUE(B41),Delivery_Log!$A$4:$A$5998,">="&$Q$2)
A42: 37 | B42: 4029 | C42: DUR - 4029 - DURVILL FOODS | D42: 4 | E42: =IFERROR(VLOOKUP(C42,Client_List!$B:$K,4,0)&", "&VLOOKUP(C42,Client_List!$B:$K,5,0)&" AZ","") | F42: =IFERROR(VLOOKUP(C42,Client_List!$B:$K,7,0)&", "&VLOOKUP(C42,Client_List!$B:$K,8,0),"") | G42: =IFERROR(VLOOKUP(C42,Client_List!$B:$K,9,0),"") | H42: =IFERROR(LOOKUP(2,1/((Delivery_Log!$B$4:$B$4998=VALUE(B42))*(ISNUMBER(Delivery_Log!$J$4:$J$4998))*(Delivery_Log!$J$4:$J$4998>0)),Delivery_Log!$J$4:$J$4998),"") | I42: =IFERROR(VLOOKUP(C42,Client_List!$B:$K,10,0),"") | J42: =IFERROR(_xlfn.MAXIFS(Delivery_Log!$A$4:$A$4998,Delivery_Log!$B$4:$B$4998,VALUE(B42)),"—") | K42: =IFERROR(IF(J42="—","",TODAY()-J42),"") | L42: =IFERROR(IF(OR(K42="",H42=""),"",MAX(G42*0.03,G42-K42*H42)),"") | M42: =IFERROR(IF(L42="","",G42-L42),"") | N42: =IFERROR(IF(OR(L42="",H42=""),"",MIN(21,MAX(0,(L42-G42*$C$2)/H42))),"") | O42: =TODAY()+ROUNDUP(N42,0) | P42: =IFERROR(IF(N42="","—",IF(N42<=$E$2,"YES","—")),"—") | Q42: =COUNTIFS(Delivery_Log!$B$4:$B$5998,VALUE(B42),Delivery_Log!$A$4:$A$5998,">="&$Q$2)
A43: 38 | B43: 5006 | C43: ECH - 5006 - ECHO 5 SPORTS BAR | D43: 5 | E43: =IFERROR(VLOOKUP(C43,Client_List!$B:$K,4,0)&", "&VLOOKUP(C43,Client_List!$B:$K,5,0)&" AZ","") | F43: =IFERROR(VLOOKUP(C43,Client_List!$B:$K,7,0)&", "&VLOOKUP(C43,Client_List!$B:$K,8,0),"") | G43: =IFERROR(VLOOKUP(C43,Client_List!$B:$K,9,0),"") | H43: =IFERROR(LOOKUP(2,1/((Delivery_Log!$B$4:$B$4998=VALUE(B43))*(ISNUMBER(Delivery_Log!$J$4:$J$4998))*(Delivery_Log!$J$4:$J$4998>0)),Delivery_Log!$J$4:$J$4998),"") | I43: =IFERROR(VLOOKUP(C43,Client_List!$B:$K,10,0),"") | J43: =IFERROR(_xlfn.MAXIFS(Delivery_Log!$A$4:$A$4998,Delivery_Log!$B$4:$B$4998,VALUE(B43)),"—") | K43: =IFERROR(IF(J43="—","",TODAY()-J43),"") | L43: =IFERROR(IF(OR(K43="",H43=""),"",MAX(G43*0.03,G43-K43*H43)),"") | M43: =IFERROR(IF(L43="","",G43-L43),"") | N43: =IFERROR(IF(OR(L43="",H43=""),"",MIN(21,MAX(0,(L43-G43*$C$2)/H43))),"") | O43: =TODAY()+ROUNDUP(N43,0) | P43: =IFERROR(IF(N43="","—",IF(N43<=$E$2,"YES","—")),"—") | Q43: =COUNTIFS(Delivery_Log!$B$4:$B$5998,VALUE(B43),Delivery_Log!$A$4:$A$5998,">="&$Q$2)
A44: 39 | B44: 5004 | C44: ELT - 5004 - EL TACO TOTE | D44: 3 | E44: =IFERROR(VLOOKUP(C44,Client_List!$B:$K,4,0)&", "&VLOOKUP(C44,Client_List!$B:$K,5,0)&" AZ","") | F44: =IFERROR(VLOOKUP(C44,Client_List!$B:$K,7,0)&", "&VLOOKUP(C44,Client_List!$B:$K,8,0),"") | G44: =IFERROR(VLOOKUP(C44,Client_List!$B:$K,9,0),"") | H44: =IFERROR(LOOKUP(2,1/((Delivery_Log!$B$4:$B$4998=VALUE(B44))*(ISNUMBER(Delivery_Log!$J$4:$J$4998))*(Delivery_Log!$J$4:$J$4998>0)),Delivery_Log!$J$4:$J$4998),"") | I44: =IFERROR(VLOOKUP(C44,Client_List!$B:$K,10,0),"") | J44: =IFERROR(_xlfn.MAXIFS(Delivery_Log!$A$4:$A$4998,Delivery_Log!$B$4:$B$4998,VALUE(B44)),"—") | K44: =IFERROR(IF(J44="—","",TODAY()-J44),"") | L44: =IFERROR(IF(OR(K44="",H44=""),"",MAX(G44*0.03,G44-K44*H44)),"") | M44: =IFERROR(IF(L44="","",G44-L44),"") | N44: =IFERROR(IF(OR(L44="",H44=""),"",MIN(21,MAX(0,(L44-G44*$C$2)/H44))),"") | O44: =TODAY()+ROUNDUP(N44,0) | P44: =IFERROR(IF(N44="","—",IF(N44<=$E$2,"YES","—")),"—") | Q44: =COUNTIFS(Delivery_Log!$B$4:$B$5998,VALUE(B44),Delivery_Log!$A$4:$A$5998,">="&$Q$2)
A45: 40 | B45: 5018 | C45: ENR - 5018 - ENROUTE COFFEE AND TEA | D45: 1 | E45: =IFERROR(VLOOKUP(C45,Client_List!$B:$K,4,0)&", "&VLOOKUP(C45,Client_List!$B:$K,5,0)&" AZ","") | F45: =IFERROR(VLOOKUP(C45,Client_List!$B:$K,7,0)&", "&VLOOKUP(C45,Client_List!$B:$K,8,0),"") | G45: =IFERROR(VLOOKUP(C45,Client_List!$B:$K,9,0),"") | H45: =IFERROR(LOOKUP(2,1/((Delivery_Log!$B$4:$B$4998=VALUE(B45))*(ISNUMBER(Delivery_Log!$J$4:$J$4998))*(Delivery_Log!$J$4:$J$4998>0)),Delivery_Log!$J$4:$J$4998),"") | I45: =IFERROR(VLOOKUP(C45,Client_List!$B:$K,10,0),"") | J45: =IFERROR(_xlfn.MAXIFS(Delivery_Log!$A$4:$A$4998,Delivery_Log!$B$4:$B$4998,VALUE(B45)),"—") | K45: =IFERROR(IF(J45="—","",TODAY()-J45),"") | L45: =IFERROR(IF(OR(K45="",H45=""),"",MAX(G45*0.03,G45-K45*H45)),"") | M45: =IFERROR(IF(L45="","",G45-L45),"") | N45: =IFERROR(IF(OR(L45="",H45=""),"",MIN(21,MAX(0,(L45-G45*$C$2)/H45))),"") | O45: =TODAY()+ROUNDUP(N45,0) | P45: =IFERROR(IF(N45="","—",IF(N45<=$E$2,"YES","—")),"—") | Q45: =COUNTIFS(Delivery_Log!$B$4:$B$5998,VALUE(B45),Delivery_Log!$A$4:$A$5998,">="&$Q$2)
A46: 41 | B46: 6101 | C46: FAT - 6101 - FATE BREWERY | D46: 4 | E46: =IFERROR(VLOOKUP(C46,Client_List!$B:$K,4,0)&", "&VLOOKUP(C46,Client_List!$B:$K,5,0)&" AZ","") | F46: =IFERROR(VLOOKUP(C46,Client_List!$B:$K,7,0)&", "&VLOOKUP(C46,Client_List!$B:$K,8,0),"") | G46: =IFERROR(VLOOKUP(C46,Client_List!$B:$K,9,0),"") | H46: =IFERROR(LOOKUP(2,1/((Delivery_Log!$B$4:$B$4998=VALUE(B46))*(ISNUMBER(Delivery_Log!$J$4:$J$4998))*(Delivery_Log!$J$4:$J$4998>0)),Delivery_Log!$J$4:$J$4998),"") | I46: =IFERROR(VLOOKUP(C46,Client_List!$B:$K,10,0),"") | J46: =IFERROR(_xlfn.MAXIFS(Delivery_Log!$A$4:$A$4998,Delivery_Log!$B$4:$B$4998,VALUE(B46)),"—") | K46: =IFERROR(IF(J46="—","",TODAY()-J46),"") | L46: =IFERROR(IF(OR(K46="",H46=""),"",MAX(G46*0.03,G46-K46*H46)),"") | M46: =IFERROR(IF(L46="","",G46-L46),"") | N46: =IFERROR(IF(OR(L46="",H46=""),"",MIN(21,MAX(0,(L46-G46*$C$2)/H46))),"") | O46: =TODAY()+ROUNDUP(N46,0) | P46: =IFERROR(IF(N46="","—",IF(N46<=$E$2,"YES","—")),"—") | Q46: =COUNTIFS(Delivery_Log!$B$4:$B$5998,VALUE(B46),Delivery_Log!$A$4:$A$5998,">="&$Q$2)
A47: 42 | B47: 6109 | C47: FAT - 6109 - FATE BREWING TEMPE | D47: 4 | E47: =IFERROR(VLOOKUP(C47,Client_List!$B:$K,4,0)&", "&VLOOKUP(C47,Client_List!$B:$K,5,0)&" AZ","") | F47: =IFERROR(VLOOKUP(C47,Client_List!$B:$K,7,0)&", "&VLOOKUP(C47,Client_List!$B:$K,8,0),"") | G47: =IFERROR(VLOOKUP(C47,Client_List!$B:$K,9,0),"") | H47: =IFERROR(LOOKUP(2,1/((Delivery_Log!$B$4:$B$4998=VALUE(B47))*(ISNUMBER(Delivery_Log!$J$4:$J$4998))*(Delivery_Log!$J$4:$J$4998>0)),Delivery_Log!$J$4:$J$4998),"") | I47: =IFERROR(VLOOKUP(C47,Client_List!$B:$K,10,0),"") | J47: =IFERROR(_xlfn.MAXIFS(Delivery_Log!$A$4:$A$4998,Delivery_Log!$B$4:$B$4998,VALUE(B47)),"—") | K47: =IFERROR(IF(J47="—","",TODAY()-J47),"") | L47: =IFERROR(IF(OR(K47="",H47=""),"",MAX(G47*0.03,G47-K47*H47)),"") | M47: =IFERROR(IF(L47="","",G47-L47),"") | N47: =IFERROR(IF(OR(L47="",H47=""),"",MIN(21,MAX(0,(L47-G47*$C$2)/H47))),"") | O47: =TODAY()+ROUNDUP(N47,0) | P47: =IFERROR(IF(N47="","—",IF(N47<=$E$2,"YES","—")),"—") | Q47: =COUNTIFS(Delivery_Log!$B$4:$B$5998,VALUE(B47),Delivery_Log!$A$4:$A$5998,">="&$Q$2)
A48: 43 | B48: 6077 | C48: FOU - 6077 - FOUR PEAKS BREWING | D48: 4 | E48: =IFERROR(VLOOKUP(C48,Client_List!$B:$K,4,0)&", "&VLOOKUP(C48,Client_List!$B:$K,5,0)&" AZ","") | F48: =IFERROR(VLOOKUP(C48,Client_List!$B:$K,7,0)&", "&VLOOKUP(C48,Client_List!$B:$K,8,0),"") | G48: =IFERROR(VLOOKUP(C48,Client_List!$B:$K,9,0),"") | H48: =IFERROR(LOOKUP(2,1/((Delivery_Log!$B$4:$B$4998=VALUE(B48))*(ISNUMBER(Delivery_Log!$J$4:$J$4998))*(Delivery_Log!$J$4:$J$4998>0)),Delivery_Log!$J$4:$J$4998),"") | I48: =IFERROR(VLOOKUP(C48,Client_List!$B:$K,10,0),"") | J48: =IFERROR(_xlfn.MAXIFS(Delivery_Log!$A$4:$A$4998,Delivery_Log!$B$4:$B$4998,VALUE(B48)),"—") | K48: =IFERROR(IF(J48="—","",TODAY()-J48),"") | L48: =IFERROR(IF(OR(K48="",H48=""),"",MAX(G48*0.03,G48-K48*H48)),"") | M48: =IFERROR(IF(L48="","",G48-L48),"") | N48: =IFERROR(IF(OR(L48="",H48=""),"",MIN(21,MAX(0,(L48-G48*$C$2)/H48))),"") | O48: =TODAY()+ROUNDUP(N48,0) | P48: =IFERROR(IF(N48="","—",IF(N48<=$E$2,"YES","—")),"—") | Q48: =COUNTIFS(Delivery_Log!$B$4:$B$5998,VALUE(B48),Delivery_Log!$A$4:$A$5998,">="&$Q$2)
... A62: 57 | B62: 11016 | C62: KRI - 11016 - KRISPY KRUNCHY CHICKEN | D62: 4 | E62: =IFERROR(VLOOKUP(C62,Client_List!$B:$K,4,0)&", "&VLOOKUP(C62,Client_List!$B:$K,5,0)&" AZ","") | F62: =IFERROR(VLOOKUP(C62,Client_List!$B:$K,7,0)&", "&VLOOKUP(C62,Client_List!$B:$K,8,0),"") | G62: =IFERROR(VLOOKUP(C62,Client_List!$B:$K,9,0),"") | H62: =IFERROR(LOOKUP(2,1/((Delivery_Log!$B$4:$B$4998=VALUE(B62))*(ISNUMBER(Delivery_Log!$J$4:$J$4998))*(Delivery_Log!$J$4:$J$4998>0)),Delivery_Log!$J$4:$J$4998),"") | I62: =IFERROR(VLOOKUP(C62,Client_List!$B:$K,10,0),"") | J62: =IFERROR(_xlfn.MAXIFS(Delivery_Log!$A$4:$A$4998,Delivery_Log!$B$4:$B$4998,VALUE(B62)),"—") | K62: =IFERROR(IF(J62="—","",TODAY()-J62),"") | L62: =IFERROR(IF(OR(K62="",H62=""),"",MAX(G62*0.03,G62-K62*H62)),"") | M62: =IFERROR(IF(L62="","",G62-L62),"") | N62: =IFERROR(IF(OR(L62="",H62=""),"",MIN(21,MAX(0,(L62-G62*$C$2)/H62))),"") | O62: =TODAY()+ROUNDUP(N62,0) | P62: =IFERROR(IF(N62="","—",IF(N62<=$E$2,"YES","—")),"—") | Q62: =COUNTIFS(Delivery_Log!$B$4:$B$5998,VALUE(B62),Delivery_Log!$A$4:$A$5998,">="&$Q$2)
A63: 58 | B63: 12053 | C63: LA - 12053 - LA FIESTA CARNICERIA | D63: 4 | E63: =IFERROR(VLOOKUP(C63,Client_List!$B:$K,4,0)&", "&VLOOKUP(C63,Client_List!$B:$K,5,0)&" AZ","") | F63: =IFERROR(VLOOKUP(C63,Client_List!$B:$K,7,0)&", "&VLOOKUP(C63,Client_List!$B:$K,8,0),"") | G63: =IFERROR(VLOOKUP(C63,Client_List!$B:$K,9,0),"") | H63: =IFERROR(LOOKUP(2,1/((Delivery_Log!$B$4:$B$4998=VALUE(B63))*(ISNUMBER(Delivery_Log!$J$4:$J$4998))*(Delivery_Log!$J$4:$J$4998>0)),Delivery_Log!$J$4:$J$4998),"") | I63: =IFERROR(VLOOKUP(C63,Client_List!$B:$K,10,0),"") | J63: =IFERROR(_xlfn.MAXIFS(Delivery_Log!$A$4:$A$4998,Delivery_Log!$B$4:$B$4998,VALUE(B63)),"—") | K63: =IFERROR(IF(J63="—","",TODAY()-J63),"") | L63: =IFERROR(IF(OR(K63="",H63=""),"",MAX(G63*0.03,G63-K63*H63)),"") | M63: =IFERROR(IF(L63="","",G63-L63),"") | N63: =IFERROR(IF(OR(L63="",H63=""),"",MIN(21,MAX(0,(L63-G63*$C$2)/H63))),"") | O63: =TODAY()+ROUNDUP(N63,0) | P63: =IFERROR(IF(N63="","—",IF(N63<=$E$2,"YES","—")),"—") | Q63: =COUNTIFS(Delivery_Log!$B$4:$B$5998,VALUE(B63),Delivery_Log!$A$4:$A$5998,">="&$Q$2) | R63: Pull this out
A64: 59 | B64: 2010 | C64: LIB - 2010 - LIBERTY TAVERN | D64: 3 | E64: =IFERROR(VLOOKUP(C64,Client_List!$B:$K,4,0)&", "&VLOOKUP(C64,Client_List!$B:$K,5,0)&" AZ","") | F64: =IFERROR(VLOOKUP(C64,Client_List!$B:$K,7,0)&", "&VLOOKUP(C64,Client_List!$B:$K,8,0),"") | G64: =IFERROR(VLOOKUP(C64,Client_List!$B:$K,9,0),"") | H64: =IFERROR(LOOKUP(2,1/((Delivery_Log!$B$4:$B$4998=VALUE(B64))*(ISNUMBER(Delivery_Log!$J$4:$J$4998))*(Delivery_Log!$J$4:$J$4998>0)),Delivery_Log!$J$4:$J$4998),"") | I64: =IFERROR(VLOOKUP(C64,Client_List!$B:$K,10,0),"") | J64: =IFERROR(_xlfn.MAXIFS(Delivery_Log!$A$4:$A$4998,Delivery_Log!$B$4:$B$4998,VALUE(B64)),"—") | K64: =IFERROR(IF(J64="—","",TODAY()-J64),"") | L64: =IFERROR(IF(OR(K64="",H64=""),"",MAX(G64*0.03,G64-K64*H64)),"") | M64: =IFERROR(IF(L64="","",G64-L64),"") | N64: =IFERROR(IF(OR(L64="",H64=""),"",MIN(21,MAX(0,(L64-G64*$C$2)/H64))),"") | O64: =TODAY()+ROUNDUP(N64,0) | P64: =IFERROR(IF(N64="","—",IF(N64<=$E$2,"YES","—")),"—") | Q64: =COUNTIFS(Delivery_Log!$B$4:$B$5998,VALUE(B64),Delivery_Log!$A$4:$A$5998,">="&$Q$2)
A65: 60 | B65: 12055 | C65: LIT - 12055 - LITTLE O'S CENTRAL | D65: 3 | E65: =IFERROR(VLOOKUP(C65,Client_List!$B:$K,4,0)&", "&VLOOKUP(C65,Client_List!$B:$K,5,0)&" AZ","") | F65: =IFERROR(VLOOKUP(C65,Client_List!$B:$K,7,0)&", "&VLOOKUP(C65,Client_List!$B:$K,8,0),"") | G65: =IFERROR(VLOOKUP(C65,Client_List!$B:$K,9,0),"") | H65: =IFERROR(LOOKUP(2,1/((Delivery_Log!$B$4:$B$4998=VALUE(B65))*(ISNUMBER(Delivery_Log!$J$4:$J$4998))*(Delivery_Log!$J$4:$J$4998>0)),Delivery_Log!$J$4:$J$4998),"") | I65: =IFERROR(VLOOKUP(C65,Client_List!$B:$K,10,0),"") | J65: =IFERROR(_xlfn.MAXIFS(Delivery_Log!$A$4:$A$4998,Delivery_Log!$B$4:$B$4998,VALUE(B65)),"—") | K65: =IFERROR(IF(J65="—","",TODAY()-J65),"") | L65: =IFERROR(IF(OR(K65="",H65=""),"",MAX(G65*0.03,G65-K65*H65)),"") | M65: =IFERROR(IF(L65="","",G65-L65),"") | N65: =IFERROR(IF(OR(L65="",H65=""),"",MIN(21,MAX(0,(L65-G65*$C$2)/H65))),"") | O65: =TODAY()+ROUNDUP(N65,0) | P65: =IFERROR(IF(N65="","—",IF(N65<=$E$2,"YES","—")),"—") | Q65: =COUNTIFS(Delivery_Log!$B$4:$B$5998,VALUE(B65),Delivery_Log!$A$4:$A$5998,">="&$Q$2)
A66: 61 | B66: 12048 | C66: LIV - 12048 - LIVING ROOM SCOTTSDALE | D66: 4 | E66: =IFERROR(VLOOKUP(C66,Client_List!$B:$K,4,0)&", "&VLOOKUP(C66,Client_List!$B:$K,5,0)&" AZ","") | F66: =IFERROR(VLOOKUP(C66,Client_List!$B:$K,7,0)&", "&VLOOKUP(C66,Client_List!$B:$K,8,0),"") | G66: =IFERROR(VLOOKUP(C66,Client_List!$B:$K,9,0),"") | H66: =IFERROR(LOOKUP(2,1/((Delivery_Log!$B$4:$B$4998=VALUE(B66))*(ISNUMBER(Delivery_Log!$J$4:$J$4998))*(Delivery_Log!$J$4:$J$4998>0)),Delivery_Log!$J$4:$J$4998),"") | I66: =IFERROR(VLOOKUP(C66,Client_List!$B:$K,10,0),"") | J66: =IFERROR(_xlfn.MAXIFS(Delivery_Log!$A$4:$A$4998,Delivery_Log!$B$4:$B$4998,VALUE(B66)),"—") | K66: =IFERROR(IF(J66="—","",TODAY()-J66),"") | L66: =IFERROR(IF(OR(K66="",H66=""),"",MAX(G66*0.03,G66-K66*H66)),"") | M66: =IFERROR(IF(L66="","",G66-L66),"") | N66: =IFERROR(IF(OR(L66="",H66=""),"",MIN(21,MAX(0,(L66-G66*$C$2)/H66))),"") | O66: =TODAY()+ROUNDUP(N66,0) | P66: =IFERROR(IF(N66="","—",IF(N66<=$E$2,"YES","—")),"—") | Q66: =COUNTIFS(Delivery_Log!$B$4:$B$5998,VALUE(B66),Delivery_Log!$A$4:$A$5998,">="&$Q$2)
A67: 62 | B67: 12025 | C67: LOC - 12025 - LOCO PATRON | D67: 4 | E67: =IFERROR(VLOOKUP(C67,Client_List!$B:$K,4,0)&", "&VLOOKUP(C67,Client_List!$B:$K,5,0)&" AZ","") | F67: =IFERROR(VLOOKUP(C67,Client_List!$B:$K,7,0)&", "&VLOOKUP(C67,Client_List!$B:$K,8,0),"") | G67: =IFERROR(VLOOKUP(C67,Client_List!$B:$K,9,0),"") | H67: =IFERROR(LOOKUP(2,1/((Delivery_Log!$B$4:$B$4998=VALUE(B67))*(ISNUMBER(Delivery_Log!$J$4:$J$4998))*(Delivery_Log!$J$4:$J$4998>0)),Delivery_Log!$J$4:$J$4998),"") | I67: =IFERROR(VLOOKUP(C67,Client_List!$B:$K,10,0),"") | J67: =IFERROR(_xlfn.MAXIFS(Delivery_Log!$A$4:$A$4998,Delivery_Log!$B$4:$B$4998,VALUE(B67)),"—") | K67: =IFERROR(IF(J67="—","",TODAY()-J67),"") | L67: =IFERROR(IF(OR(K67="",H67=""),"",MAX(G67*0.03,G67-K67*H67)),"") | M67: =IFERROR(IF(L67="","",G67-L67),"") | N67: =IFERROR(IF(OR(L67="",H67=""),"",MIN(21,MAX(0,(L67-G67*$C$2)/H67))),"") | O67: =TODAY()+ROUNDUP(N67,0) | P67: =IFERROR(IF(N67="","—",IF(N67<=$E$2,"YES","—")),"—") | Q67: =COUNTIFS(Delivery_Log!$B$4:$B$5998,VALUE(B67),Delivery_Log!$A$4:$A$5998,">="&$Q$2)
A68: 63 | B68: 12050 | C68: LON - 12050 - LONG WONG 35TH | D68: 3 | E68: =IFERROR(VLOOKUP(C68,Client_List!$B:$K,4,0)&", "&VLOOKUP(C68,Client_List!$B:$K,5,0)&" AZ","") | F68: =IFERROR(VLOOKUP(C68,Client_List!$B:$K,7,0)&", "&VLOOKUP(C68,Client_List!$B:$K,8,0),"") | G68: =IFERROR(VLOOKUP(C68,Client_List!$B:$K,9,0),"") | H68: =IFERROR(LOOKUP(2,1/((Delivery_Log!$B$4:$B$4998=VALUE(B68))*(ISNUMBER(Delivery_Log!$J$4:$J$4998))*(Delivery_Log!$J$4:$J$4998>0)),Delivery_Log!$J$4:$J$4998),"") | I68: =IFERROR(VLOOKUP(C68,Client_List!$B:$K,10,0),"") | J68: =IFERROR(_xlfn.MAXIFS(Delivery_Log!$A$4:$A$4998,Delivery_Log!$B$4:$B$4998,VALUE(B68)),"—") | K68: =IFERROR(IF(J68="—","",TODAY()-J68),"") | L68: =IFERROR(IF(OR(K68="",H68=""),"",MAX(G68*0.03,G68-K68*H68)),"") | M68: =IFERROR(IF(L68="","",G68-L68),"") | N68: =IFERROR(IF(OR(L68="",H68=""),"",MIN(21,MAX(0,(L68-G68*$C$2)/H68))),"") | O68: =TODAY()+ROUNDUP(N68,0) | P68: =IFERROR(IF(N68="","—",IF(N68<=$E$2,"YES","—")),"—") | Q68: =COUNTIFS(Delivery_Log!$B$4:$B$5998,VALUE(B68),Delivery_Log!$A$4:$A$5998,">="&$Q$2)
A69: 64 | B69: 12051 | C69: LON - 12051 - LONG WONG LOWER BUCKEYE | D69: 2 | E69: =IFERROR(VLOOKUP(C69,Client_List!$B:$K,4,0)&", "&VLOOKUP(C69,Client_List!$B:$K,5,0)&" AZ","") | F69: =IFERROR(VLOOKUP(C69,Client_List!$B:$K,7,0)&", "&VLOOKUP(C69,Client_List!$B:$K,8,0),"") | G69: =IFERROR(VLOOKUP(C69,Client_List!$B:$K,9,0),"") | H69: =IFERROR(LOOKUP(2,1/((Delivery_Log!$B$4:$B$4998=VALUE(B69))*(ISNUMBER(Delivery_Log!$J$4:$J$4998))*(Delivery_Log!$J$4:$J$4998>0)),Delivery_Log!$J$4:$J$4998),"") | I69: =IFERROR(VLOOKUP(C69,Client_List!$B:$K,10,0),"") | J69: =IFERROR(_xlfn.MAXIFS(Delivery_Log!$A$4:$A$4998,Delivery_Log!$B$4:$B$4998,VALUE(B69)),"—") | K69: =IFERROR(IF(J69="—","",TODAY()-J69),"") | L69: =IFERROR(IF(OR(K69="",H69=""),"",MAX(G69*0.03,G69-K69*H69)),"") | M69: =IFERROR(IF(L69="","",G69-L69),"") | N69: =IFERROR(IF(OR(L69="",H69=""),"",MIN(21,MAX(0,(L69-G69*$C$2)/H69))),"") | O69: =TODAY()+ROUNDUP(N69,0) | P69: =IFERROR(IF(N69="","—",IF(N69<=$E$2,"YES","—")),"—") | Q69: =COUNTIFS(Delivery_Log!$B$4:$B$5998,VALUE(B69),Delivery_Log!$A$4:$A$5998,">="&$Q$2)
A70: 65 | B70: 12009 | C70: LON75 - 12009 - LONG WONG 75/THOMAS | D70: 2 | E70: =IFERROR(VLOOKUP(C70,Client_List!$B:$K,4,0)&", "&VLOOKUP(C70,Client_List!$B:$K,5,0)&" AZ","") | F70: =IFERROR(VLOOKUP(C70,Client_List!$B:$K,7,0)&", "&VLOOKUP(C70,Client_List!$B:$K,8,0),"") | G70: =IFERROR(VLOOKUP(C70,Client_List!$B:$K,9,0),"") | H70: =IFERROR(LOOKUP(2,1/((Delivery_Log!$B$4:$B$4998=VALUE(B70))*(ISNUMBER(Delivery_Log!$J$4:$J$4998))*(Delivery_Log!$J$4:$J$4998>0)),Delivery_Log!$J$4:$J$4998),"") | I70: =IFERROR(VLOOKUP(C70,Client_List!$B:$K,10,0),"") | J70: =IFERROR(_xlfn.MAXIFS(Delivery_Log!$A$4:$A$4998,Delivery_Log!$B$4:$B$4998,VALUE(B70)),"—") | K70: =IFERROR(IF(J70="—","",TODAY()-J70),"") | L70: =IFERROR(IF(OR(K70="",H70=""),"",MAX(G70*0.03,G70-K70*H70)),"") | M70: =IFERROR(IF(L70="","",G70-L70),"") | N70: =IFERROR(IF(OR(L70="",H70=""),"",MIN(21,MAX(0,(L70-G70*$C$2)/H70))),"") | O70: =TODAY()+ROUNDUP(N70,0) | P70: =IFERROR(IF(N70="","—",IF(N70<=$E$2,"YES","—")),"—") | Q70: =COUNTIFS(Delivery_Log!$B$4:$B$5998,VALUE(B70),Delivery_Log!$A$4:$A$5998,">="&$Q$2)
A71: 66 | B71: 13057 | C71: MAN - 13057 - MANUEL CHANDLER | D71: 4 | E71: =IFERROR(VLOOKUP(C71,Client_List!$B:$K,4,0)&", "&VLOOKUP(C71,Client_List!$B:$K,5,0)&" AZ","") | F71: =IFERROR(VLOOKUP(C71,Client_List!$B:$K,7,0)&", "&VLOOKUP(C71,Client_List!$B:$K,8,0),"") | G71: =IFERROR(VLOOKUP(C71,Client_List!$B:$K,9,0),"") | H71: =IFERROR(LOOKUP(2,1/((Delivery_Log!$B$4:$B$4998=VALUE(B71))*(ISNUMBER(Delivery_Log!$J$4:$J$4998))*(Delivery_Log!$J$4:$J$4998>0)),Delivery_Log!$J$4:$J$4998),"") | I71: =IFERROR(VLOOKUP(C71,Client_List!$B:$K,10,0),"") | J71: =IFERROR(_xlfn.MAXIFS(Delivery_Log!$A$4:$A$4998,Delivery_Log!$B$4:$B$4998,VALUE(B71)),"—") | K71: =IFERROR(IF(J71="—","",TODAY()-J71),"") | L71: =IFERROR(IF(OR(K71="",H71=""),"",MAX(G71*0.03,G71-K71*H71)),"") | M71: =IFERROR(IF(L71="","",G71-L71),"") | N71: =IFERROR(IF(OR(L71="",H71=""),"",MIN(21,MAX(0,(L71-G71*$C$2)/H71))),"") | O71: =TODAY()+ROUNDUP(N71,0) | P71: =IFERROR(IF(N71="","—",IF(N71<=$E$2,"YES","—")),"—") | Q71: =COUNTIFS(Delivery_Log!$B$4:$B$5998,VALUE(B71),Delivery_Log!$A$4:$A$5998,">="&$Q$2)
A72: 67 | B72: 13069 | C72: MAN - 13069 - MANUEL SHEA | D72: 3 | E72: =IFERROR(VLOOKUP(C72,Client_List!$B:$K,4,0)&", "&VLOOKUP(C72,Client_List!$B:$K,5,0)&" AZ","") | F72: =IFERROR(VLOOKUP(C72,Client_List!$B:$K,7,0)&", "&VLOOKUP(C72,Client_List!$B:$K,8,0),"") | G72: =IFERROR(VLOOKUP(C72,Client_List!$B:$K,9,0),"") | H72: =IFERROR(LOOKUP(2,1/((Delivery_Log!$B$4:$B$4998=VALUE(B72))*(ISNUMBER(Delivery_Log!$J$4:$J$4998))*(Delivery_Log!$J$4:$J$4998>0)),Delivery_Log!$J$4:$J$4998),"") | I72: =IFERROR(VLOOKUP(C72,Client_List!$B:$K,10,0),"") | J72: =IFERROR(_xlfn.MAXIFS(Delivery_Log!$A$4:$A$4998,Delivery_Log!$B$4:$B$4998,VALUE(B72)),"—") | K72: =IFERROR(IF(J72="—","",TODAY()-J72),"") | L72: =IFERROR(IF(OR(K72="",H72=""),"",MAX(G72*0.03,G72-K72*H72)),"") | M72: =IFERROR(IF(L72="","",G72-L72),"") | N72: =IFERROR(IF(OR(L72="",H72=""),"",MIN(21,MAX(0,(L72-G72*$C$2)/H72))),"") | O72: =TODAY()+ROUNDUP(N72,0) | P72: =IFERROR(IF(N72="","—",IF(N72<=$E$2,"YES","—")),"—") | Q72: =COUNTIFS(Delivery_Log!$B$4:$B$5998,VALUE(B72),Delivery_Log!$A$4:$A$5998,">="&$Q$2)
A73: 68 | B73: 13012 | C73: MAN1 - 13012 - MANUEL MCDOWELL | D73: 1 | E73: =IFERROR(VLOOKUP(C73,Client_List!$B:$K,4,0)&", "&VLOOKUP(C73,Client_List!$B:$K,5,0)&" AZ","") | F73: =IFERROR(VLOOKUP(C73,Client_List!$B:$K,7,0)&", "&VLOOKUP(C73,Client_List!$B:$K,8,0),"") | G73: =IFERROR(VLOOKUP(C73,Client_List!$B:$K,9,0),"") | H73: =IFERROR(LOOKUP(2,1/((Delivery_Log!$B$4:$B$4998=VALUE(B73))*(ISNUMBER(Delivery_Log!$J$4:$J$4998))*(Delivery_Log!$J$4:$J$4998>0)),Delivery_Log!$J$4:$J$4998),"") | I73: =IFERROR(VLOOKUP(C73,Client_List!$B:$K,10,0),"") | J73: =IFERROR(_xlfn.MAXIFS(Delivery_Log!$A$4:$A$4998,Delivery_Log!$B$4:$B$4998,VALUE(B73)),"—") | K73: =IFERROR(IF(J73="—","",TODAY()-J73),"") | L73: =IFERROR(IF(OR(K73="",H73=""),"",MAX(G73*0.03,G73-K73*H73)),"") | M73: =IFERROR(IF(L73="","",G73-L73),"") | N73: =IFERROR(IF(OR(L73="",H73=""),"",MIN(21,MAX(0,(L73-G73*$C$2)/H73))),"") | O73: =TODAY()+ROUNDUP(N73,0) | P73: =IFERROR(IF(N73="","—",IF(N73<=$E$2,"YES","—")),"—") | Q73: =COUNTIFS(Delivery_Log!$B$4:$B$5998,VALUE(B73),Delivery_Log!$A$4:$A$5998,">="&$Q$2)
A74: 69 | B74: 13011 | C74: MAN3 - 13011 - MANUEL INDIAN SCHOOL | D74: 3 | E74: =IFERROR(VLOOKUP(C74,Client_List!$B:$K,4,0)&", "&VLOOKUP(C74,Client_List!$B:$K,5,0)&" AZ","") | F74: =IFERROR(VLOOKUP(C74,Client_List!$B:$K,7,0)&", "&VLOOKUP(C74,Client_List!$B:$K,8,0),"") | G74: =IFERROR(VLOOKUP(C74,Client_List!$B:$K,9,0),"") | H74: =IFERROR(LOOKUP(2,1/((Delivery_Log!$B$4:$B$4998=VALUE(B74))*(ISNUMBER(Delivery_Log!$J$4:$J$4998))*(Delivery_Log!$J$4:$J$4998>0)),Delivery_Log!$J$4:$J$4998),"") | I74: =IFERROR(VLOOKUP(C74,Client_List!$B:$K,10,0),"") | J74: =IFERROR(_xlfn.MAXIFS(Delivery_Log!$A$4:$A$4998,Delivery_Log!$B$4:$B$4998,VALUE(B74)),"—") | K74: =IFERROR(IF(J74="—","",TODAY()-J74),"") | L74: =IFERROR(IF(OR(K74="",H74=""),"",MAX(G74*0.03,G74-K74*H74)),"") | M74: =IFERROR(IF(L74="","",G74-L74),"") | N74: =IFERROR(IF(OR(L74="",H74=""),"",MIN(21,MAX(0,(L74-G74*$C$2)/H74))),"") | O74: =TODAY()+ROUNDUP(N74,0) | P74: =IFERROR(IF(N74="","—",IF(N74<=$E$2,"YES","—")),"—") | Q74: =COUNTIFS(Delivery_Log!$B$4:$B$5998,VALUE(B74),Delivery_Log!$A$4:$A$5998,">="&$Q$2)
A75: 70 | B75: 13009 | C75: MAN6 - 13009 - MANUEL BELL | D75: 3 | E75: =IFERROR(VLOOKUP(C75,Client_List!$B:$K,4,0)&", "&VLOOKUP(C75,Client_List!$B:$K,5,0)&" AZ","") | F75: =IFERROR(VLOOKUP(C75,Client_List!$B:$K,7,0)&", "&VLOOKUP(C75,Client_List!$B:$K,8,0),"") | G75: =IFERROR(VLOOKUP(C75,Client_List!$B:$K,9,0),"") | H75: =IFERROR(LOOKUP(2,1/((Delivery_Log!$B$4:$B$4998=VALUE(B75))*(ISNUMBER(Delivery_Log!$J$4:$J$4998))*(Delivery_Log!$J$4:$J$4998>0)),Delivery_Log!$J$4:$J$4998),"") | I75: =IFERROR(VLOOKUP(C75,Client_List!$B:$K,10,0),"") | J75: =IFERROR(_xlfn.MAXIFS(Delivery_Log!$A$4:$A$4998,Delivery_Log!$B$4:$B$4998,VALUE(B75)),"—") | K75: =IFERROR(IF(J75="—","",TODAY()-J75),"") | L75: =IFERROR(IF(OR(K75="",H75=""),"",MAX(G75*0.03,G75-K75*H75)),"") | M75: =IFERROR(IF(L75="","",G75-L75),"") | N75: =IFERROR(IF(OR(L75="",H75=""),"",MIN(21,MAX(0,(L75-G75*$C$2)/H75))),"") | O75: =TODAY()+ROUNDUP(N75,0) | P75: =IFERROR(IF(N75="","—",IF(N75<=$E$2,"YES","—")),"—") | Q75: =COUNTIFS(Delivery_Log!$B$4:$B$5998,VALUE(B75),Delivery_Log!$A$4:$A$5998,">="&$Q$2)
... A96: 91 | B96: 15027 | C96: OREG - 15027 - OREGANO CHANDLER | D96: 4 | E96: =IFERROR(VLOOKUP(C96,Client_List!$B:$K,4,0)&", "&VLOOKUP(C96,Client_List!$B:$K,5,0)&" AZ","") | F96: =IFERROR(VLOOKUP(C96,Client_List!$B:$K,7,0)&", "&VLOOKUP(C96,Client_List!$B:$K,8,0),"") | G96: =IFERROR(VLOOKUP(C96,Client_List!$B:$K,9,0),"") | H96: =IFERROR(LOOKUP(2,1/((Delivery_Log!$B$4:$B$4998=VALUE(B96))*(ISNUMBER(Delivery_Log!$J$4:$J$4998))*(Delivery_Log!$J$4:$J$4998>0)),Delivery_Log!$J$4:$J$4998),"") | I96: =IFERROR(VLOOKUP(C96,Client_List!$B:$K,10,0),"") | J96: =IFERROR(_xlfn.MAXIFS(Delivery_Log!$A$4:$A$4998,Delivery_Log!$B$4:$B$4998,VALUE(B96)),"—") | K96: =IFERROR(IF(J96="—","",TODAY()-J96),"") | L96: =IFERROR(IF(OR(K96="",H96=""),"",MAX(G96*0.03,G96-K96*H96)),"") | M96: =IFERROR(IF(L96="","",G96-L96),"") | N96: =IFERROR(IF(OR(L96="",H96=""),"",MIN(21,MAX(0,(L96-G96*$C$2)/H96))),"") | O96: =TODAY()+ROUNDUP(N96,0) | P96: =IFERROR(IF(N96="","—",IF(N96<=$E$2,"YES","—")),"—") | Q96: =COUNTIFS(Delivery_Log!$B$4:$B$5998,VALUE(B96),Delivery_Log!$A$4:$A$5998,">="&$Q$2)
A97: 92 | C97: OREGANO CORP | D97: 4 | E97: =IFERROR(VLOOKUP(C97,Client_List!$B:$K,4,0)&", "&VLOOKUP(C97,Client_List!$B:$K,5,0)&" AZ","") | F97: =IFERROR(VLOOKUP(C97,Client_List!$B:$K,7,0)&", "&VLOOKUP(C97,Client_List!$B:$K,8,0),"") | G97: =IFERROR(VLOOKUP(C97,Client_List!$B:$K,9,0),"") | H97: =IFERROR(LOOKUP(2,1/((Delivery_Log!$B$4:$B$4998=VALUE(B97))*(Delivery_Log!$J$4:$J$4998>0)),Delivery_Log!$J$4:$J$4998),"") | I97: =IFERROR(VLOOKUP(C97,Client_List!$B:$K,10,0),"") | J97: =IFERROR(_xlfn.MAXIFS(Delivery_Log!$A$4:$A$4998,Delivery_Log!$B$4:$B$4998,C97),"—") | K97: =IFERROR(IF(J97="—","",TODAY()-J97),"") | L97: =IFERROR(IF(OR(K97="",H97=""),"",MAX(G97*0.03,G97-K97*H97)),"") | M97: =IFERROR(IF(L97="","",G97-L97),"") | N97: =IFERROR(IF(OR(L97="",H97=""),"",MIN(21,MAX(0,(L97-G97*$C$2)/H97))),"") | O97: =TODAY()+ROUNDUP(N97,0) | P97: =IFERROR(IF(N97="","—",IF(N97<=$E$2,"YES","—")),"—") | Q97: =COUNTIFS(Delivery_Log!$B$4:$B$5998,"="&C97,Delivery_Log!$A$4:$A$5998,">="&$Q$2)
A98: 93 | B98: 15005 | C98: OREM - 15005 - OREGANO GOODYEAR | D98: 1 | E98: =IFERROR(VLOOKUP(C98,Client_List!$B:$K,4,0)&", "&VLOOKUP(C98,Client_List!$B:$K,5,0)&" AZ","") | F98: =IFERROR(VLOOKUP(C98,Client_List!$B:$K,7,0)&", "&VLOOKUP(C98,Client_List!$B:$K,8,0),"") | G98: =IFERROR(VLOOKUP(C98,Client_List!$B:$K,9,0),"") | H98: =IFERROR(LOOKUP(2,1/((Delivery_Log!$B$4:$B$4998=VALUE(B98))*(ISNUMBER(Delivery_Log!$J$4:$J$4998))*(Delivery_Log!$J$4:$J$4998>0)),Delivery_Log!$J$4:$J$4998),"") | I98: =IFERROR(VLOOKUP(C98,Client_List!$B:$K,10,0),"") | J98: =IFERROR(_xlfn.MAXIFS(Delivery_Log!$A$4:$A$4998,Delivery_Log!$B$4:$B$4998,VALUE(B98)),"—") | K98: =IFERROR(IF(J98="—","",TODAY()-J98),"") | L98: =IFERROR(IF(OR(K98="",H98=""),"",MAX(G98*0.03,G98-K98*H98)),"") | M98: =IFERROR(IF(L98="","",G98-L98),"") | N98: =IFERROR(IF(OR(L98="",H98=""),"",MIN(21,MAX(0,(L98-G98*$C$2)/H98))),"") | O98: =TODAY()+ROUNDUP(N98,0) | P98: =IFERROR(IF(N98="","—",IF(N98<=$E$2,"YES","—")),"—") | Q98: =COUNTIFS(Delivery_Log!$B$4:$B$5998,VALUE(B98),Delivery_Log!$A$4:$A$5998,">="&$Q$2)
A99: 94 | B99: 15009 | C99: OREM - 15009 - OREGANO QUEEN CREEK | D99: 5 | E99: =IFERROR(VLOOKUP(C99,Client_List!$B:$K,4,0)&", "&VLOOKUP(C99,Client_List!$B:$K,5,0)&" AZ","") | F99: =IFERROR(VLOOKUP(C99,Client_List!$B:$K,7,0)&", "&VLOOKUP(C99,Client_List!$B:$K,8,0),"") | G99: =IFERROR(VLOOKUP(C99,Client_List!$B:$K,9,0),"") | H99: =IFERROR(LOOKUP(2,1/((Delivery_Log!$B$4:$B$4998=VALUE(B99))*(ISNUMBER(Delivery_Log!$J$4:$J$4998))*(Delivery_Log!$J$4:$J$4998>0)),Delivery_Log!$J$4:$J$4998),"") | I99: =IFERROR(VLOOKUP(C99,Client_List!$B:$K,10,0),"") | J99: =IFERROR(_xlfn.MAXIFS(Delivery_Log!$A$4:$A$4998,Delivery_Log!$B$4:$B$4998,VALUE(B99)),"—") | K99: =IFERROR(IF(J99="—","",TODAY()-J99),"") | L99: =IFERROR(IF(OR(K99="",H99=""),"",MAX(G99*0.03,G99-K99*H99)),"") | M99: =IFERROR(IF(L99="","",G99-L99),"") | N99: =IFERROR(IF(OR(L99="",H99=""),"",MIN(21,MAX(0,(L99-G99*$C$2)/H99))),"") | O99: =TODAY()+ROUNDUP(N99,0) | P99: =IFERROR(IF(N99="","—",IF(N99<=$E$2,"YES","—")),"—") | Q99: =COUNTIFS(Delivery_Log!$B$4:$B$5998,VALUE(B99),Delivery_Log!$A$4:$A$5998,">="&$Q$2)
A100: 95 | B100: 15023 | C100: OREM - 15023 - OREGANO MESA | D100: 4 | E100: =IFERROR(VLOOKUP(C100,Client_List!$B:$K,4,0)&", "&VLOOKUP(C100,Client_List!$B:$K,5,0)&" AZ","") | F100: =IFERROR(VLOOKUP(C100,Client_List!$B:$K,7,0)&", "&VLOOKUP(C100,Client_List!$B:$K,8,0),"") | G100: =IFERROR(VLOOKUP(C100,Client_List!$B:$K,9,0),"") | H100: =IFERROR(LOOKUP(2,1/((Delivery_Log!$B$4:$B$4998=VALUE(B100))*(ISNUMBER(Delivery_Log!$J$4:$J$4998))*(Delivery_Log!$J$4:$J$4998>0)),Delivery_Log!$J$4:$J$4998),"") | I100: =IFERROR(VLOOKUP(C100,Client_List!$B:$K,10,0),"") | J100: =IFERROR(_xlfn.MAXIFS(Delivery_Log!$A$4:$A$4998,Delivery_Log!$B$4:$B$4998,VALUE(B100)),"—") | K100: =IFERROR(IF(J100="—","",TODAY()-J100),"") | L100: =IFERROR(IF(OR(K100="",H100=""),"",MAX(G100*0.03,G100-K100*H100)),"") | M100: =IFERROR(IF(L100="","",G100-L100),"") | N100: =IFERROR(IF(OR(L100="",H100=""),"",MIN(21,MAX(0,(L100-G100*$C$2)/H100))),"") | O100: =TODAY()+ROUNDUP(N100,0) | P100: =IFERROR(IF(N100="","—",IF(N100<=$E$2,"YES","—")),"—") | Q100: =COUNTIFS(Delivery_Log!$B$4:$B$5998,VALUE(B100),Delivery_Log!$A$4:$A$5998,">="&$Q$2)
A101: 96 | B101: 15015 | C101: ORES - 15015 - OREGANO SUPERSTITION | D101: 5 | E101: =IFERROR(VLOOKUP(C101,Client_List!$B:$K,4,0)&", "&VLOOKUP(C101,Client_List!$B:$K,5,0)&" AZ","") | F101: =IFERROR(VLOOKUP(C101,Client_List!$B:$K,7,0)&", "&VLOOKUP(C101,Client_List!$B:$K,8,0),"") | G101: =IFERROR(VLOOKUP(C101,Client_List!$B:$K,9,0),"") | H101: =IFERROR(LOOKUP(2,1/((Delivery_Log!$B$4:$B$4998=VALUE(B101))*(ISNUMBER(Delivery_Log!$J$4:$J$4998))*(Delivery_Log!$J$4:$J$4998>0)),Delivery_Log!$J$4:$J$4998),"") | I101: =IFERROR(VLOOKUP(C101,Client_List!$B:$K,10,0),"") | J101: =IFERROR(_xlfn.MAXIFS(Delivery_Log!$A$4:$A$4998,Delivery_Log!$B$4:$B$4998,VALUE(B101)),"—") | K101: =IFERROR(IF(J101="—","",TODAY()-J101),"") | L101: =IFERROR(IF(OR(K101="",H101=""),"",MAX(G101*0.03,G101-K101*H101)),"") | M101: =IFERROR(IF(L101="","",G101-L101),"") | N101: =IFERROR(IF(OR(L101="",H101=""),"",MIN(21,MAX(0,(L101-G101*$C$2)/H101))),"") | O101: =TODAY()+ROUNDUP(N101,0) | P101: =IFERROR(IF(N101="","—",IF(N101<=$E$2,"YES","—")),"—") | Q101: =COUNTIFS(Delivery_Log!$B$4:$B$5998,VALUE(B101),Delivery_Log!$A$4:$A$5998,">="&$Q$2)
A102: 97 | B102: 15018 | C102: ORES - 15018 - OREGANO SCOTTSDALE | D102: 4 | E102: =IFERROR(VLOOKUP(C102,Client_List!$B:$K,4,0)&", "&VLOOKUP(C102,Client_List!$B:$K,5,0)&" AZ","") | F102: =IFERROR(VLOOKUP(C102,Client_List!$B:$K,7,0)&", "&VLOOKUP(C102,Client_List!$B:$K,8,0),"") | G102: =IFERROR(VLOOKUP(C102,Client_List!$B:$K,9,0),"") | H102: =IFERROR(LOOKUP(2,1/((Delivery_Log!$B$4:$B$4998=VALUE(B102))*(ISNUMBER(Delivery_Log!$J$4:$J$4998))*(Delivery_Log!$J$4:$J$4998>0)),Delivery_Log!$J$4:$J$4998),"") | I102: =IFERROR(VLOOKUP(C102,Client_List!$B:$K,10,0),"") | J102: =IFERROR(_xlfn.MAXIFS(Delivery_Log!$A$4:$A$4998,Delivery_Log!$B$4:$B$4998,VALUE(B102)),"—") | K102: =IFERROR(IF(J102="—","",TODAY()-J102),"") | L102: =IFERROR(IF(OR(K102="",H102=""),"",MAX(G102*0.03,G102-K102*H102)),"") | M102: =IFERROR(IF(L102="","",G102-L102),"") | N102: =IFERROR(IF(OR(L102="",H102=""),"",MIN(21,MAX(0,(L102-G102*$C$2)/H102))),"") | O102: =TODAY()+ROUNDUP(N102,0) | P102: =IFERROR(IF(N102="","—",IF(N102<=$E$2,"YES","—")),"—") | Q102: =COUNTIFS(Delivery_Log!$B$4:$B$5998,VALUE(B102),Delivery_Log!$A$4:$A$5998,">="&$Q$2)
A103: 98 | B103: 15051 | C103: ORI - 15051 - ORIGEN GILBERT LLC | D103: 5 | E103: =IFERROR(VLOOKUP(C103,Client_List!$B:$K,4,0)&", "&VLOOKUP(C103,Client_List!$B:$K,5,0)&" AZ","") | F103: =IFERROR(VLOOKUP(C103,Client_List!$B:$K,7,0)&", "&VLOOKUP(C103,Client_List!$B:$K,8,0),"") | G103: =IFERROR(VLOOKUP(C103,Client_List!$B:$K,9,0),"") | H103: =IFERROR(LOOKUP(2,1/((Delivery_Log!$B$4:$B$4998=VALUE(B103))*(ISNUMBER(Delivery_Log!$J$4:$J$4998))*(Delivery_Log!$J$4:$J$4998>0)),Delivery_Log!$J$4:$J$4998),"") | I103: =IFERROR(VLOOKUP(C103,Client_List!$B:$K,10,0),"") | J103: =IFERROR(_xlfn.MAXIFS(Delivery_Log!$A$4:$A$4998,Delivery_Log!$B$4:$B$4998,VALUE(B103)),"—") | K103: =IFERROR(IF(J103="—","",TODAY()-J103),"") | L103: =IFERROR(IF(OR(K103="",H103=""),"",MAX(G103*0.03,G103-K103*H103)),"") | M103: =IFERROR(IF(L103="","",G103-L103),"") | N103: =IFERROR(IF(OR(L103="",H103=""),"",MIN(21,MAX(0,(L103-G103*$C$2)/H103))),"") | O103: =TODAY()+ROUNDUP(N103,0) | P103: =IFERROR(IF(N103="","—",IF(N103<=$E$2,"YES","—")),"—") | Q103: =COUNTIFS(Delivery_Log!$B$4:$B$5998,VALUE(B103),Delivery_Log!$A$4:$A$5998,">="&$Q$2)
A104: 99 | B104: 16006 | C104: PET44 - 16006 - PETES FISH 44TH ST | D104: 4 | E104: =IFERROR(VLOOKUP(C104,Client_List!$B:$K,4,0)&", "&VLOOKUP(C104,Client_List!$B:$K,5,0)&" AZ","") | F104: =IFERROR(VLOOKUP(C104,Client_List!$B:$K,7,0)&", "&VLOOKUP(C104,Client_List!$B:$K,8,0),"") | G104: =IFERROR(VLOOKUP(C104,Client_List!$B:$K,9,0),"") | H104: =IFERROR(LOOKUP(2,1/((Delivery_Log!$B$4:$B$4998=VALUE(B104))*(ISNUMBER(Delivery_Log!$J$4:$J$4998))*(Delivery_Log!$J$4:$J$4998>0)),Delivery_Log!$J$4:$J$4998),"") | I104: =IFERROR(VLOOKUP(C104,Client_List!$B:$K,10,0),"") | J104: =IFERROR(_xlfn.MAXIFS(Delivery_Log!$A$4:$A$4998,Delivery_Log!$B$4:$B$4998,VALUE(B104)),"—") | K104: =IFERROR(IF(J104="—","",TODAY()-J104),"") | L104: =IFERROR(IF(OR(K104="",H104=""),"",MAX(G104*0.03,G104-K104*H104)),"") | M104: =IFERROR(IF(L104="","",G104-L104),"") | N104: =IFERROR(IF(OR(L104="",H104=""),"",MIN(21,MAX(0,(L104-G104*$C$2)/H104))),"") | O104: =TODAY()+ROUNDUP(N104,0) | P104: =IFERROR(IF(N104="","—",IF(N104<=$E$2,"YES","—")),"—") | Q104: =COUNTIFS(Delivery_Log!$B$4:$B$5998,VALUE(B104),Delivery_Log!$A$4:$A$5998,">="&$Q$2)
A105: 100 | B105: 16007 | C105: PETA - 16007 - PETES FISH APACHE | D105: 4 | E105: =IFERROR(VLOOKUP(C105,Client_List!$B:$K,4,0)&", "&VLOOKUP(C105,Client_List!$B:$K,5,0)&" AZ","") | F105: =IFERROR(VLOOKUP(C105,Client_List!$B:$K,7,0)&", "&VLOOKUP(C105,Client_List!$B:$K,8,0),"") | G105: =IFERROR(VLOOKUP(C105,Client_List!$B:$K,9,0),"") | H105: =IFERROR(LOOKUP(2,1/((Delivery_Log!$B$4:$B$4998=VALUE(B105))*(ISNUMBER(Delivery_Log!$J$4:$J$4998))*(Delivery_Log!$J$4:$J$4998>0)),Delivery_Log!$J$4:$J$4998),"") | I105: =IFERROR(VLOOKUP(C105,Client_List!$B:$K,10,0),"") | J105: =IFERROR(_xlfn.MAXIFS(Delivery_Log!$A$4:$A$4998,Delivery_Log!$B$4:$B$4998,VALUE(B105)),"—") | K105: =IFERROR(IF(J105="—","",TODAY()-J105),"") | L105: =IFERROR(IF(OR(K105="",H105=""),"",MAX(G105*0.03,G105-K105*H105)),"") | M105: =IFERROR(IF(L105="","",G105-L105),"") | N105: =IFERROR(IF(OR(L105="",H105=""),"",MIN(21,MAX(0,(L105-G105*$C$2)/H105))),"") | O105: =TODAY()+ROUNDUP(N105,0) | P105: =IFERROR(IF(N105="","—",IF(N105<=$E$2,"YES","—")),"—") | Q105: =COUNTIFS(Delivery_Log!$B$4:$B$5998,VALUE(B105),Delivery_Log!$A$4:$A$5998,">="&$Q$2)
A106: 101 | B106: 16004 | C106: PETB - 16004 - PETES FISH BUCKEYE | D106: 3 | E106: =IFERROR(VLOOKUP(C106,Client_List!$B:$K,4,0)&", "&VLOOKUP(C106,Client_List!$B:$K,5,0)&" AZ","") | F106: =IFERROR(VLOOKUP(C106,Client_List!$B:$K,7,0)&", "&VLOOKUP(C106,Client_List!$B:$K,8,0),"") | G106: =IFERROR(VLOOKUP(C106,Client_List!$B:$K,9,0),"") | H106: =IFERROR(LOOKUP(2,1/((Delivery_Log!$B$4:$B$4998=VALUE(B106))*(ISNUMBER(Delivery_Log!$J$4:$J$4998))*(Delivery_Log!$J$4:$J$4998>0)),Delivery_Log!$J$4:$J$4998),"") | I106: =IFERROR(VLOOKUP(C106,Client_List!$B:$K,10,0),"") | J106: =IFERROR(_xlfn.MAXIFS(Delivery_Log!$A$4:$A$4998,Delivery_Log!$B$4:$B$4998,VALUE(B106)),"—") | K106: =IFERROR(IF(J106="—","",TODAY()-J106),"") | L106: =IFERROR(IF(OR(K106="",H106=""),"",MAX(G106*0.03,G106-K106*H106)),"") | M106: =IFERROR(IF(L106="","",G106-L106),"") | N106: =IFERROR(IF(OR(L106="",H106=""),"",MIN(21,MAX(0,(L106-G106*$C$2)/H106))),"") | O106: =TODAY()+ROUNDUP(N106,0) | P106: =IFERROR(IF(N106="","—",IF(N106<=$E$2,"YES","—")),"—") | Q106: =COUNTIFS(Delivery_Log!$B$4:$B$5998,VALUE(B106),Delivery_Log!$A$4:$A$5998,">="&$Q$2)
A107: 102 | B107: 16003 | C107: PETC - 16003 - PETES FISH CENTRAL | D107: 3 | E107: =IFERROR(VLOOKUP(C107,Client_List!$B:$K,4,0)&", "&VLOOKUP(C107,Client_List!$B:$K,5,0)&" AZ","") | F107: =IFERROR(VLOOKUP(C107,Client_List!$B:$K,7,0)&", "&VLOOKUP(C107,Client_List!$B:$K,8,0),"") | G107: =IFERROR(VLOOKUP(C107,Client_List!$B:$K,9,0),"") | H107: =IFERROR(LOOKUP(2,1/((Delivery_Log!$B$4:$B$4998=VALUE(B107))*(ISNUMBER(Delivery_Log!$J$4:$J$4998))*(Delivery_Log!$J$4:$J$4998>0)),Delivery_Log!$J$4:$J$4998),"") | I107: =IFERROR(VLOOKUP(C107,Client_List!$B:$K,10,0),"") | J107: =IFERROR(_xlfn.MAXIFS(Delivery_Log!$A$4:$A$4998,Delivery_Log!$B$4:$B$4998,VALUE(B107)),"—") | K107: =IFERROR(IF(J107="—","",TODAY()-J107),"") | L107: =IFERROR(IF(OR(K107="",H107=""),"",MAX(G107*0.03,G107-K107*H107)),"") | M107: =IFERROR(IF(L107="","",G107-L107),"") | N107: =IFERROR(IF(OR(L107="",H107=""),"",MIN(21,MAX(0,(L107-G107*$C$2)/H107))),"") | O107: =TODAY()+ROUNDUP(N107,0) | P107: =IFERROR(IF(N107="","—",IF(N107<=$E$2,"YES","—")),"—") | Q107: =COUNTIFS(Delivery_Log!$B$4:$B$5998,VALUE(B107),Delivery_Log!$A$4:$A$5998,">="&$Q$2)
A108: 103 | B108: 16008 | C108: PETG - 16008 - PETES FISH GLENDALE | D108: 2 | E108: =IFERROR(VLOOKUP(C108,Client_List!$B:$K,4,0)&", "&VLOOKUP(C108,Client_List!$B:$K,5,0)&" AZ","") | F108: =IFERROR(VLOOKUP(C108,Client_List!$B:$K,7,0)&", "&VLOOKUP(C108,Client_List!$B:$K,8,0),"") | G108: =IFERROR(VLOOKUP(C108,Client_List!$B:$K,9,0),"") | H108: =IFERROR(LOOKUP(2,1/((Delivery_Log!$B$4:$B$4998=VALUE(B108))*(ISNUMBER(Delivery_Log!$J$4:$J$4998))*(Delivery_Log!$J$4:$J$4998>0)),Delivery_Log!$J$4:$J$4998),"") | I108: =IFERROR(VLOOKUP(C108,Client_List!$B:$K,10,0),"") | J108: =IFERROR(_xlfn.MAXIFS(Delivery_Log!$A$4:$A$4998,Delivery_Log!$B$4:$B$4998,VALUE(B108)),"—") | K108: =IFERROR(IF(J108="—","",TODAY()-J108),"") | L108: =IFERROR(IF(OR(K108="",H108=""),"",MAX(G108*0.03,G108-K108*H108)),"") | M108: =IFERROR(IF(L108="","",G108-L108),"") | N108: =IFERROR(IF(OR(L108="",H108=""),"",MIN(21,MAX(0,(L108-G108*$C$2)/H108))),"") | O108: =TODAY()+ROUNDUP(N108,0) | P108: =IFERROR(IF(N108="","—",IF(N108<=$E$2,"YES","—")),"—") | Q108: =COUNTIFS(Delivery_Log!$B$4:$B$5998,VALUE(B108),Delivery_Log!$A$4:$A$5998,">="&$Q$2)
A109: 104 | B109: 16009 | C109: PETM - 16009 - PETES FISH MESA | D109: 4 | E109: =IFERROR(VLOOKUP(C109,Client_List!$B:$K,4,0)&", "&VLOOKUP(C109,Client_List!$B:$K,5,0)&" AZ","") | F109: =IFERROR(VLOOKUP(C109,Client_List!$B:$K,7,0)&", "&VLOOKUP(C109,Client_List!$B:$K,8,0),"") | G109: =IFERROR(VLOOKUP(C109,Client_List!$B:$K,9,0),"") | H109: =IFERROR(LOOKUP(2,1/((Delivery_Log!$B$4:$B$4998=VALUE(B109))*(ISNUMBER(Delivery_Log!$J$4:$J$4998))*(Delivery_Log!$J$4:$J$4998>0)),Delivery_Log!$J$4:$J$4998),"") | I109: =IFERROR(VLOOKUP(C109,Client_List!$B:$K,10,0),"") | J109: =IFERROR(_xlfn.MAXIFS(Delivery_Log!$A$4:$A$4998,Delivery_Log!$B$4:$B$4998,VALUE(B109)),"—") | K109: =IFERROR(IF(J109="—","",TODAY()-J109),"") | L109: =IFERROR(IF(OR(K109="",H109=""),"",MAX(G109*0.03,G109-K109*H109)),"") | M109: =IFERROR(IF(L109="","",G109-L109),"") | N109: =IFERROR(IF(OR(L109="",H109=""),"",MIN(21,MAX(0,(L109-G109*$C$2)/H109))),"") | O109: =TODAY()+ROUNDUP(N109,0) | P109: =IFERROR(IF(N109="","—",IF(N109<=$E$2,"YES","—")),"—") | Q109: =COUNTIFS(Delivery_Log!$B$4:$B$5998,VALUE(B109),Delivery_Log!$A$4:$A$5998,">="&$Q$2)
... A134: 129 | B134: 19035 | C134: STA - 19035 - STATE 48 GLENDALE | D134: 2 | E134: =IFERROR(VLOOKUP(C134,Client_List!$B:$K,4,0)&", "&VLOOKUP(C134,Client_List!$B:$K,5,0)&" AZ","") | F134: =IFERROR(VLOOKUP(C134,Client_List!$B:$K,7,0)&", "&VLOOKUP(C134,Client_List!$B:$K,8,0),"") | G134: =IFERROR(VLOOKUP(C134,Client_List!$B:$K,9,0),"") | H134: =IFERROR(LOOKUP(2,1/((Delivery_Log!$B$4:$B$4998=VALUE(B134))*(ISNUMBER(Delivery_Log!$J$4:$J$4998))*(Delivery_Log!$J$4:$J$4998>0)),Delivery_Log!$J$4:$J$4998),"") | I134: =IFERROR(VLOOKUP(C134,Client_List!$B:$K,10,0),"") | J134: =IFERROR(_xlfn.MAXIFS(Delivery_Log!$A$4:$A$4998,Delivery_Log!$B$4:$B$4998,VALUE(B134)),"—") | K134: =IFERROR(IF(J134="—","",TODAY()-J134),"") | L134: =IFERROR(IF(OR(K134="",H134=""),"",MAX(G134*0.03,G134-K134*H134)),"") | M134: =IFERROR(IF(L134="","",G134-L134),"") | N134: =IFERROR(IF(OR(L134="",H134=""),"",MIN(21,MAX(0,(L134-G134*$C$2)/H134))),"") | O134: =TODAY()+ROUNDUP(N134,0) | P134: =IFERROR(IF(N134="","—",IF(N134<=$E$2,"YES","—")),"—") | Q134: =COUNTIFS(Delivery_Log!$B$4:$B$5998,VALUE(B134),Delivery_Log!$A$4:$A$5998,">="&$Q$2)
A135: 130 | B135: 19123 | C135: STA - 19123 - STATE 48 HAPPY VALLEY | D135: 3 | E135: =IFERROR(VLOOKUP(C135,Client_List!$B:$K,4,0)&", "&VLOOKUP(C135,Client_List!$B:$K,5,0)&" AZ","") | F135: =IFERROR(VLOOKUP(C135,Client_List!$B:$K,7,0)&", "&VLOOKUP(C135,Client_List!$B:$K,8,0),"") | G135: =IFERROR(VLOOKUP(C135,Client_List!$B:$K,9,0),"") | H135: =IFERROR(LOOKUP(2,1/((Delivery_Log!$B$4:$B$4998=VALUE(B135))*(ISNUMBER(Delivery_Log!$J$4:$J$4998))*(Delivery_Log!$J$4:$J$4998>0)),Delivery_Log!$J$4:$J$4998),"") | I135: =IFERROR(VLOOKUP(C135,Client_List!$B:$K,10,0),"") | J135: =IFERROR(_xlfn.MAXIFS(Delivery_Log!$A$4:$A$4998,Delivery_Log!$B$4:$B$4998,VALUE(B135)),"—") | K135: =IFERROR(IF(J135="—","",TODAY()-J135),"") | L135: =IFERROR(IF(OR(K135="",H135=""),"",MAX(G135*0.03,G135-K135*H135)),"") | M135: =IFERROR(IF(L135="","",G135-L135),"") | N135: =IFERROR(IF(OR(L135="",H135=""),"",MIN(21,MAX(0,(L135-G135*$C$2)/H135))),"") | O135: =TODAY()+ROUNDUP(N135,0) | P135: =IFERROR(IF(N135="","—",IF(N135<=$E$2,"YES","—")),"—") | Q135: =COUNTIFS(Delivery_Log!$B$4:$B$5998,VALUE(B135),Delivery_Log!$A$4:$A$5998,">="&$Q$2)
A136: 131 | B136: 19077 | C136: SUG - 19077- SUGAR JAM | D136: 4 | E136: =IFERROR(VLOOKUP(C136,Client_List!$B:$K,4,0)&", "&VLOOKUP(C136,Client_List!$B:$K,5,0)&" AZ","") | F136: =IFERROR(VLOOKUP(C136,Client_List!$B:$K,7,0)&", "&VLOOKUP(C136,Client_List!$B:$K,8,0),"") | G136: =IFERROR(VLOOKUP(C136,Client_List!$B:$K,9,0),"") | H136: =IFERROR(LOOKUP(2,1/((Delivery_Log!$B$4:$B$4998=VALUE(B136))*(ISNUMBER(Delivery_Log!$J$4:$J$4998))*(Delivery_Log!$J$4:$J$4998>0)),Delivery_Log!$J$4:$J$4998),"") | I136: =IFERROR(VLOOKUP(C136,Client_List!$B:$K,10,0),"") | J136: =IFERROR(_xlfn.MAXIFS(Delivery_Log!$A$4:$A$4998,Delivery_Log!$B$4:$B$4998,VALUE(B136)),"—") | K136: =IFERROR(IF(J136="—","",TODAY()-J136),"") | L136: =IFERROR(IF(OR(K136="",H136=""),"",MAX(G136*0.03,G136-K136*H136)),"") | M136: =IFERROR(IF(L136="","",G136-L136),"") | N136: =IFERROR(IF(OR(L136="",H136=""),"",MIN(21,MAX(0,(L136-G136*$C$2)/H136))),"") | O136: =TODAY()+ROUNDUP(N136,0) | P136: =IFERROR(IF(N136="","—",IF(N136<=$E$2,"YES","—")),"—") | Q136: =COUNTIFS(Delivery_Log!$B$4:$B$5998,VALUE(B136),Delivery_Log!$A$4:$A$5998,">="&$Q$2)
A137: 132 | B137: 19117 | C137: SUN - 19117 - SUNSHINE BREAKFAST BAR TEMPE | D137: 3 | E137: =IFERROR(VLOOKUP(C137,Client_List!$B:$K,4,0)&", "&VLOOKUP(C137,Client_List!$B:$K,5,0)&" AZ","") | F137: =IFERROR(VLOOKUP(C137,Client_List!$B:$K,7,0)&", "&VLOOKUP(C137,Client_List!$B:$K,8,0),"") | G137: =IFERROR(VLOOKUP(C137,Client_List!$B:$K,9,0),"") | H137: =IFERROR(LOOKUP(2,1/((Delivery_Log!$B$4:$B$4998=VALUE(B137))*(ISNUMBER(Delivery_Log!$J$4:$J$4998))*(Delivery_Log!$J$4:$J$4998>0)),Delivery_Log!$J$4:$J$4998),"") | I137: =IFERROR(VLOOKUP(C137,Client_List!$B:$K,10,0),"") | J137: =IFERROR(_xlfn.MAXIFS(Delivery_Log!$A$4:$A$4998,Delivery_Log!$B$4:$B$4998,VALUE(B137)),"—") | K137: =IFERROR(IF(J137="—","",TODAY()-J137),"") | L137: =IFERROR(IF(OR(K137="",H137=""),"",MAX(G137*0.03,G137-K137*H137)),"") | M137: =IFERROR(IF(L137="","",G137-L137),"") | N137: =IFERROR(IF(OR(L137="",H137=""),"",MIN(21,MAX(0,(L137-G137*$C$2)/H137))),"") | O137: =TODAY()+ROUNDUP(N137,0) | P137: =IFERROR(IF(N137="","—",IF(N137<=$E$2,"YES","—")),"—") | Q137: =COUNTIFS(Delivery_Log!$B$4:$B$5998,VALUE(B137),Delivery_Log!$A$4:$A$5998,">="&$Q$2)
A138: 133 | B138: 20081 | C138: TAC - 20081 - TACO GUILD | D138: 3 | E138: =IFERROR(VLOOKUP(C138,Client_List!$B:$K,4,0)&", "&VLOOKUP(C138,Client_List!$B:$K,5,0)&" AZ","") | F138: =IFERROR(VLOOKUP(C138,Client_List!$B:$K,7,0)&", "&VLOOKUP(C138,Client_List!$B:$K,8,0),"") | G138: =IFERROR(VLOOKUP(C138,Client_List!$B:$K,9,0),"") | H138: =IFERROR(LOOKUP(2,1/((Delivery_Log!$B$4:$B$4998=VALUE(B138))*(ISNUMBER(Delivery_Log!$J$4:$J$4998))*(Delivery_Log!$J$4:$J$4998>0)),Delivery_Log!$J$4:$J$4998),"") | I138: =IFERROR(VLOOKUP(C138,Client_List!$B:$K,10,0),"") | J138: =IFERROR(_xlfn.MAXIFS(Delivery_Log!$A$4:$A$4998,Delivery_Log!$B$4:$B$4998,VALUE(B138)),"—") | K138: =IFERROR(IF(J138="—","",TODAY()-J138),"") | L138: =IFERROR(IF(OR(K138="",H138=""),"",MAX(G138*0.03,G138-K138*H138)),"") | M138: =IFERROR(IF(L138="","",G138-L138),"") | N138: =IFERROR(IF(OR(L138="",H138=""),"",MIN(21,MAX(0,(L138-G138*$C$2)/H138))),"") | O138: =TODAY()+ROUNDUP(N138,0) | P138: =IFERROR(IF(N138="","—",IF(N138<=$E$2,"YES","—")),"—") | Q138: =COUNTIFS(Delivery_Log!$B$4:$B$5998,VALUE(B138),Delivery_Log!$A$4:$A$5998,">="&$Q$2)
A139: 134 | B139: 20090 | C139: TAI - 20090 - TAILGATERS LAKE PLEASANT | D139: 2 | E139: =IFERROR(VLOOKUP(C139,Client_List!$B:$K,4,0)&", "&VLOOKUP(C139,Client_List!$B:$K,5,0)&" AZ","") | F139: =IFERROR(VLOOKUP(C139,Client_List!$B:$K,7,0)&", "&VLOOKUP(C139,Client_List!$B:$K,8,0),"") | G139: =IFERROR(VLOOKUP(C139,Client_List!$B:$K,9,0),"") | H139: =IFERROR(LOOKUP(2,1/((Delivery_Log!$B$4:$B$4998=VALUE(B139))*(ISNUMBER(Delivery_Log!$J$4:$J$4998))*(Delivery_Log!$J$4:$J$4998>0)),Delivery_Log!$J$4:$J$4998),"") | I139: =IFERROR(VLOOKUP(C139,Client_List!$B:$K,10,0),"") | J139: =IFERROR(_xlfn.MAXIFS(Delivery_Log!$A$4:$A$4998,Delivery_Log!$B$4:$B$4998,VALUE(B139)),"—") | K139: =IFERROR(IF(J139="—","",TODAY()-J139),"") | L139: =IFERROR(IF(OR(K139="",H139=""),"",MAX(G139*0.03,G139-K139*H139)),"") | M139: =IFERROR(IF(L139="","",G139-L139),"") | N139: =IFERROR(IF(OR(L139="",H139=""),"",MIN(21,MAX(0,(L139-G139*$C$2)/H139))),"") | O139: =TODAY()+ROUNDUP(N139,0) | P139: =IFERROR(IF(N139="","—",IF(N139<=$E$2,"YES","—")),"—") | Q139: =COUNTIFS(Delivery_Log!$B$4:$B$5998,VALUE(B139),Delivery_Log!$A$4:$A$5998,">="&$Q$2)
A140: 135 | B140: 20091 | C140: TAI - 20091 - TAILGATERS BELL SURPRISE | D140: 1 | E140: =IFERROR(VLOOKUP(C140,Client_List!$B:$K,4,0)&", "&VLOOKUP(C140,Client_List!$B:$K,5,0)&" AZ","") | F140: =IFERROR(VLOOKUP(C140,Client_List!$B:$K,7,0)&", "&VLOOKUP(C140,Client_List!$B:$K,8,0),"") | G140: =IFERROR(VLOOKUP(C140,Client_List!$B:$K,9,0),"") | H140: =IFERROR(LOOKUP(2,1/((Delivery_Log!$B$4:$B$4998=VALUE(B140))*(ISNUMBER(Delivery_Log!$J$4:$J$4998))*(Delivery_Log!$J$4:$J$4998>0)),Delivery_Log!$J$4:$J$4998),"") | I140: =IFERROR(VLOOKUP(C140,Client_List!$B:$K,10,0),"") | J140: =IFERROR(_xlfn.MAXIFS(Delivery_Log!$A$4:$A$4998,Delivery_Log!$B$4:$B$4998,VALUE(B140)),"—") | K140: =IFERROR(IF(J140="—","",TODAY()-J140),"") | L140: =IFERROR(IF(OR(K140="",H140=""),"",MAX(G140*0.03,G140-K140*H140)),"") | M140: =IFERROR(IF(L140="","",G140-L140),"") | N140: =IFERROR(IF(OR(L140="",H140=""),"",MIN(21,MAX(0,(L140-G140*$C$2)/H140))),"") | O140: =TODAY()+ROUNDUP(N140,0) | P140: =IFERROR(IF(N140="","—",IF(N140<=$E$2,"YES","—")),"—") | Q140: =COUNTIFS(Delivery_Log!$B$4:$B$5998,VALUE(B140),Delivery_Log!$A$4:$A$5998,">="&$Q$2)
A141: 136 | B141: 20092 | C141: TAI - 20092 - TAILGATERS ESTRELLA | D141: 1 | E141: =IFERROR(VLOOKUP(C141,Client_List!$B:$K,4,0)&", "&VLOOKUP(C141,Client_List!$B:$K,5,0)&" AZ","") | F141: =IFERROR(VLOOKUP(C141,Client_List!$B:$K,7,0)&", "&VLOOKUP(C141,Client_List!$B:$K,8,0),"") | G141: =IFERROR(VLOOKUP(C141,Client_List!$B:$K,9,0),"") | H141: =IFERROR(LOOKUP(2,1/((Delivery_Log!$B$4:$B$4998=VALUE(B141))*(ISNUMBER(Delivery_Log!$J$4:$J$4998))*(Delivery_Log!$J$4:$J$4998>0)),Delivery_Log!$J$4:$J$4998),"") | I141: =IFERROR(VLOOKUP(C141,Client_List!$B:$K,10,0),"") | J141: =IFERROR(_xlfn.MAXIFS(Delivery_Log!$A$4:$A$4998,Delivery_Log!$B$4:$B$4998,VALUE(B141)),"—") | K141: =IFERROR(IF(J141="—","",TODAY()-J141),"") | L141: =IFERROR(IF(OR(K141="",H141=""),"",MAX(G141*0.03,G141-K141*H141)),"") | M141: =IFERROR(IF(L141="","",G141-L141),"") | N141: =IFERROR(IF(OR(L141="",H141=""),"",MIN(21,MAX(0,(L141-G141*$C$2)/H141))),"") | O141: =TODAY()+ROUNDUP(N141,0) | P141: =IFERROR(IF(N141="","—",IF(N141<=$E$2,"YES","—")),"—") | Q141: =COUNTIFS(Delivery_Log!$B$4:$B$5998,VALUE(B141),Delivery_Log!$A$4:$A$5998,">="&$Q$2)
A142: 137 | B142: 20093 | C142: TAI - 20093 - TAILGATERS DYSART | D142: 2 | E142: =IFERROR(VLOOKUP(C142,Client_List!$B:$K,4,0)&", "&VLOOKUP(C142,Client_List!$B:$K,5,0)&" AZ","") | F142: =IFERROR(VLOOKUP(C142,Client_List!$B:$K,7,0)&", "&VLOOKUP(C142,Client_List!$B:$K,8,0),"") | G142: =IFERROR(VLOOKUP(C142,Client_List!$B:$K,9,0),"") | H142: =IFERROR(LOOKUP(2,1/((Delivery_Log!$B$4:$B$4998=VALUE(B142))*(ISNUMBER(Delivery_Log!$J$4:$J$4998))*(Delivery_Log!$J$4:$J$4998>0)),Delivery_Log!$J$4:$J$4998),"") | I142: =IFERROR(VLOOKUP(C142,Client_List!$B:$K,10,0),"") | J142: =IFERROR(_xlfn.MAXIFS(Delivery_Log!$A$4:$A$4998,Delivery_Log!$B$4:$B$4998,VALUE(B142)),"—") | K142: =IFERROR(IF(J142="—","",TODAY()-J142),"") | L142: =IFERROR(IF(OR(K142="",H142=""),"",MAX(G142*0.03,G142-K142*H142)),"") | M142: =IFERROR(IF(L142="","",G142-L142),"") | N142: =IFERROR(IF(OR(L142="",H142=""),"",MIN(21,MAX(0,(L142-G142*$C$2)/H142))),"") | O142: =TODAY()+ROUNDUP(N142,0) | P142: =IFERROR(IF(N142="","—",IF(N142<=$E$2,"YES","—")),"—") | Q142: =COUNTIFS(Delivery_Log!$B$4:$B$5998,VALUE(B142),Delivery_Log!$A$4:$A$5998,">="&$Q$2)
A143: 138 | B143: 20094 | C143: TAI - 20094 - TAILGATERS WATSON | D143: 1 | E143: =IFERROR(VLOOKUP(C143,Client_List!$B:$K,4,0)&", "&VLOOKUP(C143,Client_List!$B:$K,5,0)&" AZ","") | F143: =IFERROR(VLOOKUP(C143,Client_List!$B:$K,7,0)&", "&VLOOKUP(C143,Client_List!$B:$K,8,0),"") | G143: =IFERROR(VLOOKUP(C143,Client_List!$B:$K,9,0),"") | H143: =IFERROR(LOOKUP(2,1/((Delivery_Log!$B$4:$B$4998=VALUE(B143))*(ISNUMBER(Delivery_Log!$J$4:$J$4998))*(Delivery_Log!$J$4:$J$4998>0)),Delivery_Log!$J$4:$J$4998),"") | I143: =IFERROR(VLOOKUP(C143,Client_List!$B:$K,10,0),"") | J143: =IFERROR(_xlfn.MAXIFS(Delivery_Log!$A$4:$A$4998,Delivery_Log!$B$4:$B$4998,VALUE(B143)),"—") | K143: =IFERROR(IF(J143="—","",TODAY()-J143),"") | L143: =IFERROR(IF(OR(K143="",H143=""),"",MAX(G143*0.03,G143-K143*H143)),"") | M143: =IFERROR(IF(L143="","",G143-L143),"") | N143: =IFERROR(IF(OR(L143="",H143=""),"",MIN(21,MAX(0,(L143-G143*$C$2)/H143))),"") | O143: =TODAY()+ROUNDUP(N143,0) | P143: =IFERROR(IF(N143="","—",IF(N143<=$E$2,"YES","—")),"—") | Q143: =COUNTIFS(Delivery_Log!$B$4:$B$5998,VALUE(B143),Delivery_Log!$A$4:$A$5998,">="&$Q$2)
A144: 139 | B144: 20095 | C144: TAI - 20095 - TAILGATERS TATUM CAVE CR | D144: 4 | E144: =IFERROR(VLOOKUP(C144,Client_List!$B:$K,4,0)&", "&VLOOKUP(C144,Client_List!$B:$K,5,0)&" AZ","") | F144: =IFERROR(VLOOKUP(C144,Client_List!$B:$K,7,0)&", "&VLOOKUP(C144,Client_List!$B:$K,8,0),"") | G144: =IFERROR(VLOOKUP(C144,Client_List!$B:$K,9,0),"") | H144: =IFERROR(LOOKUP(2,1/((Delivery_Log!$B$4:$B$4998=VALUE(B144))*(ISNUMBER(Delivery_Log!$J$4:$J$4998))*(Delivery_Log!$J$4:$J$4998>0)),Delivery_Log!$J$4:$J$4998),"") | I144: =IFERROR(VLOOKUP(C144,Client_List!$B:$K,10,0),"") | J144: =IFERROR(_xlfn.MAXIFS(Delivery_Log!$A$4:$A$4998,Delivery_Log!$B$4:$B$4998,VALUE(B144)),"—") | K144: =IFERROR(IF(J144="—","",TODAY()-J144),"") | L144: =IFERROR(IF(OR(K144="",H144=""),"",MAX(G144*0.03,G144-K144*H144)),"") | M144: =IFERROR(IF(L144="","",G144-L144),"") | N144: =IFERROR(IF(OR(L144="",H144=""),"",MIN(21,MAX(0,(L144-G144*$C$2)/H144))),"") | O144: =TODAY()+ROUNDUP(N144,0) | P144: =IFERROR(IF(N144="","—",IF(N144<=$E$2,"YES","—")),"—") | Q144: =COUNTIFS(Delivery_Log!$B$4:$B$5998,VALUE(B144),Delivery_Log!$A$4:$A$5998,">="&$Q$2)
A145: 140 | B145: 20098 | C145: TAI - 20098 - IL PRIMO BELL CAVE CREEK | D145: 4 | E145: =IFERROR(VLOOKUP(C145,Client_List!$B:$K,4,0)&", "&VLOOKUP(C145,Client_List!$B:$K,5,0)&" AZ","") | F145: =IFERROR(VLOOKUP(C145,Client_List!$B:$K,7,0)&", "&VLOOKUP(C145,Client_List!$B:$K,8,0),"") | G145: =IFERROR(VLOOKUP(C145,Client_List!$B:$K,9,0),"") | H145: =IFERROR(LOOKUP(2,1/((Delivery_Log!$B$4:$B$4998=VALUE(B145))*(ISNUMBER(Delivery_Log!$J$4:$J$4998))*(Delivery_Log!$J$4:$J$4998>0)),Delivery_Log!$J$4:$J$4998),"") | I145: =IFERROR(VLOOKUP(C145,Client_List!$B:$K,10,0),"") | J145: =IFERROR(_xlfn.MAXIFS(Delivery_Log!$A$4:$A$4998,Delivery_Log!$B$4:$B$4998,VALUE(B145)),"—") | K145: =IFERROR(IF(J145="—","",TODAY()-J145),"") | L145: =IFERROR(IF(OR(K145="",H145=""),"",MAX(G145*0.03,G145-K145*H145)),"") | M145: =IFERROR(IF(L145="","",G145-L145),"") | N145: =IFERROR(IF(OR(L145="",H145=""),"",MIN(21,MAX(0,(L145-G145*$C$2)/H145))),"") | O145: =TODAY()+ROUNDUP(N145,0) | P145: =IFERROR(IF(N145="","—",IF(N145<=$E$2,"YES","—")),"—") | Q145: =COUNTIFS(Delivery_Log!$B$4:$B$5998,VALUE(B145),Delivery_Log!$A$4:$A$5998,">="&$Q$2)
A146: 141 | B146: 22006 | C146: TAP - 22006 - TAP HOUSE SPORTS GRILL | D146: 1 | E146: =IFERROR(VLOOKUP(C146,Client_List!$B:$K,4,0)&", "&VLOOKUP(C146,Client_List!$B:$K,5,0)&" AZ","") | F146: =IFERROR(VLOOKUP(C146,Client_List!$B:$K,7,0)&", "&VLOOKUP(C146,Client_List!$B:$K,8,0),"") | G146: =IFERROR(VLOOKUP(C146,Client_List!$B:$K,9,0),"") | H146: =IFERROR(LOOKUP(2,1/((Delivery_Log!$B$4:$B$4998=VALUE(B146))*(ISNUMBER(Delivery_Log!$J$4:$J$4998))*(Delivery_Log!$J$4:$J$4998>0)),Delivery_Log!$J$4:$J$4998),"") | I146: =IFERROR(VLOOKUP(C146,Client_List!$B:$K,10,0),"") | J146: =IFERROR(_xlfn.MAXIFS(Delivery_Log!$A$4:$A$4998,Delivery_Log!$B$4:$B$4998,VALUE(B146)),"—") | K146: =IFERROR(IF(J146="—","",TODAY()-J146),"") | L146: =IFERROR(IF(OR(K146="",H146=""),"",MAX(G146*0.03,G146-K146*H146)),"") | M146: =IFERROR(IF(L146="","",G146-L146),"") | N146: =IFERROR(IF(OR(L146="",H146=""),"",MIN(21,MAX(0,(L146-G146*$C$2)/H146))),"") | O146: =TODAY()+ROUNDUP(N146,0) | P146: =IFERROR(IF(N146="","—",IF(N146<=$E$2,"YES","—")),"—") | Q146: =COUNTIFS(Delivery_Log!$B$4:$B$5998,VALUE(B146),Delivery_Log!$A$4:$A$5998,">="&$Q$2)
A147: 142 | B147: 20013 | C147: THE - 20013 - THE VIG HAYDEN | D147: 4 | E147: =IFERROR(VLOOKUP(C147,Client_List!$B:$K,4,0)&", "&VLOOKUP(C147,Client_List!$B:$K,5,0)&" AZ","") | F147: =IFERROR(VLOOKUP(C147,Client_List!$B:$K,7,0)&", "&VLOOKUP(C147,Client_List!$B:$K,8,0),"") | G147: =IFERROR(VLOOKUP(C147,Client_List!$B:$K,9,0),"") | H147: =IFERROR(LOOKUP(2,1/((Delivery_Log!$B$4:$B$4998=VALUE(B147))*(ISNUMBER(Delivery_Log!$J$4:$J$4998))*(Delivery_Log!$J$4:$J$4998>0)),Delivery_Log!$J$4:$J$4998),"") | I147: =IFERROR(VLOOKUP(C147,Client_List!$B:$K,10,0),"") | J147: =IFERROR(_xlfn.MAXIFS(Delivery_Log!$A$4:$A$4998,Delivery_Log!$B$4:$B$4998,VALUE(B147)),"—") | K147: =IFERROR(IF(J147="—","",TODAY()-J147),"") | L147: =IFERROR(IF(OR(K147="",H147=""),"",MAX(G147*0.03,G147-K147*H147)),"") | M147: =IFERROR(IF(L147="","",G147-L147),"") | N147: =IFERROR(IF(OR(L147="",H147=""),"",MIN(21,MAX(0,(L147-G147*$C$2)/H147))),"") | O147: =TODAY()+ROUNDUP(N147,0) | P147: =IFERROR(IF(N147="","—",IF(N147<=$E$2,"YES","—")),"—") | Q147: =COUNTIFS(Delivery_Log!$B$4:$B$5998,VALUE(B147),Delivery_Log!$A$4:$A$5998,">="&$Q$2)
... A157: 152 | B157: 20097 | C157: VIG - 20097 - THE VIG PARK WEST | D157: 2 | E157: =IFERROR(VLOOKUP(C157,Client_List!$B:$K,4,0)&", "&VLOOKUP(C157,Client_List!$B:$K,5,0)&" AZ","") | F157: =IFERROR(VLOOKUP(C157,Client_List!$B:$K,7,0)&", "&VLOOKUP(C157,Client_List!$B:$K,8,0),"") | G157: =IFERROR(VLOOKUP(C157,Client_List!$B:$K,9,0),"") | H157: =IFERROR(LOOKUP(2,1/((Delivery_Log!$B$4:$B$4998=VALUE(B157))*(ISNUMBER(Delivery_Log!$J$4:$J$4998))*(Delivery_Log!$J$4:$J$4998>0)),Delivery_Log!$J$4:$J$4998),"") | I157: =IFERROR(VLOOKUP(C157,Client_List!$B:$K,10,0),"") | J157: =IFERROR(_xlfn.MAXIFS(Delivery_Log!$A$4:$A$4998,Delivery_Log!$B$4:$B$4998,VALUE(B157)),"—") | K157: =IFERROR(IF(J157="—","",TODAY()-J157),"") | L157: =IFERROR(IF(OR(K157="",H157=""),"",MAX(G157*0.03,G157-K157*H157)),"") | M157: =IFERROR(IF(L157="","",G157-L157),"") | N157: =IFERROR(IF(OR(L157="",H157=""),"",MIN(21,MAX(0,(L157-G157*$C$2)/H157))),"") | O157: =TODAY()+ROUNDUP(N157,0) | P157: =IFERROR(IF(N157="","—",IF(N157<=$E$2,"YES","—")),"—") | Q157: =COUNTIFS(Delivery_Log!$B$4:$B$5998,VALUE(B157),Delivery_Log!$A$4:$A$5998,">="&$Q$2)
A158: 153 | B158: 1057 | C158: ANG - 1057 - ANGRY CRAB TUCSON | E158: =IFERROR(VLOOKUP(C158,Client_List!$B:$K,4,0)&", "&VLOOKUP(C158,Client_List!$B:$K,5,0)&" AZ","") | F158: =IFERROR(VLOOKUP(C158,Client_List!$B:$K,7,0)&", "&VLOOKUP(C158,Client_List!$B:$K,8,0),"") | G158: =IFERROR(VLOOKUP(C158,Client_List!$B:$K,9,0),"") | H158: =IFERROR(LOOKUP(2,1/((Delivery_Log!$B$4:$B$4998=VALUE(B158))*(ISNUMBER(Delivery_Log!$J$4:$J$4998))*(Delivery_Log!$J$4:$J$4998>0)),Delivery_Log!$J$4:$J$4998),"") | I158: =IFERROR(VLOOKUP(C158,Client_List!$B:$K,10,0),"") | J158: =IFERROR(_xlfn.MAXIFS(Delivery_Log!$A$4:$A$4998,Delivery_Log!$B$4:$B$4998,VALUE(B158)),"—") | K158: =IFERROR(IF(J158="—","",TODAY()-J158),"") | L158: =IFERROR(IF(OR(K158="",H158=""),"",MAX(G158*0.03,G158-K158*H158)),"") | M158: =IFERROR(IF(L158="","",G158-L158),"") | N158: =IFERROR(IF(OR(L158="",H158=""),"",MIN(21,MAX(0,(L158-G158*$C$2)/H158))),"") | O158: =TODAY()+ROUNDUP(N158,0) | P158: =IFERROR(IF(N158="","—",IF(N158<=$E$2,"YES","—")),"—") | Q158: =COUNTIFS(Delivery_Log!$B$4:$B$5998,VALUE(B158),Delivery_Log!$A$4:$A$5998,">="&$Q$2)
A159: 154 | B159: 2016 | C159: BOO - 2016 - BOOTY'S SURPRISE | E159: =IFERROR(VLOOKUP(C159,Client_List!$B:$K,4,0)&", "&VLOOKUP(C159,Client_List!$B:$K,5,0)&" AZ","") | F159: =IFERROR(VLOOKUP(C159,Client_List!$B:$K,7,0)&", "&VLOOKUP(C159,Client_List!$B:$K,8,0),"") | G159: =IFERROR(VLOOKUP(C159,Client_List!$B:$K,9,0),"") | H159: =IFERROR(LOOKUP(2,1/((Delivery_Log!$B$4:$B$4998=VALUE(B159))*(ISNUMBER(Delivery_Log!$J$4:$J$4998))*(Delivery_Log!$J$4:$J$4998>0)),Delivery_Log!$J$4:$J$4998),"") | I159: =IFERROR(VLOOKUP(C159,Client_List!$B:$K,10,0),"") | J159: =IFERROR(_xlfn.MAXIFS(Delivery_Log!$A$4:$A$4998,Delivery_Log!$B$4:$B$4998,VALUE(B159)),"—") | K159: =IFERROR(IF(J159="—","",TODAY()-J159),"") | L159: =IFERROR(IF(OR(K159="",H159=""),"",MAX(G159*0.03,G159-K159*H159)),"") | M159: =IFERROR(IF(L159="","",G159-L159),"") | N159: =IFERROR(IF(OR(L159="",H159=""),"",MIN(21,MAX(0,(L159-G159*$C$2)/H159))),"") | O159: =TODAY()+ROUNDUP(N159,0) | P159: =IFERROR(IF(N159="","—",IF(N159<=$E$2,"YES","—")),"—") | Q159: =COUNTIFS(Delivery_Log!$B$4:$B$5998,VALUE(B159),Delivery_Log!$A$4:$A$5998,">="&$Q$2)
A160: 155 | B160: 3056 | C160: CHA - 3056 - CHARLEYS AT THE LAKE | D160: 2 | E160: =IFERROR(VLOOKUP(C160,Client_List!$B:$K,4,0)&", "&VLOOKUP(C160,Client_List!$B:$K,5,0)&" AZ","") | F160: =IFERROR(VLOOKUP(C160,Client_List!$B:$K,7,0)&", "&VLOOKUP(C160,Client_List!$B:$K,8,0),"") | G160: =IFERROR(VLOOKUP(C160,Client_List!$B:$K,9,0),"") | H160: =IFERROR(LOOKUP(2,1/((Delivery_Log!$B$4:$B$4998=VALUE(B160))*(ISNUMBER(Delivery_Log!$J$4:$J$4998))*(Delivery_Log!$J$4:$J$4998>0)),Delivery_Log!$J$4:$J$4998),"") | I160: =IFERROR(VLOOKUP(C160,Client_List!$B:$K,10,0),"") | J160: =IFERROR(_xlfn.MAXIFS(Delivery_Log!$A$4:$A$4998,Delivery_Log!$B$4:$B$4998,VALUE(B160)),"—") | K160: =IFERROR(IF(J160="—","",TODAY()-J160),"") | L160: =IFERROR(IF(OR(K160="",H160=""),"",MAX(G160*0.03,G160-K160*H160)),"") | M160: =IFERROR(IF(L160="","",G160-L160),"") | N160: =IFERROR(IF(OR(L160="",H160=""),"",MIN(21,MAX(0,(L160-G160*$C$2)/H160))),"") | O160: =TODAY()+ROUNDUP(N160,0) | P160: =IFERROR(IF(N160="","—",IF(N160<=$E$2,"YES","—")),"—") | Q160: =COUNTIFS(Delivery_Log!$B$4:$B$5998,VALUE(B160),Delivery_Log!$A$4:$A$5998,">="&$Q$2)
A161: 156 | B161: 3028 | C161: COW - 3028 - COWBOY COOKIN | E161: =IFERROR(VLOOKUP(C161,Client_List!$B:$K,4,0)&", "&VLOOKUP(C161,Client_List!$B:$K,5,0)&" AZ","") | F161: =IFERROR(VLOOKUP(C161,Client_List!$B:$K,7,0)&", "&VLOOKUP(C161,Client_List!$B:$K,8,0),"") | G161: =IFERROR(VLOOKUP(C161,Client_List!$B:$K,9,0),"") | H161: =IFERROR(LOOKUP(2,1/((Delivery_Log!$B$4:$B$4998=VALUE(B161))*(ISNUMBER(Delivery_Log!$J$4:$J$4998))*(Delivery_Log!$J$4:$J$4998>0)),Delivery_Log!$J$4:$J$4998),"") | I161: =IFERROR(VLOOKUP(C161,Client_List!$B:$K,10,0),"") | J161: =IFERROR(_xlfn.MAXIFS(Delivery_Log!$A$4:$A$4998,Delivery_Log!$B$4:$B$4998,VALUE(B161)),"—") | K161: =IFERROR(IF(J161="—","",TODAY()-J161),"") | L161: =IFERROR(IF(OR(K161="",H161=""),"",MAX(G161*0.03,G161-K161*H161)),"") | M161: =IFERROR(IF(L161="","",G161-L161),"") | N161: =IFERROR(IF(OR(L161="",H161=""),"",MIN(21,MAX(0,(L161-G161*$C$2)/H161))),"") | O161: =TODAY()+ROUNDUP(N161,0) | P161: =IFERROR(IF(N161="","—",IF(N161<=$E$2,"YES","—")),"—") | Q161: =COUNTIFS(Delivery_Log!$B$4:$B$5998,VALUE(B161),Delivery_Log!$A$4:$A$5998,">="&$Q$2)
A162: 157 | B162: 3083 | C162: CRU - 3083 - CRUST - PEORIA | E162: =IFERROR(VLOOKUP(C162,Client_List!$B:$K,4,0)&", "&VLOOKUP(C162,Client_List!$B:$K,5,0)&" AZ","") | F162: =IFERROR(VLOOKUP(C162,Client_List!$B:$K,7,0)&", "&VLOOKUP(C162,Client_List!$B:$K,8,0),"") | G162: =IFERROR(VLOOKUP(C162,Client_List!$B:$K,9,0),"") | H162: =IFERROR(LOOKUP(2,1/((Delivery_Log!$B$4:$B$4998=VALUE(B162))*(ISNUMBER(Delivery_Log!$J$4:$J$4998))*(Delivery_Log!$J$4:$J$4998>0)),Delivery_Log!$J$4:$J$4998),"") | I162: =IFERROR(VLOOKUP(C162,Client_List!$B:$K,10,0),"") | J162: =IFERROR(_xlfn.MAXIFS(Delivery_Log!$A$4:$A$4998,Delivery_Log!$B$4:$B$4998,VALUE(B162)),"—") | K162: =IFERROR(IF(J162="—","",TODAY()-J162),"") | L162: =IFERROR(IF(OR(K162="",H162=""),"",MAX(G162*0.03,G162-K162*H162)),"") | M162: =IFERROR(IF(L162="","",G162-L162),"") | N162: =IFERROR(IF(OR(L162="",H162=""),"",MIN(21,MAX(0,(L162-G162*$C$2)/H162))),"") | O162: =TODAY()+ROUNDUP(N162,0) | P162: =IFERROR(IF(N162="","—",IF(N162<=$E$2,"YES","—")),"—") | Q162: =COUNTIFS(Delivery_Log!$B$4:$B$5998,VALUE(B162),Delivery_Log!$A$4:$A$5998,">="&$Q$2)
A163: 158 | B163: 10012 | C163: JAY - 10012 - JAY TRAVEL CENTER | E163: =IFERROR(VLOOKUP(C163,Client_List!$B:$K,4,0)&", "&VLOOKUP(C163,Client_List!$B:$K,5,0)&" AZ","") | F163: =IFERROR(VLOOKUP(C163,Client_List!$B:$K,7,0)&", "&VLOOKUP(C163,Client_List!$B:$K,8,0),"") | G163: =IFERROR(VLOOKUP(C163,Client_List!$B:$K,9,0),"") | H163: =IFERROR(LOOKUP(2,1/((Delivery_Log!$B$4:$B$4998=VALUE(B163))*(ISNUMBER(Delivery_Log!$J$4:$J$4998))*(Delivery_Log!$J$4:$J$4998>0)),Delivery_Log!$J$4:$J$4998),"") | I163: =IFERROR(VLOOKUP(C163,Client_List!$B:$K,10,0),"") | J163: =IFERROR(_xlfn.MAXIFS(Delivery_Log!$A$4:$A$4998,Delivery_Log!$B$4:$B$4998,VALUE(B163)),"—") | K163: =IFERROR(IF(J163="—","",TODAY()-J163),"") | L163: =IFERROR(IF(OR(K163="",H163=""),"",MAX(G163*0.03,G163-K163*H163)),"") | M163: =IFERROR(IF(L163="","",G163-L163),"") | N163: =IFERROR(IF(OR(L163="",H163=""),"",MIN(21,MAX(0,(L163-G163*$C$2)/H163))),"") | O163: =TODAY()+ROUNDUP(N163,0) | P163: =IFERROR(IF(N163="","—",IF(N163<=$E$2,"YES","—")),"—") | Q163: =COUNTIFS(Delivery_Log!$B$4:$B$5998,VALUE(B163),Delivery_Log!$A$4:$A$5998,">="&$Q$2)
A164: 159 | B164: 12021 | C164: LOT - 12021 - LOTUS LOUNGE | E164: =IFERROR(VLOOKUP(C164,Client_List!$B:$K,4,0)&", "&VLOOKUP(C164,Client_List!$B:$K,5,0)&" AZ","") | F164: =IFERROR(VLOOKUP(C164,Client_List!$B:$K,7,0)&", "&VLOOKUP(C164,Client_List!$B:$K,8,0),"") | G164: =IFERROR(VLOOKUP(C164,Client_List!$B:$K,9,0),"") | H164: =IFERROR(LOOKUP(2,1/((Delivery_Log!$B$4:$B$4998=VALUE(B164))*(ISNUMBER(Delivery_Log!$J$4:$J$4998))*(Delivery_Log!$J$4:$J$4998>0)),Delivery_Log!$J$4:$J$4998),"") | I164: =IFERROR(VLOOKUP(C164,Client_List!$B:$K,10,0),"") | J164: =IFERROR(_xlfn.MAXIFS(Delivery_Log!$A$4:$A$4998,Delivery_Log!$B$4:$B$4998,VALUE(B164)),"—") | K164: =IFERROR(IF(J164="—","",TODAY()-J164),"") | L164: =IFERROR(IF(OR(K164="",H164=""),"",MAX(G164*0.03,G164-K164*H164)),"") | M164: =IFERROR(IF(L164="","",G164-L164),"") | N164: =IFERROR(IF(OR(L164="",H164=""),"",MIN(21,MAX(0,(L164-G164*$C$2)/H164))),"") | O164: =TODAY()+ROUNDUP(N164,0) | P164: =IFERROR(IF(N164="","—",IF(N164<=$E$2,"YES","—")),"—") | Q164: =COUNTIFS(Delivery_Log!$B$4:$B$5998,VALUE(B164),Delivery_Log!$A$4:$A$5998,">="&$Q$2)
A165: 160 | B165: 12062 | C165: LOV - 12062 - LOVEY'S ESSENCE - AVONDALE | E165: =IFERROR(VLOOKUP(C165,Client_List!$B:$K,4,0)&", "&VLOOKUP(C165,Client_List!$B:$K,5,0)&" AZ","") | F165: =IFERROR(VLOOKUP(C165,Client_List!$B:$K,7,0)&", "&VLOOKUP(C165,Client_List!$B:$K,8,0),"") | G165: =IFERROR(VLOOKUP(C165,Client_List!$B:$K,9,0),"") | H165: =IFERROR(LOOKUP(2,1/((Delivery_Log!$B$4:$B$4998=VALUE(B165))*(ISNUMBER(Delivery_Log!$J$4:$J$4998))*(Delivery_Log!$J$4:$J$4998>0)),Delivery_Log!$J$4:$J$4998),"") | I165: =IFERROR(VLOOKUP(C165,Client_List!$B:$K,10,0),"") | J165: =IFERROR(_xlfn.MAXIFS(Delivery_Log!$A$4:$A$4998,Delivery_Log!$B$4:$B$4998,VALUE(B165)),"—") | K165: =IFERROR(IF(J165="—","",TODAY()-J165),"") | L165: =IFERROR(IF(OR(K165="",H165=""),"",MAX(G165*0.03,G165-K165*H165)),"") | M165: =IFERROR(IF(L165="","",G165-L165),"") | N165: =IFERROR(IF(OR(L165="",H165=""),"",MIN(21,MAX(0,(L165-G165*$C$2)/H165))),"") | O165: =TODAY()+ROUNDUP(N165,0) | P165: =IFERROR(IF(N165="","—",IF(N165<=$E$2,"YES","—")),"—") | Q165: =COUNTIFS(Delivery_Log!$B$4:$B$5998,VALUE(B165),Delivery_Log!$A$4:$A$5998,">="&$Q$2)
A166: 161 | B166: 15032 | C166: ORE - 15032 - OREGANO COUNTRY | E166: =IFERROR(VLOOKUP(C166,Client_List!$B:$K,4,0)&", "&VLOOKUP(C166,Client_List!$B:$K,5,0)&" AZ","") | F166: =IFERROR(VLOOKUP(C166,Client_List!$B:$K,7,0)&", "&VLOOKUP(C166,Client_List!$B:$K,8,0),"") | G166: =IFERROR(VLOOKUP(C166,Client_List!$B:$K,9,0),"") | H166: =IFERROR(LOOKUP(2,1/((Delivery_Log!$B$4:$B$4998=VALUE(B166))*(ISNUMBER(Delivery_Log!$J$4:$J$4998))*(Delivery_Log!$J$4:$J$4998>0)),Delivery_Log!$J$4:$J$4998),"") | I166: =IFERROR(VLOOKUP(C166,Client_List!$B:$K,10,0),"") | J166: =IFERROR(_xlfn.MAXIFS(Delivery_Log!$A$4:$A$4998,Delivery_Log!$B$4:$B$4998,VALUE(B166)),"—") | K166: =IFERROR(IF(J166="—","",TODAY()-J166),"") | L166: =IFERROR(IF(OR(K166="",H166=""),"",MAX(G166*0.03,G166-K166*H166)),"") | M166: =IFERROR(IF(L166="","",G166-L166),"") | N166: =IFERROR(IF(OR(L166="",H166=""),"",MIN(21,MAX(0,(L166-G166*$C$2)/H166))),"") | O166: =TODAY()+ROUNDUP(N166,0) | P166: =IFERROR(IF(N166="","—",IF(N166<=$E$2,"YES","—")),"—") | Q166: =COUNTIFS(Delivery_Log!$B$4:$B$5998,VALUE(B166),Delivery_Log!$A$4:$A$5998,">="&$Q$2)
A167: 162 | B167: 15033 | C167: OREL - 15033 - OREGANO LANDING | E167: =IFERROR(VLOOKUP(C167,Client_List!$B:$K,4,0)&", "&VLOOKUP(C167,Client_List!$B:$K,5,0)&" AZ","") | F167: =IFERROR(VLOOKUP(C167,Client_List!$B:$K,7,0)&", "&VLOOKUP(C167,Client_List!$B:$K,8,0),"") | G167: =IFERROR(VLOOKUP(C167,Client_List!$B:$K,9,0),"") | H167: =IFERROR(LOOKUP(2,1/((Delivery_Log!$B$4:$B$4998=VALUE(B167))*(ISNUMBER(Delivery_Log!$J$4:$J$4998))*(Delivery_Log!$J$4:$J$4998>0)),Delivery_Log!$J$4:$J$4998),"") | I167: =IFERROR(VLOOKUP(C167,Client_List!$B:$K,10,0),"") | J167: =IFERROR(_xlfn.MAXIFS(Delivery_Log!$A$4:$A$4998,Delivery_Log!$B$4:$B$4998,VALUE(B167)),"—") | K167: =IFERROR(IF(J167="—","",TODAY()-J167),"") | L167: =IFERROR(IF(OR(K167="",H167=""),"",MAX(G167*0.03,G167-K167*H167)),"") | M167: =IFERROR(IF(L167="","",G167-L167),"") | N167: =IFERROR(IF(OR(L167="",H167=""),"",MIN(21,MAX(0,(L167-G167*$C$2)/H167))),"") | O167: =TODAY()+ROUNDUP(N167,0) | P167: =IFERROR(IF(N167="","—",IF(N167<=$E$2,"YES","—")),"—") | Q167: =COUNTIFS(Delivery_Log!$B$4:$B$5998,VALUE(B167),Delivery_Log!$A$4:$A$5998,">="&$Q$2)
A168: 163 | B168: 15028 | C168: OREO - 15028 - OREGANO TUCSON | E168: =IFERROR(VLOOKUP(C168,Client_List!$B:$K,4,0)&", "&VLOOKUP(C168,Client_List!$B:$K,5,0)&" AZ","") | F168: =IFERROR(VLOOKUP(C168,Client_List!$B:$K,7,0)&", "&VLOOKUP(C168,Client_List!$B:$K,8,0),"") | G168: =IFERROR(VLOOKUP(C168,Client_List!$B:$K,9,0),"") | H168: =IFERROR(LOOKUP(2,1/((Delivery_Log!$B$4:$B$4998=VALUE(B168))*(ISNUMBER(Delivery_Log!$J$4:$J$4998))*(Delivery_Log!$J$4:$J$4998>0)),Delivery_Log!$J$4:$J$4998),"") | I168: =IFERROR(VLOOKUP(C168,Client_List!$B:$K,10,0),"") | J168: =IFERROR(_xlfn.MAXIFS(Delivery_Log!$A$4:$A$4998,Delivery_Log!$B$4:$B$4998,VALUE(B168)),"—") | K168: =IFERROR(IF(J168="—","",TODAY()-J168),"") | L168: =IFERROR(IF(OR(K168="",H168=""),"",MAX(G168*0.03,G168-K168*H168)),"") | M168: =IFERROR(IF(L168="","",G168-L168),"") | N168: =IFERROR(IF(OR(L168="",H168=""),"",MIN(21,MAX(0,(L168-G168*$C$2)/H168))),"") | O168: =TODAY()+ROUNDUP(N168,0) | P168: =IFERROR(IF(N168="","—",IF(N168<=$E$2,"YES","—")),"—") | Q168: =COUNTIFS(Delivery_Log!$B$4:$B$5998,VALUE(B168),Delivery_Log!$A$4:$A$5998,">="&$Q$2)
A169: 164 | B169: 15004 | C169: ORER - 15004 - OREGANO FLAGSTAFF | E169: =IFERROR(VLOOKUP(C169,Client_List!$B:$K,4,0)&", "&VLOOKUP(C169,Client_List!$B:$K,5,0)&" AZ","") | F169: =IFERROR(VLOOKUP(C169,Client_List!$B:$K,7,0)&", "&VLOOKUP(C169,Client_List!$B:$K,8,0),"") | G169: =IFERROR(VLOOKUP(C169,Client_List!$B:$K,9,0),"") | H169: =IFERROR(LOOKUP(2,1/((Delivery_Log!$B$4:$B$4998=VALUE(B169))*(ISNUMBER(Delivery_Log!$J$4:$J$4998))*(Delivery_Log!$J$4:$J$4998>0)),Delivery_Log!$J$4:$J$4998),"") | I169: =IFERROR(VLOOKUP(C169,Client_List!$B:$K,10,0),"") | J169: =IFERROR(_xlfn.MAXIFS(Delivery_Log!$A$4:$A$4998,Delivery_Log!$B$4:$B$4998,VALUE(B169)),"—") | K169: =IFERROR(IF(J169="—","",TODAY()-J169),"") | L169: =IFERROR(IF(OR(K169="",H169=""),"",MAX(G169*0.03,G169-K169*H169)),"") | M169: =IFERROR(IF(L169="","",G169-L169),"") | N169: =IFERROR(IF(OR(L169="",H169=""),"",MIN(21,MAX(0,(L169-G169*$C$2)/H169))),"") | O169: =TODAY()+ROUNDUP(N169,0) | P169: =IFERROR(IF(N169="","—",IF(N169<=$E$2,"YES","—")),"—") | Q169: =COUNTIFS(Delivery_Log!$B$4:$B$5998,VALUE(B169),Delivery_Log!$A$4:$A$5998,">="&$Q$2)
A170: 165 | B170: 15021 | C170: ORES - 15021 - OREGANO SPEEDWAY | E170: =IFERROR(VLOOKUP(C170,Client_List!$B:$K,4,0)&", "&VLOOKUP(C170,Client_List!$B:$K,5,0)&" AZ","") | F170: =IFERROR(VLOOKUP(C170,Client_List!$B:$K,7,0)&", "&VLOOKUP(C170,Client_List!$B:$K,8,0),"") | G170: =IFERROR(VLOOKUP(C170,Client_List!$B:$K,9,0),"") | H170: =IFERROR(LOOKUP(2,1/((Delivery_Log!$B$4:$B$4998=VALUE(B170))*(ISNUMBER(Delivery_Log!$J$4:$J$4998))*(Delivery_Log!$J$4:$J$4998>0)),Delivery_Log!$J$4:$J$4998),"") | I170: =IFERROR(VLOOKUP(C170,Client_List!$B:$K,10,0),"") | J170: =IFERROR(_xlfn.MAXIFS(Delivery_Log!$A$4:$A$4998,Delivery_Log!$B$4:$B$4998,VALUE(B170)),"—") | K170: =IFERROR(IF(J170="—","",TODAY()-J170),"") | L170: =IFERROR(IF(OR(K170="",H170=""),"",MAX(G170*0.03,G170-K170*H170)),"") | M170: =IFERROR(IF(L170="","",G170-L170),"") | N170: =IFERROR(IF(OR(L170="",H170=""),"",MIN(21,MAX(0,(L170-G170*$C$2)/H170))),"") | O170: =TODAY()+ROUNDUP(N170,0) | P170: =IFERROR(IF(N170="","—",IF(N170<=$E$2,"YES","—")),"—") | Q170: =COUNTIFS(Delivery_Log!$B$4:$B$5998,VALUE(B170),Delivery_Log!$A$4:$A$5998,">="&$Q$2)
A171: 166 | B171: 16052 | C171: PAL - 16052 - THE PALACE SALOON | E171: =IFERROR(VLOOKUP(C171,Client_List!$B:$K,4,0)&", "&VLOOKUP(C171,Client_List!$B:$K,5,0)&" AZ","") | F171: =IFERROR(VLOOKUP(C171,Client_List!$B:$K,7,0)&", "&VLOOKUP(C171,Client_List!$B:$K,8,0),"") | G171: =IFERROR(VLOOKUP(C171,Client_List!$B:$K,9,0),"") | H171: =IFERROR(LOOKUP(2,1/((Delivery_Log!$B$4:$B$4998=VALUE(B171))*(ISNUMBER(Delivery_Log!$J$4:$J$4998))*(Delivery_Log!$J$4:$J$4998>0)),Delivery_Log!$J$4:$J$4998),"") | I171: =IFERROR(VLOOKUP(C171,Client_List!$B:$K,10,0),"") | J171: =IFERROR(_xlfn.MAXIFS(Delivery_Log!$A$4:$A$4998,Delivery_Log!$B$4:$B$4998,VALUE(B171)),"—") | K171: =IFERROR(IF(J171="—","",TODAY()-J171),"") | L171: =IFERROR(IF(OR(K171="",H171=""),"",MAX(G171*0.03,G171-K171*H171)),"") | M171: =IFERROR(IF(L171="","",G171-L171),"") | N171: =IFERROR(IF(OR(L171="",H171=""),"",MIN(21,MAX(0,(L171-G171*$C$2)/H171))),"") | O171: =TODAY()+ROUNDUP(N171,0) | P171: =IFERROR(IF(N171="","—",IF(N171<=$E$2,"YES","—")),"—") | Q171: =COUNTIFS(Delivery_Log!$B$4:$B$5998,VALUE(B171),Delivery_Log!$A$4:$A$5998,">="&$Q$2)
A172: 167 | B172: 16027 | C172: PIR - 16027 - PIRATE CASA GRANDE | E172: =IFERROR(VLOOKUP(C172,Client_List!$B:$K,4,0)&", "&VLOOKUP(C172,Client_List!$B:$K,5,0)&" AZ","") | F172: =IFERROR(VLOOKUP(C172,Client_List!$B:$K,7,0)&", "&VLOOKUP(C172,Client_List!$B:$K,8,0),"") | G172: =IFERROR(VLOOKUP(C172,Client_List!$B:$K,9,0),"") | H172: =IFERROR(LOOKUP(2,1/((Delivery_Log!$B$4:$B$4998=VALUE(B172))*(ISNUMBER(Delivery_Log!$J$4:$J$4998))*(Delivery_Log!$J$4:$J$4998>0)),Delivery_Log!$J$4:$J$4998),"") | I172: =IFERROR(VLOOKUP(C172,Client_List!$B:$K,10,0),"") | J172: =IFERROR(_xlfn.MAXIFS(Delivery_Log!$A$4:$A$4998,Delivery_Log!$B$4:$B$4998,VALUE(B172)),"—") | K172: =IFERROR(IF(J172="—","",TODAY()-J172),"") | L172: =IFERROR(IF(OR(K172="",H172=""),"",MAX(G172*0.03,G172-K172*H172)),"") | M172: =IFERROR(IF(L172="","",G172-L172),"") | N172: =IFERROR(IF(OR(L172="",H172=""),"",MIN(21,MAX(0,(L172-G172*$C$2)/H172))),"") | O172: =TODAY()+ROUNDUP(N172,0) | P172: =IFERROR(IF(N172="","—",IF(N172<=$E$2,"YES","—")),"—") | Q172: =COUNTIFS(Delivery_Log!$B$4:$B$5998,VALUE(B172),Delivery_Log!$A$4:$A$5998,">="&$Q$2)
A173: 168 | B173: 16051 | C173: POP - 16051 - POPOS MCDOWELL | D173: 1 | E173: =IFERROR(VLOOKUP(C173,Client_List!$B:$K,4,0)&", "&VLOOKUP(C173,Client_List!$B:$K,5,0)&" AZ","") | F173: =IFERROR(VLOOKUP(C173,Client_List!$B:$K,7,0)&", "&VLOOKUP(C173,Client_List!$B:$K,8,0),"") | G173: =IFERROR(VLOOKUP(C173,Client_List!$B:$K,9,0),"") | H173: =IFERROR(LOOKUP(2,1/((Delivery_Log!$B$4:$B$4998=VALUE(B173))*(ISNUMBER(Delivery_Log!$J$4:$J$4998))*(Delivery_Log!$J$4:$J$4998>0)),Delivery_Log!$J$4:$J$4998),"") | I173: =IFERROR(VLOOKUP(C173,Client_List!$B:$K,10,0),"") | J173: =IFERROR(_xlfn.MAXIFS(Delivery_Log!$A$4:$A$4998,Delivery_Log!$B$4:$B$4998,VALUE(B173)),"—") | K173: =IFERROR(IF(J173="—","",TODAY()-J173),"") | L173: =IFERROR(IF(OR(K173="",H173=""),"",MAX(G173*0.03,G173-K173*H173)),"") | M173: =IFERROR(IF(L173="","",G173-L173),"") | N173: =IFERROR(IF(OR(L173="",H173=""),"",MIN(21,MAX(0,(L173-G173*$C$2)/H173))),"") | O173: =TODAY()+ROUNDUP(N173,0) | P173: =IFERROR(IF(N173="","—",IF(N173<=$E$2,"YES","—")),"—") | Q173: =COUNTIFS(Delivery_Log!$B$4:$B$5998,VALUE(B173),Delivery_Log!$A$4:$A$5998,">="&$Q$2)
A174: 169 | B174: 20089 | C174: TAI - 20089 - TAILGATERS PRESCOTT | E174: =IFERROR(VLOOKUP(C174,Client_List!$B:$K,4,0)&", "&VLOOKUP(C174,Client_List!$B:$K,5,0)&" AZ","") | F174: =IFERROR(VLOOKUP(C174,Client_List!$B:$K,7,0)&", "&VLOOKUP(C174,Client_List!$B:$K,8,0),"") | G174: =IFERROR(VLOOKUP(C174,Client_List!$B:$K,9,0),"") | H174: =IFERROR(LOOKUP(2,1/((Delivery_Log!$B$4:$B$4998=VALUE(B174))*(ISNUMBER(Delivery_Log!$J$4:$J$4998))*(Delivery_Log!$J$4:$J$4998>0)),Delivery_Log!$J$4:$J$4998),"") | I174: =IFERROR(VLOOKUP(C174,Client_List!$B:$K,10,0),"") | J174: =IFERROR(_xlfn.MAXIFS(Delivery_Log!$A$4:$A$4998,Delivery_Log!$B$4:$B$4998,VALUE(B174)),"—") | K174: =IFERROR(IF(J174="—","",TODAY()-J174),"") | L174: =IFERROR(IF(OR(K174="",H174=""),"",MAX(G174*0.03,G174-K174*H174)),"") | M174: =IFERROR(IF(L174="","",G174-L174),"") | N174: =IFERROR(IF(OR(L174="",H174=""),"",MIN(21,MAX(0,(L174-G174*$C$2)/H174))),"") | O174: =TODAY()+ROUNDUP(N174,0) | P174: =IFERROR(IF(N174="","—",IF(N174<=$E$2,"YES","—")),"—") | Q174: =COUNTIFS(Delivery_Log!$B$4:$B$5998,VALUE(B174),Delivery_Log!$A$4:$A$5998,">="&$Q$2)
A175: 170 | B175: 16058 | C175: PIN - 16058 - PINYON RESTAURANT | E175: =IFERROR(VLOOKUP(C175,Client_List!$B:$K,4,0)&", "&VLOOKUP(C175,Client_List!$B:$K,5,0)&" AZ","") | F175: =IFERROR(VLOOKUP(C175,Client_List!$B:$K,7,0)&", "&VLOOKUP(C175,Client_List!$B:$K,8,0),"") | G175: =IFERROR(VLOOKUP(C175,Client_List!$B:$K,9,0),"") | H175: =IFERROR(LOOKUP(2,1/((Delivery_Log!$B$4:$B$4998=VALUE(B175))*(ISNUMBER(Delivery_Log!$J$4:$J$4998))*(Delivery_Log!$J$4:$J$4998>0)),Delivery_Log!$J$4:$J$4998),"") | I175: =IFERROR(VLOOKUP(C175,Client_List!$B:$K,10,0),"") | J175: =IFERROR(_xlfn.MAXIFS(Delivery_Log!$A$4:$A$4998,Delivery_Log!$B$4:$B$4998,VALUE(B175)),"—") | K175: =IFERROR(IF(J175="—","",TODAY()-J175),"") | L175: =IFERROR(IF(OR(K175="",H175=""),"",MAX(G175*0.03,G175-K175*H175)),"") | M175: =IFERROR(IF(L175="","",G175-L175),"") | N175: =IFERROR(IF(OR(L175="",H175=""),"",MIN(21,MAX(0,(L175-G175*$C$2)/H175))),"") | O175: =TODAY()+ROUNDUP(N175,0) | P175: =IFERROR(IF(N175="","—",IF(N175<=$E$2,"YES","—")),"—") | Q175: =COUNTIFS(Delivery_Log!$B$4:$B$5998,VALUE(B175),Delivery_Log!$A$4:$A$5998,">="&$Q$2)

Sheet Client_Time_Windows
A1: Client Time Windows — one row per (client, day) pair. Leave empty if no restrictions.
A2: Blank = client is open all shift. Add rows only for clients with restricted hours.
A3: Client_ID | B3: Day_of_Week | C3: Open_HHMM | D3: Close_HHMM | E3: Notes
A4: EXAMPLE_C042 | B4: Tue | C4: 10:00 | D4: 14:00 | E4: No deliveries during lunch rush (example — delete this row)

Sheet Client_Closures
A1: Client Closures — date-range closures (vacations, renovations, etc.)
A2: Inclusive on both ends. Solver skips these clients on those days.
A3: Client_ID | B3: Start_Date | C3: End_Date | D3: Reason
A4: EXAMPLE_C042 | B4: 2026-04-20 | C4: 2026-04-27 | D4: Renovations (example — delete this row)

Sheet Trucks
A1: Truck Configuration
A2: Truck_Name | B2: Capacity_lbs | C2: Pump_Rate_lbs_per_min | D2: Fixed_Setup_min
A3: Truck2 | B3: 10000 | C3: 152.6 | D3: 18
A4: Truck9 | B4: 10000 | C4: 206 | D4: 18

Sheet Depot
A1: Depot Configuration (key-value pairs)
A2: Key | B2: Value
A3: Depot_Lat | B3: 33.5152
A4: Depot_Lon | B4: -112.1674
A5: Shift_Start_HHMM | B5: 06:00
A6: Shift_End_HHMM | B6: 16:00
A7: Morning_Load_Min | B7: 30
A8: Evening_Unload_Min | B8: 15
A9: Work_Days | B9: Tue,Wed,Thu,Fri,Sat
