Workbook

Sheet Delivery_Log
A1: S&K OIL SALES — DELIVERY LOG ↓ Append new deliveries in date order
A2: Add rows in chronological order (oldest first). Optimizer_Input updates automatically. Do NOT re-sort.
A3: Date | B3: Customer | C3: Zone | D3: Zone Code | E3: Product | F3: Tank (lbs) | G3: Qty Delivered (lbs) | H3: Days Since Last | I3: Lbs/Day This Delivery | J3: Invoice # | K3: Running Avg Lbs/Day ←auto | L3: Name Check
A4: 45955 | B4: AME - 1073 - AMELIO C ENTERPRISES, INC (CACTUS CANDY) | C4: =IF(B4="","",IFERROR(INDEX(Client_List!$C:$C,MATCH(B4,Client_List!$B:$B,0)),"")) -> 4 | D4: =IF(B4="","",IFERROR(INDEX(Client_List!$D:$D,MATCH(B4,Client_List!$B:$B,0)),"")) -> 4C | E4: =IF(B4="","",IFERROR(INDEX(Client_List!$K:$K,MATCH(B4,Client_List!$B:$B,0)),"")) -> CANOLA OIL | F4: =IF(B4="","",IFERROR(INDEX(Client_List!$J:$J,MATCH(B4,Client_List!$B:$B,0)),"")) -> 2000 | G4: 1903 | H4: =IF(B4="","",IFERROR(A4-LOOKUP(2,1/($B3:$B$4=B4),$A3:$A$4),"")) -> 0 | I4: =IF(B4="","",IFERROR(G4/H4,"")) | J4: 7825-1 | K4: =IF(B4="","",IFERROR(AVERAGEIFS($I$4:$I4,$B$4:$B4,B4,$I$4:$I4,">"&0),"")) | L4: =IF(B4="","",IF(ISNA(MATCH(B4,Client_List!$B:$B,0)),"⚠ NOT FOUND","✓")) -> ✓
A5: 45965 | B5: SHA - 19107 - SHARKO'S CATERING | C5: =IF(B5="","",IFERROR(INDEX(Client_List!$C:$C,MATCH(B5,Client_List!$B:$B,0)),"")) -> 3 | D5: =IF(B5="","",IFERROR(INDEX(Client_List!$D:$D,MATCH(B5,Client_List!$B:$B,0)),"")) -> 3D | E5: =IF(B5="","",IFERROR(INDEX(Client_List!$K:$K,MATCH(B5,Client_List!$B:$B,0)),"")) -> CANOLA OIL | F5: =IF(B5="","",IFERROR(INDEX(Client_List!$J:$J,MATCH(B5,Client_List!$B:$B,0)),"")) -> 450 | G5: 228 | H5: =IF(B5="","",IFERROR(A5-LOOKUP(2,1/($B$4:$B4=B5),$A$4:$A4),"")) | I5: =IF(B5="","",IFERROR(G5/H5,"")) | J5: 141811 | K5: =IF(B5="","",IFERROR(AVERAGEIFS($I$4:$I5,$B$4:$B5,B5,$I$4:$I5,">"&0),"")) | L5: =IF(B5="","",IF(ISNA(MATCH(B5,Client_List!$B:$B,0)),"⚠ NOT FOUND","✓")) -> ✓
A6: 46024 | B6: ATL - 1083 - ATL WINGS MESA | C6: =IF(B6="","",IFERROR(INDEX(Client_List!$C:$C,MATCH(B6,Client_List!$B:$B,0)),"")) -> 5 | D6: =IF(B6="","",IFERROR(INDEX(Client_List!$D:$D,MATCH(B6,Client_List!$B:$B,0)),"")) -> 5D | E6: =IF(B6="","",IFERROR(INDEX(Client_List!$K:$K,MATCH(B6,Client_List!$B:$B,0)),"")) -> CANOLA OIL | F6: =IF(B6="","",IFERROR(INDEX(Client_List!$J:$J,MATCH(B6,Client_List!$B:$B,0)),"")) -> 425 | G6: 354 | H6: =IF(B6="","",IFERROR(A6-LOOKUP(2,1/($B$4:$B5=B6),$A$4:$A5),"")) | I6: =IF(B6="","",IFERROR(G6/H6,"")) | J6: 140983 | K6: =IF(B6="","",IFERROR(AVERAGEIFS($I$4:$I6,$B$4:$B6,B6,$I$4:$I6,">"&0),"")) | L6: =IF(B6="","",IF(ISNA(MATCH(B6,Client_List!$B:$B,0)),"⚠ NOT FOUND","✓")) -> ✓
A7: 46024 | B7: CAR - 3063 - CARDINAL STADIUM | C7: =IF(B7="","",IFERROR(INDEX(Client_List!$C:$C,MATCH(B7,Client_List!$B:$B,0)),"")) -> 2 | D7: =IF(B7="","",IFERROR(INDEX(Client_List!$D:$D,MATCH(B7,Client_List!$B:$B,0)),"")) -> 2D | E7: =IF(B7="","",IFERROR(INDEX(Client_List!$K:$K,MATCH(B7,Client_List!$B:$B,0)),"")) -> CANOLA OIL | F7: =IF(B7="","",IFERROR(INDEX(Client_List!$J:$J,MATCH(B7,Client_List!$B:$B,0)),"")) -> 2500 | G7: 1596 | H7: =IF(B7="","",IFERROR(A7-LOOKUP(2,1/($B$4:$B6=B7),$A$4:$A6),"")) | I7: =IF(B7="","",IFERROR(G7/H7,"")) | J7: 140988 | K7: =IF(B7="","",IFERROR(AVERAGEIFS($I$4:$I7,$B$4:$B7,B7,$I$4:$I7,">"&0),"")) | L7: =IF(B7="","",IF(ISNA(MATCH(B7,Client_List!$B:$B,0)),"⚠ NOT FOUND","✓")) -> ✓
A8: 46024 | B8: DAR 4037 - DARUMA RAMEN AND BOWL | C8: =IF(B8="","",IFERROR(INDEX(Client_List!$C:$C,MATCH(B8,Client_List!$B:$B,0)),"")) -> 4 | D8: =IF(B8="","",IFERROR(INDEX(Client_List!$D:$D,MATCH(B8,Client_List!$B:$B,0)),"")) -> 4E | E8: =IF(B8="","",IFERROR(INDEX(Client_List!$K:$K,MATCH(B8,Client_List!$B:$B,0)),"")) -> CANOLA OIL | F8: =IF(B8="","",IFERROR(INDEX(Client_List!$J:$J,MATCH(B8,Client_List!$B:$B,0)),"")) -> 350 | G8: 361 | H8: =IF(B8="","",IFERROR(A8-LOOKUP(2,1/($B$4:$B7=B8),$A$4:$A7),"")) | I8: =IF(B8="","",IFERROR(G8/H8,"")) | J8: 140985 | K8: =IF(B8="","",IFERROR(AVERAGEIFS($I$4:$I8,$B$4:$B8,B8,$I$4:$I8,">"&0),"")) | L8: =IF(B8="","",IF(ISNA(MATCH(B8,Client_List!$B:$B,0)),"⚠ NOT FOUND","✓")) -> ✓
A9: 46024 | B9: HAR - 8031 - HAROLDS | C9: =IF(B9="","",IFERROR(INDEX(Client_List!$C:$C,MATCH(B9,Client_List!$B:$B,0)),"")) -> 4 | D9: =IF(B9="","",IFERROR(INDEX(Client_List!$D:$D,MATCH(B9,Client_List!$B:$B,0)),"")) -> 4A | E9: =IF(B9="","",IFERROR(INDEX(Client_List!$K:$K,MATCH(B9,Client_List!$B:$B,0)),"")) -> FRYERS CHOICE BLEND | F9: =IF(B9="","",IFERROR(INDEX(Client_List!$J:$J,MATCH(B9,Client_List!$B:$B,0)),"")) -> 1050 | G9: 705 | H9: =IF(B9="","",IFERROR(A9-LOOKUP(2,1/($B$4:$B8=B9),$A$4:$A8),"")) | I9: =IF(B9="","",IFERROR(G9/H9,"")) | J9: 140986 | K9: =IF(B9="","",IFERROR(AVERAGEIFS($I$4:$I9,$B$4:$B9,B9,$I$4:$I9,">"&0),"")) | L9: =IF(B9="","",IF(ISNA(MATCH(B9,Client_List!$B:$B,0)),"⚠ NOT FOUND","✓")) -> ✓
A10: 46024 | B10: JALS - 10001 - JALAPENOS INFERNO SCOTTS | C10: =IF(B10="","",IFERROR(INDEX(Client_List!$C:$C,MATCH(B10,Client_List!$B:$B,0)),"")) -> 4 | D10: =IF(B10="","",IFERROR(INDEX(Client_List!$D:$D,MATCH(B10,Client_List!$B:$B,0)),"")) -> 4B | E10: =IF(B10="","",IFERROR(INDEX(Client_List!$K:$K,MATCH(B10,Client_List!$B:$B,0)),"")) -> FRYERS CHOICE BLEND | F10: =IF(B10="","",IFERROR(INDEX(Client_List!$J:$J,MATCH(B10,Client_List!$B:$B,0)),"")) -> 950 | G10: 882 | H10: =IF(B10="","",IFERROR(A10-LOOKUP(2,1/($B$4:$B9=B10),$A$4:$A9),"")) | I10: =IF(B10="","",IFERROR(G10/H10,"")) | J10: 140987 | K10: =IF(B10="","",IFERROR(AVERAGEIFS($I$4:$I10,$B$4:$B10,B10,$I$4:$I10,">"&0),"")) | L10: =IF(B10="","",IF(ISNA(MATCH(B10,Client_List!$B:$B,0)),"⚠ NOT FOUND","✓")) -> ✓
A11: 46024 | B11: NOU - 14008 - NOURISH KITCHEN | C11: =IF(B11="","",IFERROR(INDEX(Client_List!$C:$C,MATCH(B11,Client_List!$B:$B,0)),"")) -> 4 | D11: =IF(B11="","",IFERROR(INDEX(Client_List!$D:$D,MATCH(B11,Client_List!$B:$B,0)),"")) -> 4E | E11: =IF(B11="","",IFERROR(INDEX(Client_List!$K:$K,MATCH(B11,Client_List!$B:$B,0)),"")) -> CANOLA OIL | F11: =IF(B11="","",IFERROR(INDEX(Client_List!$J:$J,MATCH(B11,Client_List!$B:$B,0)),"")) -> 2000 | G11: 1151 | H11: =IF(B11="","",IFERROR(A11-LOOKUP(2,1/($B$4:$B10=B11),$A$4:$A10),"")) | I11: =IF(B11="","",IFERROR(G11/H11,"")) | J11: 140984 | K11: =IF(B11="","",IFERROR(AVERAGEIFS($I$4:$I11,$B$4:$B11,B11,$I$4:$I11,">"&0),"")) | L11: =IF(B11="","",IF(ISNA(MATCH(B11,Client_List!$B:$B,0)),"⚠ NOT FOUND","✓")) -> ✓
A12: 46024 | B12: OHS - 15035 - OHSO GILBERT | C12: =IF(B12="","",IFERROR(INDEX(Client_List!$C:$C,MATCH(B12,Client_List!$B:$B,0)),"")) -> 5 | D12: =IF(B12="","",IFERROR(INDEX(Client_List!$D:$D,MATCH(B12,Client_List!$B:$B,0)),"")) -> 5E | E12: =IF(B12="","",IFERROR(INDEX(Client_List!$K:$K,MATCH(B12,Client_List!$B:$B,0)),"")) -> CANOLA OIL | F12: =IF(B12="","",IFERROR(INDEX(Client_List!$J:$J,MATCH(B12,Client_List!$B:$B,0)),"")) -> 1800 | G12: 1401 | H12: =IF(B12="","",IFERROR(A12-LOOKUP(2,1/($B$4:$B11=B12),$A$4:$A11),"")) | I12: =IF(B12="","",IFERROR(G12/H12,"")) | J12: 140981 | K12: =IF(B12="","",IFERROR(AVERAGEIFS($I$4:$I12,$B$4:$B12,B12,$I$4:$I12,">"&0),"")) | L12: =IF(B12="","",IF(ISNA(MATCH(B12,Client_List!$B:$B,0)),"⚠ NOT FOUND","✓")) -> ✓
A13: 46024 | B13: PETTOL - 16010 - PETES TOLLESON | C13: =IF(B13="","",IFERROR(INDEX(Client_List!$C:$C,MATCH(B13,Client_List!$B:$B,0)),"")) -> 2 | D13: =IF(B13="","",IFERROR(INDEX(Client_List!$D:$D,MATCH(B13,Client_List!$B:$B,0)),"")) -> 2E | E13: =IF(B13="","",IFERROR(INDEX(Client_List!$K:$K,MATCH(B13,Client_List!$B:$B,0)),"")) -> FRYERS CHOICE BLEND | F13: =IF(B13="","",IFERROR(INDEX(Client_List!$J:$J,MATCH(B13,Client_List!$B:$B,0)),"")) -> 1950 | G13: 1737 | H13: =IF(B13="","",IFERROR(A13-LOOKUP(2,1/($B$4:$B12=B13),$A$4:$A12),"")) | I13: =IF(B13="","",IFERROR(G13/H13,"")) | J13: 140982 | K13: =IF(B13="","",IFERROR(AVERAGEIFS($I$4:$I13,$B$4:$B13,B13,$I$4:$I13,">"&0),"")) | L13: =IF(B13="","",IF(ISNA(MATCH(B13,Client_List!$B:$B,0)),"⚠ NOT FOUND","✓")) -> ✓
A14: 46025 | B14: ANG - 1057 - ANGRY CRAB TUCSON | C14: =IF(B14="","",IFERROR(INDEX(Client_List!$C:$C,MATCH(B14,Client_List!$B:$B,0)),"")) -> 0 | D14: =IF(B14="","",IFERROR(INDEX(Client_List!$D:$D,MATCH(B14,Client_List!$B:$B,0)),"")) -> TU | E14: =IF(B14="","",IFERROR(INDEX(Client_List!$K:$K,MATCH(B14,Client_List!$B:$B,0)),"")) -> FRYERS CHOICE BLEND | F14: =IF(B14="","",IFERROR(INDEX(Client_List!$J:$J,MATCH(B14,Client_List!$B:$B,0)),"")) -> 1000 | G14: 591 | H14: =IF(B14="","",IFERROR(A14-LOOKUP(2,1/($B$4:$B13=B14),$A$4:$A13),"")) | I14: =IF(B14="","",IFERROR(G14/H14,"")) | J14: 141024 | K14: =IF(B14="","",IFERROR(AVERAGEIFS($I$4:$I14,$B$4:$B14,B14,$I$4:$I14,">"&0),"")) | L14: =IF(B14="","",IF(ISNA(MATCH(B14,Client_List!$B:$B,0)),"⚠ NOT FOUND","✓")) -> ✓
A15: 46025 | B15: BOO - 2016 - BOOTY'S SURPRISE | C15: =IF(B15="","",IFERROR(INDEX(Client_List!$C:$C,MATCH(B15,Client_List!$B:$B,0)),"")) -> 0 | D15: =IF(B15="","",IFERROR(INDEX(Client_List!$D:$D,MATCH(B15,Client_List!$B:$B,0)),"")) -> 0 | E15: =IF(B15="","",IFERROR(INDEX(Client_List!$K:$K,MATCH(B15,Client_List!$B:$B,0)),"")) -> CANOLA OIL | F15: =IF(B15="","",IFERROR(INDEX(Client_List!$J:$J,MATCH(B15,Client_List!$B:$B,0)),"")) -> 700 | G15: 265 | H15: =IF(B15="","",IFERROR(A15-LOOKUP(2,1/($B$4:$B14=B15),$A$4:$A14),"")) | I15: =IF(B15="","",IFERROR(G15/H15,"")) | J15: 141011 | K15: =IF(B15="","",IFERROR(AVERAGEIFS($I$4:$I15,$B$4:$B15,B15,$I$4:$I15,">"&0),"")) | L15: =IF(B15="","",IF(ISNA(MATCH(B15,Client_List!$B:$B,0)),"⚠ NOT FOUND","✓")) -> ✓
A16: 46025 | B16: CHA - 3056 - CHARLEYS AT THE LAKE | C16: =IF(B16="","",IFERROR(INDEX(Client_List!$C:$C,MATCH(B16,Client_List!$B:$B,0)),"")) -> 2 | D16: =IF(B16="","",IFERROR(INDEX(Client_List!$D:$D,MATCH(B16,Client_List!$B:$B,0)),"")) -> 2C | E16: =IF(B16="","",IFERROR(INDEX(Client_List!$K:$K,MATCH(B16,Client_List!$B:$B,0)),"")) -> CANOLA OIL | F16: =IF(B16="","",IFERROR(INDEX(Client_List!$J:$J,MATCH(B16,Client_List!$B:$B,0)),"")) -> 350 | G16: 223 | H16: =IF(B16="","",IFERROR(A16-LOOKUP(2,1/($B$4:$B15=B16),$A$4:$A15),"")) | I16: =IF(B16="","",IFERROR(G16/H16,"")) | J16: 141010 | K16: =IF(B16="","",IFERROR(AVERAGEIFS($I$4:$I16,$B$4:$B16,B16,$I$4:$I16,">"&0),"")) | L16: =IF(B16="","",IF(ISNA(MATCH(B16,Client_List!$B:$B,0)),"⚠ NOT FOUND","✓")) -> ✓
... A57: 46029 | B57: BRU - 2073 - BRUNCH SNOB | C57: =IF(B57="","",IFERROR(INDEX(Client_List!$C:$C,MATCH(B57,Client_List!$B:$B,0)),"")) -> 4 | D57: =IF(B57="","",IFERROR(INDEX(Client_List!$D:$D,MATCH(B57,Client_List!$B:$B,0)),"")) -> 4D | E57: =IF(B57="","",IFERROR(INDEX(Client_List!$K:$K,MATCH(B57,Client_List!$B:$B,0)),"")) -> FRYERS CHOICE BLEND | F57: =IF(B57="","",IFERROR(INDEX(Client_List!$J:$J,MATCH(B57,Client_List!$B:$B,0)),"")) -> 350 | G57: 315 | H57: =IF(B57="","",IFERROR(A57-LOOKUP(2,1/($B$4:$B56=B57),$A$4:$A56),"")) | I57: =IF(B57="","",IFERROR(G57/H57,"")) | J57: 141134 | K57: =IF(B57="","",IFERROR(AVERAGEIFS($I$4:$I57,$B$4:$B57,B57,$I$4:$I57,">"&0),"")) | L57: =IF(B57="","",IF(ISNA(MATCH(B57,Client_List!$B:$B,0)),"⚠ NOT FOUND","✓")) -> ✓
A58: 46029 | B58: DUR - 4029 - DURVILL FOODS | C58: =IF(B58="","",IFERROR(INDEX(Client_List!$C:$C,MATCH(B58,Client_List!$B:$B,0)),"")) -> 4 | D58: =IF(B58="","",IFERROR(INDEX(Client_List!$D:$D,MATCH(B58,Client_List!$B:$B,0)),"")) -> 4E | E58: =IF(B58="","",IFERROR(INDEX(Client_List!$K:$K,MATCH(B58,Client_List!$B:$B,0)),"")) -> CANOLA OIL | F58: =IF(B58="","",IFERROR(INDEX(Client_List!$J:$J,MATCH(B58,Client_List!$B:$B,0)),"")) -> 2500 | G58: 1900 | H58: =IF(B58="","",IFERROR(A58-LOOKUP(2,1/($B$4:$B57=B58),$A$4:$A57),"")) | I58: =IF(B58="","",IFERROR(G58/H58,"")) | J58: 7570-1 | K58: =IF(B58="","",IFERROR(AVERAGEIFS($I$4:$I58,$B$4:$B58,B58,$I$4:$I58,">"&0),"")) | L58: =IF(B58="","",IF(ISNA(MATCH(B58,Client_List!$B:$B,0)),"⚠ NOT FOUND","✓")) -> ✓
A59: 46029 | B59: GIL - 7002 - GILBERT PIZZA | C59: =IF(B59="","",IFERROR(INDEX(Client_List!$C:$C,MATCH(B59,Client_List!$B:$B,0)),"")) -> 5 | D59: =IF(B59="","",IFERROR(INDEX(Client_List!$D:$D,MATCH(B59,Client_List!$B:$B,0)),"")) -> 5F | E59: =IF(B59="","",IFERROR(INDEX(Client_List!$K:$K,MATCH(B59,Client_List!$B:$B,0)),"")) -> FRYERS CHOICE BLEND | F59: =IF(B59="","",IFERROR(INDEX(Client_List!$J:$J,MATCH(B59,Client_List!$B:$B,0)),"")) -> 480 | G59: 318 | H59: =IF(B59="","",IFERROR(A59-LOOKUP(2,1/($B$4:$B58=B59),$A$4:$A58),"")) | I59: =IF(B59="","",IFERROR(G59/H59,"")) | J59: 141131 | K59: =IF(B59="","",IFERROR(AVERAGEIFS($I$4:$I59,$B$4:$B59,B59,$I$4:$I59,">"&0),"")) | L59: =IF(B59="","",IF(ISNA(MATCH(B59,Client_List!$B:$B,0)),"⚠ NOT FOUND","✓")) -> ✓
A60: 46029 | B60: HOR - 8034 - HORNY TOAD | C60: =IF(B60="","",IFERROR(INDEX(Client_List!$C:$C,MATCH(B60,Client_List!$B:$B,0)),"")) -> 4 | D60: =IF(B60="","",IFERROR(INDEX(Client_List!$D:$D,MATCH(B60,Client_List!$B:$B,0)),"")) -> 4A | E60: =IF(B60="","",IFERROR(INDEX(Client_List!$K:$K,MATCH(B60,Client_List!$B:$B,0)),"")) -> FRYERS CHOICE BLEND | F60: =IF(B60="","",IFERROR(INDEX(Client_List!$J:$J,MATCH(B60,Client_List!$B:$B,0)),"")) -> 900 | G60: 684 | H60: =IF(B60="","",IFERROR(A60-LOOKUP(2,1/($B$4:$B59=B60),$A$4:$A59),"")) | I60: =IF(B60="","",IFERROR(G60/H60,"")) | J60: 141142 | K60: =IF(B60="","",IFERROR(AVERAGEIFS($I$4:$I60,$B$4:$B60,B60,$I$4:$I60,">"&0),"")) | L60: =IF(B60="","",IF(ISNA(MATCH(B60,Client_List!$B:$B,0)),"⚠ NOT FOUND","✓")) -> ✓
A61: 46029 | B61: MAN3 - 13011 - MANUEL INDIAN SCHOOL | C61: =IF(B61="","",IFERROR(INDEX(Client_List!$C:$C,MATCH(B61,Client_List!$B:$B,0)),"")) -> 3 | D61: =IF(B61="","",IFERROR(INDEX(Client_List!$D:$D,MATCH(B61,Client_List!$B:$B,0)),"")) -> 3D | E61: =IF(B61="","",IFERROR(INDEX(Client_List!$K:$K,MATCH(B61,Client_List!$B:$B,0)),"")) -> CANOLA OIL | F61: =IF(B61="","",IFERROR(INDEX(Client_List!$J:$J,MATCH(B61,Client_List!$B:$B,0)),"")) -> 1000 | G61: 686 | H61: =IF(B61="","",IFERROR(A61-LOOKUP(2,1/($B$4:$B60=B61),$A$4:$A60),"")) | I61: =IF(B61="","",IFERROR(G61/H61,"")) | J61: 141135 | K61: =IF(B61="","",IFERROR(AVERAGEIFS($I$4:$I61,$B$4:$B61,B61,$I$4:$I61,">"&0),"")) | L61: =IF(B61="","",IF(ISNA(MATCH(B61,Client_List!$B:$B,0)),"⚠ NOT FOUND","✓")) -> ✓
A62: 46029 | B62: MVP - 2021 - MVP SPORTS BAR & GRILL | C62: =IF(B62="","",IFERROR(INDEX(Client_List!$C:$C,MATCH(B62,Client_List!$B:$B,0)),"")) -> 4 | D62: =IF(B62="","",IFERROR(INDEX(Client_List!$D:$D,MATCH(B62,Client_List!$B:$B,0)),"")) -> 4F | E62: =IF(B62="","",IFERROR(INDEX(Client_List!$K:$K,MATCH(B62,Client_List!$B:$B,0)),"")) -> FRYERS CHOICE BLEND | F62: =IF(B62="","",IFERROR(INDEX(Client_List!$J:$J,MATCH(B62,Client_List!$B:$B,0)),"")) -> 620 | G62: 511 | H62: =IF(B62="","",IFERROR(A62-LOOKUP(2,1/($B$4:$B61=B62),$A$4:$A61),"")) | I62: =IF(B62="","",IFERROR(G62/H62,"")) | J62: 141133 | K62: =IF(B62="","",IFERROR(AVERAGEIFS($I$4:$I62,$B$4:$B62,B62,$I$4:$I62,">"&0),"")) | L62: =IF(B62="","",IF(ISNA(MATCH(B62,Client_List!$B:$B,0)),"⚠ NOT FOUND","✓")) -> ✓
A63: 46029 | B63: OHS - 15000 - OHSO INDIAN SCHOOL | C63: =IF(B63="","",IFERROR(INDEX(Client_List!$C:$C,MATCH(B63,Client_List!$B:$B,0)),"")) -> 4 | D63: =IF(B63="","",IFERROR(INDEX(Client_List!$D:$D,MATCH(B63,Client_List!$B:$B,0)),"")) -> 4D | E63: =IF(B63="","",IFERROR(INDEX(Client_List!$K:$K,MATCH(B63,Client_List!$B:$B,0)),"")) -> CANOLA OIL | F63: =IF(B63="","",IFERROR(INDEX(Client_List!$J:$J,MATCH(B63,Client_List!$B:$B,0)),"")) -> 1050 | G63: 823 | H63: =IF(B63="","",IFERROR(A63-LOOKUP(2,1/($B$4:$B62=B63),$A$4:$A62),"")) | I63: =IF(B63="","",IFERROR(G63/H63,"")) | J63: 141129 | K63: =IF(B63="","",IFERROR(AVERAGEIFS($I$4:$I63,$B$4:$B63,B63,$I$4:$I63,">"&0),"")) | L63: =IF(B63="","",IF(ISNA(MATCH(B63,Client_List!$B:$B,0)),"⚠ NOT FOUND","✓")) -> ✓
A64: 46029 | B64: OREM - 15009 - OREGANO QUEEN CREEK | C64: =IF(B64="","",IFERROR(INDEX(Client_List!$C:$C,MATCH(B64,Client_List!$B:$B,0)),"")) -> 5 | D64: =IF(B64="","",IFERROR(INDEX(Client_List!$D:$D,MATCH(B64,Client_List!$B:$B,0)),"")) -> 5F | E64: =IF(B64="","",IFERROR(INDEX(Client_List!$K:$K,MATCH(B64,Client_List!$B:$B,0)),"")) -> CANOLA OIL | F64: =IF(B64="","",IFERROR(INDEX(Client_List!$J:$J,MATCH(B64,Client_List!$B:$B,0)),"")) -> 500 | G64: 434 | H64: =IF(B64="","",IFERROR(A64-LOOKUP(2,1/($B$4:$B63=B64),$A$4:$A63),"")) | I64: =IF(B64="","",IFERROR(G64/H64,"")) | J64: 141128 | K64: =IF(B64="","",IFERROR(AVERAGEIFS($I$4:$I64,$B$4:$B64,B64,$I$4:$I64,">"&0),"")) | L64: =IF(B64="","",IF(ISNA(MATCH(B64,Client_List!$B:$B,0)),"⚠ NOT FOUND","✓")) -> ✓
A65: 46029 | B65: ORES - 15015 - OREGANO SUPERSTITION | C65: =IF(B65="","",IFERROR(INDEX(Client_List!$C:$C,MATCH(B65,Client_List!$B:$B,0)),"")) -> 5 | D65: =IF(B65="","",IFERROR(INDEX(Client_List!$D:$D,MATCH(B65,Client_List!$B:$B,0)),"")) -> 5E | E65: =IF(B65="","",IFERROR(INDEX(Client_List!$K:$K,MATCH(B65,Client_List!$B:$B,0)),"")) -> CANOLA OIL | F65: =IF(B65="","",IFERROR(INDEX(Client_List!$J:$J,MATCH(B65,Client_List!$B:$B,0)),"")) -> 500 | G65: 441 | H65: =IF(B65="","",IFERROR(A65-LOOKUP(2,1/($B$4:$B64=B65),$A$4:$A64),"")) | I65: =IF(B65="","",IFERROR(G65/H65,"")) | J65: 141137 | K65: =IF(B65="","",IFERROR(AVERAGEIFS($I$4:$I65,$B$4:$B65,B65,$I$4:$I65,">"&0),"")) | L65: =IF(B65="","",IF(ISNA(MATCH(B65,Client_List!$B:$B,0)),"⚠ NOT FOUND","✓")) -> ✓
A66: 46029 | B66: PET44 - 16006 - PETES FISH 44TH ST | C66: =IF(B66="","",IFERROR(INDEX(Client_List!$C:$C,MATCH(B66,Client_List!$B:$B,0)),"")) -> 4 | D66: =IF(B66="","",IFERROR(INDEX(Client_List!$D:$D,MATCH(B66,Client_List!$B:$B,0)),"")) -> 4D | E66: =IF(B66="","",IFERROR(INDEX(Client_List!$K:$K,MATCH(B66,Client_List!$B:$B,0)),"")) -> FRYERS CHOICE BLEND | F66: =IF(B66="","",IFERROR(INDEX(Client_List!$J:$J,MATCH(B66,Client_List!$B:$B,0)),"")) -> 950 | G66: 872 | H66: =IF(B66="","",IFERROR(A66-LOOKUP(2,1/($B$4:$B65=B66),$A$4:$A65),"")) | I66: =IF(B66="","",IFERROR(G66/H66,"")) | J66: 141130 | K66: =IF(B66="","",IFERROR(AVERAGEIFS($I$4:$I66,$B$4:$B66,B66,$I$4:$I66,">"&0),"")) | L66: =IF(B66="","",IF(ISNA(MATCH(B66,Client_List!$B:$B,0)),"⚠ NOT FOUND","✓")) -> ✓
A67: 46029 | B67: PIRA - 16019 - PIRATES ARIZONA AVE | C67: =IF(B67="","",IFERROR(INDEX(Client_List!$C:$C,MATCH(B67,Client_List!$B:$B,0)),"")) -> 4 | D67: =IF(B67="","",IFERROR(INDEX(Client_List!$D:$D,MATCH(B67,Client_List!$B:$B,0)),"")) -> 4F | E67: =IF(B67="","",IFERROR(INDEX(Client_List!$K:$K,MATCH(B67,Client_List!$B:$B,0)),"")) -> FRYERS CHOICE BLEND | F67: =IF(B67="","",IFERROR(INDEX(Client_List!$J:$J,MATCH(B67,Client_List!$B:$B,0)),"")) -> 950 | G67: 661 | H67: =IF(B67="","",IFERROR(A67-LOOKUP(2,1/($B$4:$B66=B67),$A$4:$A66),"")) | I67: =IF(B67="","",IFERROR(G67/H67,"")) | J67: 141132 | K67: =IF(B67="","",IFERROR(AVERAGEIFS($I$4:$I67,$B$4:$B67,B67,$I$4:$I67,">"&0),"")) | L67: =IF(B67="","",IF(ISNA(MATCH(B67,Client_List!$B:$B,0)),"⚠ NOT FOUND","✓")) -> ✓
A68: 46029 | B68: PIRL - 16018 - PIRATES MESA | C68: =IF(B68="","",IFERROR(INDEX(Client_List!$C:$C,MATCH(B68,Client_List!$B:$B,0)),"")) -> 5 | D68: =IF(B68="","",IFERROR(INDEX(Client_List!$D:$D,MATCH(B68,Client_List!$B:$B,0)),"")) -> 5E | E68: =IF(B68="","",IFERROR(INDEX(Client_List!$K:$K,MATCH(B68,Client_List!$B:$B,0)),"")) -> FRYERS CHOICE BLEND | F68: =IF(B68="","",IFERROR(INDEX(Client_List!$J:$J,MATCH(B68,Client_List!$B:$B,0)),"")) -> 950 | G68: 668 | H68: =IF(B68="","",IFERROR(A68-LOOKUP(2,1/($B$4:$B67=B68),$A$4:$A67),"")) | I68: =IF(B68="","",IFERROR(G68/H68,"")) | J68: 141139 | K68: =IF(B68="","",IFERROR(AVERAGEIFS($I$4:$I68,$B$4:$B68,B68,$I$4:$I68,">"&0),"")) | L68: =IF(B68="","",IF(ISNA(MATCH(B68,Client_List!$B:$B,0)),"⚠ NOT FOUND","✓")) -> ✓
A69: 46029 | B69: THE - 20088 - THE VIG BELL | C69: =IF(B69="","",IFERROR(INDEX(Client_List!$C:$C,MATCH(B69,Client_List!$B:$B,0)),"")) -> 4 | D69: =IF(B69="","",IFERROR(INDEX(Client_List!$D:$D,MATCH(B69,Client_List!$B:$B,0)),"")) -> 4D | E69: =IF(B69="","",IFERROR(INDEX(Client_List!$K:$K,MATCH(B69,Client_List!$B:$B,0)),"")) -> CANOLA OIL | F69: =IF(B69="","",IFERROR(INDEX(Client_List!$J:$J,MATCH(B69,Client_List!$B:$B,0)),"")) -> 1050 | G69: 979 | H69: =IF(B69="","",IFERROR(A69-LOOKUP(2,1/($B$4:$B68=B69),$A$4:$A68),"")) | I69: =IF(B69="","",IFERROR(G69/H69,"")) | J69: 141140 | K69: =IF(B69="","",IFERROR(AVERAGEIFS($I$4:$I69,$B$4:$B69,B69,$I$4:$I69,">"&0),"")) | L69: =IF(B69="","",IF(ISNA(MATCH(B69,Client_List!$B:$B,0)),"⚠ NOT FOUND","✓")) -> ✓
A70: 46030 | B70: AJO ALS 1018 | C70: =IF(B70="","",IFERROR(INDEX(Client_List!$C:$C,MATCH(B70,Client_List!$B:$B,0)),"")) -> 2 | D70: =IF(B70="","",IFERROR(INDEX(Client_List!$D:$D,MATCH(B70,Client_List!$B:$B,0)),"")) -> 2C | E70: =IF(B70="","",IFERROR(INDEX(Client_List!$K:$K,MATCH(B70,Client_List!$B:$B,0)),"")) -> CANOLA OIL | F70: =IF(B70="","",IFERROR(INDEX(Client_List!$J:$J,MATCH(B70,Client_List!$B:$B,0)),"")) -> 950 | G70: 631 | H70: =IF(B70="","",IFERROR(A70-LOOKUP(2,1/($B$4:$B69=B70),$A$4:$A69),"")) | I70: =IF(B70="","",IFERROR(G70/H70,"")) | J70: 141184 | K70: =IF(B70="","",IFERROR(AVERAGEIFS($I$4:$I70,$B$4:$B70,B70,$I$4:$I70,">"&0),"")) | L70: =IF(B70="","",IF(ISNA(MATCH(B70,Client_List!$B:$B,0)),"⚠ NOT FOUND","✓")) -> ✓
... A91: 46032 | B91: ORER - 15004 - OREGANO FLAGSTAFF | C91: =IF(B91="","",IFERROR(INDEX(Client_List!$C:$C,MATCH(B91,Client_List!$B:$B,0)),"")) -> 0 | D91: =IF(B91="","",IFERROR(INDEX(Client_List!$D:$D,MATCH(B91,Client_List!$B:$B,0)),"")) -> F | E91: =IF(B91="","",IFERROR(INDEX(Client_List!$K:$K,MATCH(B91,Client_List!$B:$B,0)),"")) -> CANOLA OIL | F91: =IF(B91="","",IFERROR(INDEX(Client_List!$J:$J,MATCH(B91,Client_List!$B:$B,0)),"")) -> 700 | G91: 386 | H91: =IF(B91="","",IFERROR(A91-LOOKUP(2,1/($B$4:$B90=B91),$A$4:$A90),"")) | I91: =IF(B91="","",IFERROR(G91/H91,"")) | J91: 141246 | K91: =IF(B91="","",IFERROR(AVERAGEIFS($I$4:$I91,$B$4:$B91,B91,$I$4:$I91,">"&0),"")) | L91: =IF(B91="","",IF(ISNA(MATCH(B91,Client_List!$B:$B,0)),"⚠ NOT FOUND","✓")) -> ✓
A92: 46033 | B92: ARR79 - 1000 - ARRIBAS 79TH AVE. | C92: =IF(B92="","",IFERROR(INDEX(Client_List!$C:$C,MATCH(B92,Client_List!$B:$B,0)),"")) -> 2 | D92: =IF(B92="","",IFERROR(INDEX(Client_List!$D:$D,MATCH(B92,Client_List!$B:$B,0)),"")) -> 2C | E92: =IF(B92="","",IFERROR(INDEX(Client_List!$K:$K,MATCH(B92,Client_List!$B:$B,0)),"")) -> CANOLA OIL | F92: =IF(B92="","",IFERROR(INDEX(Client_List!$J:$J,MATCH(B92,Client_List!$B:$B,0)),"")) -> 950 | G92: 938 | H92: =IF(B92="","",IFERROR(A92-LOOKUP(2,1/($B$4:$B91=B92),$A$4:$A91),"")) | I92: =IF(B92="","",IFERROR(G92/H92,"")) | K92: =IF(B92="","",IFERROR(AVERAGEIFS($I$4:$I92,$B$4:$B92,B92,$I$4:$I92,">"&0),"")) | L92: =IF(B92="","",IF(ISNA(MATCH(B92,Client_List!$B:$B,0)),"⚠ NOT FOUND","✓")) -> ✓
A93: 46033 | B93: DAR - 4026 - DARUMA BY RIE | C93: =IF(B93="","",IFERROR(INDEX(Client_List!$C:$C,MATCH(B93,Client_List!$B:$B,0)),"")) -> 4 | D93: =IF(B93="","",IFERROR(INDEX(Client_List!$D:$D,MATCH(B93,Client_List!$B:$B,0)),"")) -> 4E | E93: =IF(B93="","",IFERROR(INDEX(Client_List!$K:$K,MATCH(B93,Client_List!$B:$B,0)),"")) -> CANOLA OIL | F93: =IF(B93="","",IFERROR(INDEX(Client_List!$J:$J,MATCH(B93,Client_List!$B:$B,0)),"")) -> 350 | G93: 336 | H93: =IF(B93="","",IFERROR(A93-LOOKUP(2,1/($B$4:$B92=B93),$A$4:$A92),"")) | I93: =IF(B93="","",IFERROR(G93/H93,"")) | J93: 141276 | K93: =IF(B93="","",IFERROR(AVERAGEIFS($I$4:$I93,$B$4:$B93,B93,$I$4:$I93,">"&0),"")) | L93: =IF(B93="","",IF(ISNA(MATCH(B93,Client_List!$B:$B,0)),"⚠ NOT FOUND","✓")) -> ✓
A94: 46033 | B94: FAT - 6101 - FATE BREWERY | C94: =IF(B94="","",IFERROR(INDEX(Client_List!$C:$C,MATCH(B94,Client_List!$B:$B,0)),"")) -> 4 | D94: =IF(B94="","",IFERROR(INDEX(Client_List!$D:$D,MATCH(B94,Client_List!$B:$B,0)),"")) -> 4D | E94: =IF(B94="","",IFERROR(INDEX(Client_List!$K:$K,MATCH(B94,Client_List!$B:$B,0)),"")) -> CANOLA OIL | F94: =IF(B94="","",IFERROR(INDEX(Client_List!$J:$J,MATCH(B94,Client_List!$B:$B,0)),"")) -> 700 | G94: 611 | H94: =IF(B94="","",IFERROR(A94-LOOKUP(2,1/($B$4:$B93=B94),$A$4:$A93),"")) -> 8 | I94: =IF(B94="","",IFERROR(G94/H94,"")) -> 76.375 | J94: 141211 | K94: =IF(B94="","",IFERROR(AVERAGEIFS($I$4:$I94,$B$4:$B94,B94,$I$4:$I94,">"&0),"")) -> 76.375 | L94: =IF(B94="","",IF(ISNA(MATCH(B94,Client_List!$B:$B,0)),"⚠ NOT FOUND","✓")) -> ✓
A95: 46033 | B95: HUN - 8005 - HUNGRY MONK | C95: =IF(B95="","",IFERROR(INDEX(Client_List!$C:$C,MATCH(B95,Client_List!$B:$B,0)),"")) -> 4 | D95: =IF(B95="","",IFERROR(INDEX(Client_List!$D:$D,MATCH(B95,Client_List!$B:$B,0)),"")) -> 4F | E95: =IF(B95="","",IFERROR(INDEX(Client_List!$K:$K,MATCH(B95,Client_List!$B:$B,0)),"")) -> CANOLA OIL | F95: =IF(B95="","",IFERROR(INDEX(Client_List!$J:$J,MATCH(B95,Client_List!$B:$B,0)),"")) -> 950 | G95: 915 | H95: =IF(B95="","",IFERROR(A95-LOOKUP(2,1/($B$4:$B94=B95),$A$4:$A94),"")) | I95: =IF(B95="","",IFERROR(G95/H95,"")) | J95: 141270 | K95: =IF(B95="","",IFERROR(AVERAGEIFS($I$4:$I95,$B$4:$B95,B95,$I$4:$I95,">"&0),"")) | L95: =IF(B95="","",IF(ISNA(MATCH(B95,Client_List!$B:$B,0)),"⚠ NOT FOUND","✓")) -> ✓
A96: 46033 | B96: MAN7 - 13015 - MANUEL SOUTHERN | C96: =IF(B96="","",IFERROR(INDEX(Client_List!$C:$C,MATCH(B96,Client_List!$B:$B,0)),"")) -> 4 | D96: =IF(B96="","",IFERROR(INDEX(Client_List!$D:$D,MATCH(B96,Client_List!$B:$B,0)),"")) -> 4E | E96: =IF(B96="","",IFERROR(INDEX(Client_List!$K:$K,MATCH(B96,Client_List!$B:$B,0)),"")) -> CANOLA OIL | F96: =IF(B96="","",IFERROR(INDEX(Client_List!$J:$J,MATCH(B96,Client_List!$B:$B,0)),"")) -> 950 | G96: 911 | H96: =IF(B96="","",IFERROR(A96-LOOKUP(2,1/($B$4:$B95=B96),$A$4:$A95),"")) | I96: =IF(B96="","",IFERROR(G96/H96,"")) | J96: 141275 | K96: =IF(B96="","",IFERROR(AVERAGEIFS($I$4:$I96,$B$4:$B96,B96,$I$4:$I96,">"&0),"")) | L96: =IF(B96="","",IF(ISNA(MATCH(B96,Client_List!$B:$B,0)),"⚠ NOT FOUND","✓")) -> ✓
A97: 46033 | B97: TAI - 20098 - IL PRIMO BELL CAVE CREEK | C97: =IF(B97="","",IFERROR(INDEX(Client_List!$C:$C,MATCH(B97,Client_List!$B:$B,0)),"")) -> 4 | D97: =IF(B97="","",IFERROR(INDEX(Client_List!$D:$D,MATCH(B97,Client_List!$B:$B,0)),"")) -> 4B | E97: =IF(B97="","",IFERROR(INDEX(Client_List!$K:$K,MATCH(B97,Client_List!$B:$B,0)),"")) -> CANOLA OIL | F97: =IF(B97="","",IFERROR(INDEX(Client_List!$J:$J,MATCH(B97,Client_List!$B:$B,0)),"")) -> 1050 | G97: 150 | H97: =IF(B97="","",IFERROR(A97-LOOKUP(2,1/($B$4:$B96=B97),$A$4:$A96),"")) | I97: =IF(B97="","",IFERROR(G97/H97,"")) | J97: 141274 | K97: =IF(B97="","",IFERROR(AVERAGEIFS($I$4:$I97,$B$4:$B97,B97,$I$4:$I97,">"&0),"")) | L97: =IF(B97="","",IF(ISNA(MATCH(B97,Client_List!$B:$B,0)),"⚠ NOT FOUND","✓")) -> ✓
A98: 46033 | B98: THE - 20021 - THE VIG VAL VISTA | C98: =IF(B98="","",IFERROR(INDEX(Client_List!$C:$C,MATCH(B98,Client_List!$B:$B,0)),"")) -> 5 | D98: =IF(B98="","",IFERROR(INDEX(Client_List!$D:$D,MATCH(B98,Client_List!$B:$B,0)),"")) -> 5E | E98: =IF(B98="","",IFERROR(INDEX(Client_List!$K:$K,MATCH(B98,Client_List!$B:$B,0)),"")) -> CANOLA OIL | F98: =IF(B98="","",IFERROR(INDEX(Client_List!$J:$J,MATCH(B98,Client_List!$B:$B,0)),"")) -> 1050 | G98: 1005 | H98: =IF(B98="","",IFERROR(A98-LOOKUP(2,1/($B$4:$B97=B98),$A$4:$A97),"")) | I98: =IF(B98="","",IFERROR(G98/H98,"")) | J98: 141271 | K98: =IF(B98="","",IFERROR(AVERAGEIFS($I$4:$I98,$B$4:$B98,B98,$I$4:$I98,">"&0),"")) | L98: =IF(B98="","",IF(ISNA(MATCH(B98,Client_List!$B:$B,0)),"⚠ NOT FOUND","✓")) -> ✓
A99: 46035 | B99: BOO - 2023 - BOOTY GOODYEAR | C99: =IF(B99="","",IFERROR(INDEX(Client_List!$C:$C,MATCH(B99,Client_List!$B:$B,0)),"")) -> 1 | D99: =IF(B99="","",IFERROR(INDEX(Client_List!$D:$D,MATCH(B99,Client_List!$B:$B,0)),"")) -> 1D | E99: =IF(B99="","",IFERROR(INDEX(Client_List!$K:$K,MATCH(B99,Client_List!$B:$B,0)),"")) -> CANOLA OIL | F99: =IF(B99="","",IFERROR(INDEX(Client_List!$J:$J,MATCH(B99,Client_List!$B:$B,0)),"")) -> 620 | G99: 690 | H99: =IF(B99="","",IFERROR(A99-LOOKUP(2,1/($B$4:$B98=B99),$A$4:$A98),"")) -> 7 | I99: =IF(B99="","",IFERROR(G99/H99,"")) -> 98.571429 | J99: 141328 | K99: =IF(B99="","",IFERROR(AVERAGEIFS($I$4:$I99,$B$4:$B99,B99,$I$4:$I99,">"&0),"")) -> 98.571429 | L99: =IF(B99="","",IF(ISNA(MATCH(B99,Client_List!$B:$B,0)),"⚠ NOT FOUND","✓")) -> ✓
A100: 46035 | B100: CAS - 3069 - CASA DE FALAFEL | C100: =IF(B100="","",IFERROR(INDEX(Client_List!$C:$C,MATCH(B100,Client_List!$B:$B,0)),"")) -> 2 | D100: =IF(B100="","",IFERROR(INDEX(Client_List!$D:$D,MATCH(B100,Client_List!$B:$B,0)),"")) -> 2C | E100: =IF(B100="","",IFERROR(INDEX(Client_List!$K:$K,MATCH(B100,Client_List!$B:$B,0)),"")) -> CANOLA OIL | F100: =IF(B100="","",IFERROR(INDEX(Client_List!$J:$J,MATCH(B100,Client_List!$B:$B,0)),"")) -> 1000 | G100: 1079 | H100: =IF(B100="","",IFERROR(A100-LOOKUP(2,1/($B$4:$B99=B100),$A$4:$A99),"")) | I100: =IF(B100="","",IFERROR(G100/H100,"")) | J100: 141329 | K100: =IF(B100="","",IFERROR(AVERAGEIFS($I$4:$I100,$B$4:$B100,B100,$I$4:$I100,">"&0),"")) | L100: =IF(B100="","",IF(ISNA(MATCH(B100,Client_List!$B:$B,0)),"⚠ NOT FOUND","✓")) -> ✓
A101: 46035 | B101: HAR - 8031 - HAROLDS | C101: =IF(B101="","",IFERROR(INDEX(Client_List!$C:$C,MATCH(B101,Client_List!$B:$B,0)),"")) -> 4 | D101: =IF(B101="","",IFERROR(INDEX(Client_List!$D:$D,MATCH(B101,Client_List!$B:$B,0)),"")) -> 4A | E101: =IF(B101="","",IFERROR(INDEX(Client_List!$K:$K,MATCH(B101,Client_List!$B:$B,0)),"")) -> FRYERS CHOICE BLEND | F101: =IF(B101="","",IFERROR(INDEX(Client_List!$J:$J,MATCH(B101,Client_List!$B:$B,0)),"")) -> 1050 | G101: 1167 | H101: =IF(B101="","",IFERROR(A101-LOOKUP(2,1/($B$4:$B100=B101),$A$4:$A100),"")) -> 8 | I101: =IF(B101="","",IFERROR(G101/H101,"")) -> 145.875 | J101: 141334 | K101: =IF(B101="","",IFERROR(AVERAGEIFS($I$4:$I101,$B$4:$B101,B101,$I$4:$I101,">"&0),"")) -> 199.9375 | L101: =IF(B101="","",IF(ISNA(MATCH(B101,Client_List!$B:$B,0)),"⚠ NOT FOUND","✓")) -> ✓
A102: 46035 | B102: HOR - 8034 - HORNY TOAD | C102: =IF(B102="","",IFERROR(INDEX(Client_List!$C:$C,MATCH(B102,Client_List!$B:$B,0)),"")) -> 4 | D102: =IF(B102="","",IFERROR(INDEX(Client_List!$D:$D,MATCH(B102,Client_List!$B:$B,0)),"")) -> 4A | E102: =IF(B102="","",IFERROR(INDEX(Client_List!$K:$K,MATCH(B102,Client_List!$B:$B,0)),"")) -> FRYERS CHOICE BLEND | F102: =IF(B102="","",IFERROR(INDEX(Client_List!$J:$J,MATCH(B102,Client_List!$B:$B,0)),"")) -> 900 | G102: 373 | H102: =IF(B102="","",IFERROR(A102-LOOKUP(2,1/($B$4:$B101=B102),$A$4:$A101),"")) -> 6 | I102: =IF(B102="","",IFERROR(G102/H102,"")) -> 62.166667 | J102: 141335 | K102: =IF(B102="","",IFERROR(AVERAGEIFS($I$4:$I102,$B$4:$B102,B102,$I$4:$I102,">"&0),"")) -> 62.166667 | L102: =IF(B102="","",IF(ISNA(MATCH(B102,Client_List!$B:$B,0)),"⚠ NOT FOUND","✓")) -> ✓
A103: 46035 | B103: JALS - 10001 - JALAPENOS INFERNO SCOTTS | C103: =IF(B103="","",IFERROR(INDEX(Client_List!$C:$C,MATCH(B103,Client_List!$B:$B,0)),"")) -> 4 | D103: =IF(B103="","",IFERROR(INDEX(Client_List!$D:$D,MATCH(B103,Client_List!$B:$B,0)),"")) -> 4B | E103: =IF(B103="","",IFERROR(INDEX(Client_List!$K:$K,MATCH(B103,Client_List!$B:$B,0)),"")) -> FRYERS CHOICE BLEND | F103: =IF(B103="","",IFERROR(INDEX(Client_List!$J:$J,MATCH(B103,Client_List!$B:$B,0)),"")) -> 950 | G103: 911 | H103: =IF(B103="","",IFERROR(A103-LOOKUP(2,1/($B$4:$B102=B103),$A$4:$A102),"")) -> 11 | I103: =IF(B103="","",IFERROR(G103/H103,"")) -> 82.818182 | J103: 141333 | K103: =IF(B103="","",IFERROR(AVERAGEIFS($I$4:$I103,$B$4:$B103,B103,$I$4:$I103,">"&0),"")) -> 82.818182 | L103: =IF(B103="","",IF(ISNA(MATCH(B103,Client_List!$B:$B,0)),"⚠ NOT FOUND","✓")) -> ✓
A104: 46035 | B104: KOD - 11013 - K O'DONNELS SPORTS BAR & GRILL | C104: =IF(B104="","",IFERROR(INDEX(Client_List!$C:$C,MATCH(B104,Client_List!$B:$B,0)),"")) -> 4 | D104: =IF(B104="","",IFERROR(INDEX(Client_List!$D:$D,MATCH(B104,Client_List!$B:$B,0)),"")) -> 4B | E104: =IF(B104="","",IFERROR(INDEX(Client_List!$K:$K,MATCH(B104,Client_List!$B:$B,0)),"")) -> CANOLA OIL | F104: =IF(B104="","",IFERROR(INDEX(Client_List!$J:$J,MATCH(B104,Client_List!$B:$B,0)),"")) -> 1050 | G104: 1037 | H104: =IF(B104="","",IFERROR(A104-LOOKUP(2,1/($B$4:$B103=B104),$A$4:$A103),"")) | I104: =IF(B104="","",IFERROR(G104/H104,"")) | J104: 141319 | K104: =IF(B104="","",IFERROR(AVERAGEIFS($I$4:$I104,$B$4:$B104,B104,$I$4:$I104,">"&0),"")) | L104: =IF(B104="","",IF(ISNA(MATCH(B104,Client_List!$B:$B,0)),"⚠ NOT FOUND","✓")) -> ✓
... A284: 46048 | B284: SAR - 19082 - SARDELLA'S CACTUS | C284: =IF(B284="","",IFERROR(INDEX(Client_List!$C:$C,MATCH(B284,Client_List!$B:$B,0)),"")) -> 3 | D284: =IF(B284="","",IFERROR(INDEX(Client_List!$D:$D,MATCH(B284,Client_List!$B:$B,0)),"")) -> 3C | E284: =IF(B284="","",IFERROR(INDEX(Client_List!$K:$K,MATCH(B284,Client_List!$B:$B,0)),"")) -> CANOLA OIL | F284: =IF(B284="","",IFERROR(INDEX(Client_List!$J:$J,MATCH(B284,Client_List!$B:$B,0)),"")) -> 620 | G284: 429 | H284: =IF(B284="","",IFERROR(A284-LOOKUP(2,1/($B$4:$B283=B284),$A$4:$A283),"")) -> 12 | I284: =IF(B284="","",IFERROR(G284/H284,"")) -> 35.75 | J284: 141812 | K284: =IF(B284="","",IFERROR(AVERAGEIFS($I$4:$I284,$B$4:$B284,B284,$I$4:$I284,">"&0),"")) -> 35.75 | L284: =IF(B284="","",IF(ISNA(MATCH(B284,Client_List!$B:$B,0)),"⚠ NOT FOUND","✓")) -> ✓
A285: 46048 | B285: SHA - 19107 - SHARKO'S CATERING | C285: =IF(B285="","",IFERROR(INDEX(Client_List!$C:$C,MATCH(B285,Client_List!$B:$B,0)),"")) -> 3 | D285: =IF(B285="","",IFERROR(INDEX(Client_List!$D:$D,MATCH(B285,Client_List!$B:$B,0)),"")) -> 3D | E285: =IF(B285="","",IFERROR(INDEX(Client_List!$K:$K,MATCH(B285,Client_List!$B:$B,0)),"")) -> CANOLA OIL | F285: =IF(B285="","",IFERROR(INDEX(Client_List!$J:$J,MATCH(B285,Client_List!$B:$B,0)),"")) -> 450 | G285: 365 | H285: =IF(B285="","",IFERROR(A285-LOOKUP(2,1/($B$4:$B284=B285),$A$4:$A284),"")) -> 83 | I285: =IF(B285="","",IFERROR(G285/H285,"")) -> 4.3975904 | K285: =IF(B285="","",IFERROR(AVERAGEIFS($I$4:$I285,$B$4:$B285,B285,$I$4:$I285,">"&0),"")) -> 4.3975904 | L285: =IF(B285="","",IF(ISNA(MATCH(B285,Client_List!$B:$B,0)),"⚠ NOT FOUND","✓")) -> ✓
A286: 46048 | B286: STA - 19033 - STATE 48 SCOTTSDALE | C286: =IF(B286="","",IFERROR(INDEX(Client_List!$C:$C,MATCH(B286,Client_List!$B:$B,0)),"")) -> 4 | D286: =IF(B286="","",IFERROR(INDEX(Client_List!$D:$D,MATCH(B286,Client_List!$B:$B,0)),"")) -> 4C | E286: =IF(B286="","",IFERROR(INDEX(Client_List!$K:$K,MATCH(B286,Client_List!$B:$B,0)),"")) -> FRYERS CHOICE BLEND | F286: =IF(B286="","",IFERROR(INDEX(Client_List!$J:$J,MATCH(B286,Client_List!$B:$B,0)),"")) -> 350 | G286: 287 | H286: =IF(B286="","",IFERROR(A286-LOOKUP(2,1/($B$4:$B285=B286),$A$4:$A285),"")) -> 7 | I286: =IF(B286="","",IFERROR(G286/H286,"")) -> 41 | J286: 141815 | K286: =IF(B286="","",IFERROR(AVERAGEIFS($I$4:$I286,$B$4:$B286,B286,$I$4:$I286,">"&0),"")) -> 41 | L286: =IF(B286="","",IF(ISNA(MATCH(B286,Client_List!$B:$B,0)),"⚠ NOT FOUND","✓")) -> ✓
A287: 46048 | B287: TIM - 20051 - TIM FINNEGANS | C287: =IF(B287="","",IFERROR(INDEX(Client_List!$C:$C,MATCH(B287,Client_List!$B:$B,0)),"")) -> 2 | D287: =IF(B287="","",IFERROR(INDEX(Client_List!$D:$D,MATCH(B287,Client_List!$B:$B,0)),"")) -> 2C | E287: =IF(B287="","",IFERROR(INDEX(Client_List!$K:$K,MATCH(B287,Client_List!$B:$B,0)),"")) -> FRYERS CHOICE BLEND | F287: =IF(B287="","",IFERROR(INDEX(Client_List!$J:$J,MATCH(B287,Client_List!$B:$B,0)),"")) -> 300 | G287: 278 | H287: =IF(B287="","",IFERROR(A287-LOOKUP(2,1/($B$4:$B286=B287),$A$4:$A286),"")) -> 7 | I287: =IF(B287="","",IFERROR(G287/H287,"")) -> 39.714286 | J287: 141814 | K287: =IF(B287="","",IFERROR(AVERAGEIFS($I$4:$I287,$B$4:$B287,B287,$I$4:$I287,">"&0),"")) -> 33.084416 | L287: =IF(B287="","",IF(ISNA(MATCH(B287,Client_List!$B:$B,0)),"⚠ NOT FOUND","✓")) -> ✓
A288: 46049 | B288: ARRC - 1001 - ARRIBAS CAMELBACK | C288: =IF(B288="","",IFERROR(INDEX(Client_List!$C:$C,MATCH(B288,Client_List!$B:$B,0)),"")) -> 3 | D288: =IF(B288="","",IFERROR(INDEX(Client_List!$D:$D,MATCH(B288,Client_List!$B:$B,0)),"")) -> 3D | E288: =IF(B288="","",IFERROR(INDEX(Client_List!$K:$K,MATCH(B288,Client_List!$B:$B,0)),"")) -> CANOLA OIL | F288: =IF(B288="","",IFERROR(INDEX(Client_List!$J:$J,MATCH(B288,Client_List!$B:$B,0)),"")) -> 700 | G288: 510 | H288: =IF(B288="","",IFERROR(A288-LOOKUP(2,1/($B$4:$B287=B288),$A$4:$A287),"")) -> 8 | I288: =IF(B288="","",IFERROR(G288/H288,"")) -> 63.75 | J288: 141841 | K288: =IF(B288="","",IFERROR(AVERAGEIFS($I$4:$I288,$B$4:$B288,B288,$I$4:$I288,">"&0),"")) -> 59.182692 | L288: =IF(B288="","",IF(ISNA(MATCH(B288,Client_List!$B:$B,0)),"⚠ NOT FOUND","✓")) -> ✓
A289: 46049 | B289: BUR - 4038 - BURGERS & BREWS GLENDALE | C289: =IF(B289="","",IFERROR(INDEX(Client_List!$C:$C,MATCH(B289,Client_List!$B:$B,0)),"")) -> 2 | D289: =IF(B289="","",IFERROR(INDEX(Client_List!$D:$D,MATCH(B289,Client_List!$B:$B,0)),"")) -> 2C | E289: =IF(B289="","",IFERROR(INDEX(Client_List!$K:$K,MATCH(B289,Client_List!$B:$B,0)),"")) -> CANOLA OIL | F289: =IF(B289="","",IFERROR(INDEX(Client_List!$J:$J,MATCH(B289,Client_List!$B:$B,0)),"")) -> 1050 | G289: 860 | H289: =IF(B289="","",IFERROR(A289-LOOKUP(2,1/($B$4:$B288=B289),$A$4:$A288),"")) | I289: =IF(B289="","",IFERROR(G289/H289,"")) | J289: 141845 | K289: =IF(B289="","",IFERROR(AVERAGEIFS($I$4:$I289,$B$4:$B289,B289,$I$4:$I289,">"&0),"")) | L289: =IF(B289="","",IF(ISNA(MATCH(B289,Client_List!$B:$B,0)),"⚠ NOT FOUND","✓")) -> ✓
A290: 46049 | B290: FAT - 6109 - FATE BREWING TEMPE | C290: =IF(B290="","",IFERROR(INDEX(Client_List!$C:$C,MATCH(B290,Client_List!$B:$B,0)),"")) -> 4 | D290: =IF(B290="","",IFERROR(INDEX(Client_List!$D:$D,MATCH(B290,Client_List!$B:$B,0)),"")) -> 4E | E290: =IF(B290="","",IFERROR(INDEX(Client_List!$K:$K,MATCH(B290,Client_List!$B:$B,0)),"")) -> CANOLA OIL | F290: =IF(B290="","",IFERROR(INDEX(Client_List!$J:$J,MATCH(B290,Client_List!$B:$B,0)),"")) -> 700 | G290: 510 | H290: =IF(B290="","",IFERROR(A290-LOOKUP(2,1/($B$4:$B289=B290),$A$4:$A289),"")) -> 7 | I290: =IF(B290="","",IFERROR(G290/H290,"")) -> 72.857143 | J290: 141838 | K290: =IF(B290="","",IFERROR(AVERAGEIFS($I$4:$I290,$B$4:$B290,B290,$I$4:$I290,">"&0),"")) -> 70.049603 | L290: =IF(B290="","",IF(ISNA(MATCH(B290,Client_List!$B:$B,0)),"⚠ NOT FOUND","✓")) -> ✓
A291: 46049 | B291: KOD - 11013 - K O'DONNELS SPORTS BAR & GRILL | C291: =IF(B291="","",IFERROR(INDEX(Client_List!$C:$C,MATCH(B291,Client_List!$B:$B,0)),"")) -> 4 | D291: =IF(B291="","",IFERROR(INDEX(Client_List!$D:$D,MATCH(B291,Client_List!$B:$B,0)),"")) -> 4B | E291: =IF(B291="","",IFERROR(INDEX(Client_List!$K:$K,MATCH(B291,Client_List!$B:$B,0)),"")) -> CANOLA OIL | F291: =IF(B291="","",IFERROR(INDEX(Client_List!$J:$J,MATCH(B291,Client_List!$B:$B,0)),"")) -> 1050 | G291: 1017 | H291: =IF(B291="","",IFERROR(A291-LOOKUP(2,1/($B$4:$B290=B291),$A$4:$A290),"")) -> 14 | I291: =IF(B291="","",IFERROR(G291/H291,"")) -> 72.642857 | J291: 141843 | K291: =IF(B291="","",IFERROR(AVERAGEIFS($I$4:$I291,$B$4:$B291,B291,$I$4:$I291,">"&0),"")) -> 72.642857 | L291: =IF(B291="","",IF(ISNA(MATCH(B291,Client_List!$B:$B,0)),"⚠ NOT FOUND","✓")) -> ✓
A292: 46049 | B292: LON - 12051 - LONG WONG LOWER BUCKEYE | C292: =IF(B292="","",IFERROR(INDEX(Client_List!$C:$C,MATCH(B292,Client_List!$B:$B,0)),"")) -> 2 | D292: =IF(B292="","",IFERROR(INDEX(Client_List!$D:$D,MATCH(B292,Client_List!$B:$B,0)),"")) -> 2E | E292: =IF(B292="","",IFERROR(INDEX(Client_List!$K:$K,MATCH(B292,Client_List!$B:$B,0)),"")) -> CANOLA OIL | F292: =IF(B292="","",IFERROR(INDEX(Client_List!$J:$J,MATCH(B292,Client_List!$B:$B,0)),"")) -> 1050 | G292: 952 | H292: =IF(B292="","",IFERROR(A292-LOOKUP(2,1/($B$4:$B291=B292),$A$4:$A291),"")) -> 14 | I292: =IF(B292="","",IFERROR(G292/H292,"")) -> 68 | J292: 141836 | K292: =IF(B292="","",IFERROR(AVERAGEIFS($I$4:$I292,$B$4:$B292,B292,$I$4:$I292,">"&0),"")) -> 68 | L292: =IF(B292="","",IF(ISNA(MATCH(B292,Client_List!$B:$B,0)),"⚠ NOT FOUND","✓")) -> ✓
A293: 46049 | B293: MAN6 - 13009 - MANUEL BELL | C293: =IF(B293="","",IFERROR(INDEX(Client_List!$C:$C,MATCH(B293,Client_List!$B:$B,0)),"")) -> 3 | D293: =IF(B293="","",IFERROR(INDEX(Client_List!$D:$D,MATCH(B293,Client_List!$B:$B,0)),"")) -> 3C | E293: =IF(B293="","",IFERROR(INDEX(Client_List!$K:$K,MATCH(B293,Client_List!$B:$B,0)),"")) -> CANOLA OIL | F293: =IF(B293="","",IFERROR(INDEX(Client_List!$J:$J,MATCH(B293,Client_List!$B:$B,0)),"")) -> 1050 | G293: 937 | H293: =IF(B293="","",IFERROR(A293-LOOKUP(2,1/($B$4:$B292=B293),$A$4:$A292),"")) -> 7 | I293: =IF(B293="","",IFERROR(G293/H293,"")) -> 133.85714 | J293: 141840 | K293: =IF(B293="","",IFERROR(AVERAGEIFS($I$4:$I293,$B$4:$B293,B293,$I$4:$I293,">"&0),"")) -> 104.2013 | L293: =IF(B293="","",IF(ISNA(MATCH(B293,Client_List!$B:$B,0)),"⚠ NOT FOUND","✓")) -> ✓
A294: 46049 | B294: NOU - 14008 - NOURISH KITCHEN | C294: =IF(B294="","",IFERROR(INDEX(Client_List!$C:$C,MATCH(B294,Client_List!$B:$B,0)),"")) -> 4 | D294: =IF(B294="","",IFERROR(INDEX(Client_List!$D:$D,MATCH(B294,Client_List!$B:$B,0)),"")) -> 4E | E294: =IF(B294="","",IFERROR(INDEX(Client_List!$K:$K,MATCH(B294,Client_List!$B:$B,0)),"")) -> CANOLA OIL | F294: =IF(B294="","",IFERROR(INDEX(Client_List!$J:$J,MATCH(B294,Client_List!$B:$B,0)),"")) -> 2000 | G294: 1400 | H294: =IF(B294="","",IFERROR(A294-LOOKUP(2,1/($B$4:$B293=B294),$A$4:$A293),"")) -> 25 | I294: =IF(B294="","",IFERROR(G294/H294,"")) -> 56 | J294: 141837 | K294: =IF(B294="","",IFERROR(AVERAGEIFS($I$4:$I294,$B$4:$B294,B294,$I$4:$I294,">"&0),"")) -> 56 | L294: =IF(B294="","",IF(ISNA(MATCH(B294,Client_List!$B:$B,0)),"⚠ NOT FOUND","✓")) -> ✓
A295: 46049 | B295: OHSH - 15001 - OHSO SCOTTSDALE | C295: =IF(B295="","",IFERROR(INDEX(Client_List!$C:$C,MATCH(B295,Client_List!$B:$B,0)),"")) -> 4 | D295: =IF(B295="","",IFERROR(INDEX(Client_List!$D:$D,MATCH(B295,Client_List!$B:$B,0)),"")) -> 4C | E295: =IF(B295="","",IFERROR(INDEX(Client_List!$K:$K,MATCH(B295,Client_List!$B:$B,0)),"")) -> CANOLA OIL | F295: =IF(B295="","",IFERROR(INDEX(Client_List!$J:$J,MATCH(B295,Client_List!$B:$B,0)),"")) -> 1050 | G295: 1061 | H295: =IF(B295="","",IFERROR(A295-LOOKUP(2,1/($B$4:$B294=B295),$A$4:$A294),"")) -> 12 | I295: =IF(B295="","",IFERROR(G295/H295,"")) -> 88.416667 | J295: 141844 | K295: =IF(B295="","",IFERROR(AVERAGEIFS($I$4:$I295,$B$4:$B295,B295,$I$4:$I295,">"&0),"")) -> 88.416667 | L295: =IF(B295="","",IF(ISNA(MATCH(B295,Client_List!$B:$B,0)),"⚠ NOT FOUND","✓")) -> ✓
A296: 46049 | B296: ORECC - 15002 - OREGANO CAVE CREEK | C296: =IF(B296="","",IFERROR(INDEX(Client_List!$C:$C,MATCH(B296,Client_List!$B:$B,0)),"")) -> 4 | D296: =IF(B296="","",IFERROR(INDEX(Client_List!$D:$D,MATCH(B296,Client_List!$B:$B,0)),"")) -> 4A | E296: =IF(B296="","",IFERROR(INDEX(Client_List!$K:$K,MATCH(B296,Client_List!$B:$B,0)),"")) -> CANOLA OIL | F296: =IF(B296="","",IFERROR(INDEX(Client_List!$J:$J,MATCH(B296,Client_List!$B:$B,0)),"")) -> 480 | G296: 373 | H296: =IF(B296="","",IFERROR(A296-LOOKUP(2,1/($B$4:$B295=B296),$A$4:$A295),"")) -> 14 | I296: =IF(B296="","",IFERROR(G296/H296,"")) -> 26.642857 | J296: 141839 | K296: =IF(B296="","",IFERROR(AVERAGEIFS($I$4:$I296,$B$4:$B296,B296,$I$4:$I296,">"&0),"")) -> 26.642857 | L296: =IF(B296="","",IF(ISNA(MATCH(B296,Client_List!$B:$B,0)),"⚠ NOT FOUND","✓")) -> ✓
A297: 46049 | B297: SOC - 19110 - SOCIAL TAP EATERY | C297: =IF(B297="","",IFERROR(INDEX(Client_List!$C:$C,MATCH(B297,Client_List!$B:$B,0)),"")) -> 4 | D297: =IF(B297="","",IFERROR(INDEX(Client_List!$D:$D,MATCH(B297,Client_List!$B:$B,0)),"")) -> 4D | E297: =IF(B297="","",IFERROR(INDEX(Client_List!$K:$K,MATCH(B297,Client_List!$B:$B,0)),"")) -> CANOLA OIL | F297: =IF(B297="","",IFERROR(INDEX(Client_List!$J:$J,MATCH(B297,Client_List!$B:$B,0)),"")) -> 1500 | G297: 1252 | H297: =IF(B297="","",IFERROR(A297-LOOKUP(2,1/($B$4:$B296=B297),$A$4:$A296),"")) | I297: =IF(B297="","",IFERROR(G297/H297,"")) | J297: 141842 | K297: =IF(B297="","",IFERROR(AVERAGEIFS($I$4:$I297,$B$4:$B297,B297,$I$4:$I297,">"&0),"")) | L297: =IF(B297="","",IF(ISNA(MATCH(B297,Client_List!$B:$B,0)),"⚠ NOT FOUND","✓")) -> ✓
... A768: 46086 | B768: TAI - 20091 - TAILGATERS BELL SURPRISE | C768: =IF(B768="","",IFERROR(INDEX(Client_List!$C:$C,MATCH(B768,Client_List!$B:$B,0)),"")) -> 1 | D768: =IF(B768="","",IFERROR(INDEX(Client_List!$D:$D,MATCH(B768,Client_List!$B:$B,0)),"")) -> 1C | E768: =IF(B768="","",IFERROR(INDEX(Client_List!$K:$K,MATCH(B768,Client_List!$B:$B,0)),"")) -> CANOLA OIL | F768: =IF(B768="","",IFERROR(INDEX(Client_List!$J:$J,MATCH(B768,Client_List!$B:$B,0)),"")) -> 1050 | G768: 1083 | H768: =IF(B768="","",IFERROR(A768-LOOKUP(2,1/($B$4:$B767=B768),$A$4:$A767),"")) -> 14 | I768: =IF(B768="","",IFERROR(G768/H768,"")) -> 77.357143 | J768: 143283 | K768: =IF(B768="","",IFERROR(AVERAGEIFS($I$4:$I768,$B$4:$B768,B768,$I$4:$I768,">"&0),"")) -> 82.010614 | L768: =IF(B768="","",IF(ISNA(MATCH(B768,Client_List!$B:$B,0)),"⚠ NOT FOUND","✓")) -> ✓
A769: 46087 | B769: ARRC - 1014 - ARRIBA GILBERT | C769: =IF(B769="","",IFERROR(INDEX(Client_List!$C:$C,MATCH(B769,Client_List!$B:$B,0)),"")) -> 5 | D769: =IF(B769="","",IFERROR(INDEX(Client_List!$D:$D,MATCH(B769,Client_List!$B:$B,0)),"")) -> 5F | E769: =IF(B769="","",IFERROR(INDEX(Client_List!$K:$K,MATCH(B769,Client_List!$B:$B,0)),"")) -> CANOLA OIL | F769: =IF(B769="","",IFERROR(INDEX(Client_List!$J:$J,MATCH(B769,Client_List!$B:$B,0)),"")) -> 900 | G769: 543 | H769: =IF(B769="","",IFERROR(A769-LOOKUP(2,1/($B$4:$B768=B769),$A$4:$A768),"")) -> 9 | I769: =IF(B769="","",IFERROR(G769/H769,"")) -> 60.333333 | J769: 10029 | K769: =IF(B769="","",IFERROR(AVERAGEIFS($I$4:$I769,$B$4:$B769,B769,$I$4:$I769,">"&0),"")) -> 57.701212 | L769: =IF(B769="","",IF(ISNA(MATCH(B769,Client_List!$B:$B,0)),"⚠ NOT FOUND","✓")) -> ✓ | N769: =A1150+H1150 -> 46135
A770: 46087 | B770: BAC - 19039 - BACKYARD GILBERT | C770: =IF(B770="","",IFERROR(INDEX(Client_List!$C:$C,MATCH(B770,Client_List!$B:$B,0)),"")) -> 5 | D770: =IF(B770="","",IFERROR(INDEX(Client_List!$D:$D,MATCH(B770,Client_List!$B:$B,0)),"")) -> 5F | E770: =IF(B770="","",IFERROR(INDEX(Client_List!$K:$K,MATCH(B770,Client_List!$B:$B,0)),"")) -> FRYERS CHOICE BLEND | F770: =IF(B770="","",IFERROR(INDEX(Client_List!$J:$J,MATCH(B770,Client_List!$B:$B,0)),"")) -> 1050 | G770: 389 | H770: =IF(B770="","",IFERROR(A770-LOOKUP(2,1/($B$4:$B769=B770),$A$4:$A769),"")) -> 9 | I770: =IF(B770="","",IFERROR(G770/H770,"")) -> 43.222222 | J770: 10033 | K770: =IF(B770="","",IFERROR(AVERAGEIFS($I$4:$I770,$B$4:$B770,B770,$I$4:$I770,">"&0),"")) -> 43.742735 | L770: =IF(B770="","",IF(ISNA(MATCH(B770,Client_List!$B:$B,0)),"⚠ NOT FOUND","✓")) -> ✓
A771: 46087 | B771: BAR - 2045 - BARRIO BREWING | C771: =IF(B771="","",IFERROR(INDEX(Client_List!$C:$C,MATCH(B771,Client_List!$B:$B,0)),"")) -> 5 | D771: =IF(B771="","",IFERROR(INDEX(Client_List!$D:$D,MATCH(B771,Client_List!$B:$B,0)),"")) -> 5F | E771: =IF(B771="","",IFERROR(INDEX(Client_List!$K:$K,MATCH(B771,Client_List!$B:$B,0)),"")) -> CANOLA OIL | F771: =IF(B771="","",IFERROR(INDEX(Client_List!$J:$J,MATCH(B771,Client_List!$B:$B,0)),"")) -> 350 | G771: 360 | H771: =IF(B771="","",IFERROR(A771-LOOKUP(2,1/($B$4:$B770=B771),$A$4:$A770),"")) -> 9 | I771: =IF(B771="","",IFERROR(G771/H771,"")) -> 40 | J771: 10026 | K771: =IF(B771="","",IFERROR(AVERAGEIFS($I$4:$I771,$B$4:$B771,B771,$I$4:$I771,">"&0),"")) -> 34.224263 | L771: =IF(B771="","",IF(ISNA(MATCH(B771,Client_List!$B:$B,0)),"⚠ NOT FOUND","✓")) -> ✓
A772: 46087 | B772: BEL - 2038 - BELLE'S NASHVILLE KITCHEN | C772: =IF(B772="","",IFERROR(INDEX(Client_List!$C:$C,MATCH(B772,Client_List!$B:$B,0)),"")) -> 4 | D772: =IF(B772="","",IFERROR(INDEX(Client_List!$D:$D,MATCH(B772,Client_List!$B:$B,0)),"")) -> 4D | E772: =IF(B772="","",IFERROR(INDEX(Client_List!$K:$K,MATCH(B772,Client_List!$B:$B,0)),"")) -> CANOLA OIL | F772: =IF(B772="","",IFERROR(INDEX(Client_List!$J:$J,MATCH(B772,Client_List!$B:$B,0)),"")) -> 620 | G772: 367 | H772: =IF(B772="","",IFERROR(A772-LOOKUP(2,1/($B$4:$B771=B772),$A$4:$A771),"")) -> 7 | I772: =IF(B772="","",IFERROR(G772/H772,"")) -> 52.428571 | J772: 10016 | K772: =IF(B772="","",IFERROR(AVERAGEIFS($I$4:$I772,$B$4:$B772,B772,$I$4:$I772,">"&0),"")) -> 55.135612 | L772: =IF(B772="","",IF(ISNA(MATCH(B772,Client_List!$B:$B,0)),"⚠ NOT FOUND","✓")) -> ✓
A773: 46087 | B773: BRU - 2073 - BRUNCH SNOB | C773: =IF(B773="","",IFERROR(INDEX(Client_List!$C:$C,MATCH(B773,Client_List!$B:$B,0)),"")) -> 4 | D773: =IF(B773="","",IFERROR(INDEX(Client_List!$D:$D,MATCH(B773,Client_List!$B:$B,0)),"")) -> 4D | E773: =IF(B773="","",IFERROR(INDEX(Client_List!$K:$K,MATCH(B773,Client_List!$B:$B,0)),"")) -> FRYERS CHOICE BLEND | F773: =IF(B773="","",IFERROR(INDEX(Client_List!$J:$J,MATCH(B773,Client_List!$B:$B,0)),"")) -> 350 | G773: 270 | H773: =IF(B773="","",IFERROR(A773-LOOKUP(2,1/($B$4:$B772=B773),$A$4:$A772),"")) -> 7 | I773: =IF(B773="","",IFERROR(G773/H773,"")) -> 38.571429 | J773: 10030 | K773: =IF(B773="","",IFERROR(AVERAGEIFS($I$4:$I773,$B$4:$B773,B773,$I$4:$I773,">"&0),"")) -> 35.298753 | L773: =IF(B773="","",IF(ISNA(MATCH(B773,Client_List!$B:$B,0)),"⚠ NOT FOUND","✓")) -> ✓
A774: 46087 | B774: FAT - 6101 - FATE BREWERY | C774: =IF(B774="","",IFERROR(INDEX(Client_List!$C:$C,MATCH(B774,Client_List!$B:$B,0)),"")) -> 4 | D774: =IF(B774="","",IFERROR(INDEX(Client_List!$D:$D,MATCH(B774,Client_List!$B:$B,0)),"")) -> 4D | E774: =IF(B774="","",IFERROR(INDEX(Client_List!$K:$K,MATCH(B774,Client_List!$B:$B,0)),"")) -> CANOLA OIL | F774: =IF(B774="","",IFERROR(INDEX(Client_List!$J:$J,MATCH(B774,Client_List!$B:$B,0)),"")) -> 700 | G774: 534 | H774: =IF(B774="","",IFERROR(A774-LOOKUP(2,1/($B$4:$B773=B774),$A$4:$A773),"")) -> 7 | I774: =IF(B774="","",IFERROR(G774/H774,"")) -> 76.285714 | J774: 10015 | K774: =IF(B774="","",IFERROR(AVERAGEIFS($I$4:$I774,$B$4:$B774,B774,$I$4:$I774,">"&0),"")) -> 71.03497 | L774: =IF(B774="","",IF(ISNA(MATCH(B774,Client_List!$B:$B,0)),"⚠ NOT FOUND","✓")) -> ✓
A775: 46087 | B775: GLE - 7053 - GLENROSA | C775: =IF(B775="","",IFERROR(INDEX(Client_List!$C:$C,MATCH(B775,Client_List!$B:$B,0)),"")) -> 4 | D775: =IF(B775="","",IFERROR(INDEX(Client_List!$D:$D,MATCH(B775,Client_List!$B:$B,0)),"")) -> 4E | E775: =IF(B775="","",IFERROR(INDEX(Client_List!$K:$K,MATCH(B775,Client_List!$B:$B,0)),"")) -> CANOLA OIL | F775: =IF(B775="","",IFERROR(INDEX(Client_List!$J:$J,MATCH(B775,Client_List!$B:$B,0)),"")) -> 350 | G775: 347 | H775: =IF(B775="","",IFERROR(A775-LOOKUP(2,1/($B$4:$B774=B775),$A$4:$A774),"")) -> 8 | I775: =IF(B775="","",IFERROR(G775/H775,"")) -> 43.375 | J775: 143317 | K775: =IF(B775="","",IFERROR(AVERAGEIFS($I$4:$I775,$B$4:$B775,B775,$I$4:$I775,">"&0),"")) -> 37.767007 | L775: =IF(B775="","",IF(ISNA(MATCH(B775,Client_List!$B:$B,0)),"⚠ NOT FOUND","✓")) -> ✓
A776: 46087 | B776: MAN - 13057 - MANUEL CHANDLER | C776: =IF(B776="","",IFERROR(INDEX(Client_List!$C:$C,MATCH(B776,Client_List!$B:$B,0)),"")) -> 4 | D776: =IF(B776="","",IFERROR(INDEX(Client_List!$D:$D,MATCH(B776,Client_List!$B:$B,0)),"")) -> 4F | E776: =IF(B776="","",IFERROR(INDEX(Client_List!$K:$K,MATCH(B776,Client_List!$B:$B,0)),"")) -> CANOLA OIL | F776: =IF(B776="","",IFERROR(INDEX(Client_List!$J:$J,MATCH(B776,Client_List!$B:$B,0)),"")) -> 950 | G776: 542 | H776: =IF(B776="","",IFERROR(A776-LOOKUP(2,1/($B$4:$B775=B776),$A$4:$A775),"")) -> 13 | I776: =IF(B776="","",IFERROR(G776/H776,"")) -> 41.692308 | J776: 143302 | K776: =IF(B776="","",IFERROR(AVERAGEIFS($I$4:$I776,$B$4:$B776,B776,$I$4:$I776,">"&0),"")) -> 46.191638 | L776: =IF(B776="","",IF(ISNA(MATCH(B776,Client_List!$B:$B,0)),"⚠ NOT FOUND","✓")) -> ✓
A777: 46087 | B777: MAN9 - 13014 - MANUEL SCOTTSDALE | C777: =IF(B777="","",IFERROR(INDEX(Client_List!$C:$C,MATCH(B777,Client_List!$B:$B,0)),"")) -> 4 | D777: =IF(B777="","",IFERROR(INDEX(Client_List!$D:$D,MATCH(B777,Client_List!$B:$B,0)),"")) -> 4C | E777: =IF(B777="","",IFERROR(INDEX(Client_List!$K:$K,MATCH(B777,Client_List!$B:$B,0)),"")) -> CANOLA OIL | F777: =IF(B777="","",IFERROR(INDEX(Client_List!$J:$J,MATCH(B777,Client_List!$B:$B,0)),"")) -> 900 | G777: 754 | H777: =IF(B777="","",IFERROR(A777-LOOKUP(2,1/($B$4:$B776=B777),$A$4:$A776),"")) -> 15 | I777: =IF(B777="","",IFERROR(G777/H777,"")) -> 50.266667 | J777: 10014 | K777: =IF(B777="","",IFERROR(AVERAGEIFS($I$4:$I777,$B$4:$B777,B777,$I$4:$I777,">"&0),"")) -> 47.70989 | L777: =IF(B777="","",IF(ISNA(MATCH(B777,Client_List!$B:$B,0)),"⚠ NOT FOUND","✓")) -> ✓
A778: 46087 | B778: OREC - 15020 - OREGANO CAMELBACK | C778: =IF(B778="","",IFERROR(INDEX(Client_List!$C:$C,MATCH(B778,Client_List!$B:$B,0)),"")) -> 3 | D778: =IF(B778="","",IFERROR(INDEX(Client_List!$D:$D,MATCH(B778,Client_List!$B:$B,0)),"")) -> 3D | E778: =IF(B778="","",IFERROR(INDEX(Client_List!$K:$K,MATCH(B778,Client_List!$B:$B,0)),"")) -> CANOLA OIL | F778: =IF(B778="","",IFERROR(INDEX(Client_List!$J:$J,MATCH(B778,Client_List!$B:$B,0)),"")) -> 450 | G778: 324 | H778: =IF(B778="","",IFERROR(A778-LOOKUP(2,1/($B$4:$B777=B778),$A$4:$A777),"")) -> 16 | I778: =IF(B778="","",IFERROR(G778/H778,"")) -> 20.25 | J778: 143310 | K778: =IF(B778="","",IFERROR(AVERAGEIFS($I$4:$I778,$B$4:$B778,B778,$I$4:$I778,">"&0),"")) -> 30.542298 | L778: =IF(B778="","",IF(ISNA(MATCH(B778,Client_List!$B:$B,0)),"⚠ NOT FOUND","✓")) -> ✓
A779: 46087 | B779: OREG - 15024 - OREGANO GILBERT | C779: =IF(B779="","",IFERROR(INDEX(Client_List!$C:$C,MATCH(B779,Client_List!$B:$B,0)),"")) -> 5 | D779: =IF(B779="","",IFERROR(INDEX(Client_List!$D:$D,MATCH(B779,Client_List!$B:$B,0)),"")) -> 5E | E779: =IF(B779="","",IFERROR(INDEX(Client_List!$K:$K,MATCH(B779,Client_List!$B:$B,0)),"")) -> CANOLA OIL | F779: =IF(B779="","",IFERROR(INDEX(Client_List!$J:$J,MATCH(B779,Client_List!$B:$B,0)),"")) -> 450 | G779: 421 | H779: =IF(B779="","",IFERROR(A779-LOOKUP(2,1/($B$4:$B778=B779),$A$4:$A778),"")) -> 17 | I779: =IF(B779="","",IFERROR(G779/H779,"")) -> 24.764706 | J779: 10025 | K779: =IF(B779="","",IFERROR(AVERAGEIFS($I$4:$I779,$B$4:$B779,B779,$I$4:$I779,">"&0),"")) -> 29.074113 | L779: =IF(B779="","",IF(ISNA(MATCH(B779,Client_List!$B:$B,0)),"⚠ NOT FOUND","✓")) -> ✓
A780: 46087 | B780: OREGANO CORP | C780: =IF(B780="","",IFERROR(INDEX(Client_List!$C:$C,MATCH(B780,Client_List!$B:$B,0)),"")) -> 4 | D780: =IF(B780="","",IFERROR(INDEX(Client_List!$D:$D,MATCH(B780,Client_List!$B:$B,0)),"")) -> 4C | E780: =IF(B780="","",IFERROR(INDEX(Client_List!$K:$K,MATCH(B780,Client_List!$B:$B,0)),"")) -> CANOLA OIL | F780: =IF(B780="","",IFERROR(INDEX(Client_List!$J:$J,MATCH(B780,Client_List!$B:$B,0)),"")) -> 500 | G780: 324 | H780: =IF(B780="","",IFERROR(A780-LOOKUP(2,1/($B$4:$B779=B780),$A$4:$A779),"")) | I780: =IF(B780="","",IFERROR(G780/H780,"")) | J780: 10053 | K780: =IF(B780="","",IFERROR(AVERAGEIFS($I$4:$I780,$B$4:$B780,B780,$I$4:$I780,">"&0),"")) | L780: =IF(B780="","",IF(ISNA(MATCH(B780,Client_List!$B:$B,0)),"⚠ NOT FOUND","✓")) -> ✓
A781: 46087 | B781: ORES - 15015 - OREGANO SUPERSTITION | C781: =IF(B781="","",IFERROR(INDEX(Client_List!$C:$C,MATCH(B781,Client_List!$B:$B,0)),"")) -> 5 | D781: =IF(B781="","",IFERROR(INDEX(Client_List!$D:$D,MATCH(B781,Client_List!$B:$B,0)),"")) -> 5E | E781: =IF(B781="","",IFERROR(INDEX(Client_List!$K:$K,MATCH(B781,Client_List!$B:$B,0)),"")) -> CANOLA OIL | F781: =IF(B781="","",IFERROR(INDEX(Client_List!$J:$J,MATCH(B781,Client_List!$B:$B,0)),"")) -> 500 | G781: 299 | H781: =IF(B781="","",IFERROR(A781-LOOKUP(2,1/($B$4:$B780=B781),$A$4:$A780),"")) -> 9 | I781: =IF(B781="","",IFERROR(G781/H781,"")) -> 33.222222 | J781: 143321 | K781: =IF(B781="","",IFERROR(AVERAGEIFS($I$4:$I781,$B$4:$B781,B781,$I$4:$I781,">"&0),"")) -> 29.593675 | L781: =IF(B781="","",IF(ISNA(MATCH(B781,Client_List!$B:$B,0)),"⚠ NOT FOUND","✓")) -> ✓
... A800: 46088 | B800: ORER - 15004 - OREGANO FLAGSTAFF | C800: =IF(B800="","",IFERROR(INDEX(Client_List!$C:$C,MATCH(B800,Client_List!$B:$B,0)),"")) -> 0 | D800: =IF(B800="","",IFERROR(INDEX(Client_List!$D:$D,MATCH(B800,Client_List!$B:$B,0)),"")) -> F | E800: =IF(B800="","",IFERROR(INDEX(Client_List!$K:$K,MATCH(B800,Client_List!$B:$B,0)),"")) -> CANOLA OIL | F800: =IF(B800="","",IFERROR(INDEX(Client_List!$J:$J,MATCH(B800,Client_List!$B:$B,0)),"")) -> 700 | G800: 450 | H800: =IF(B800="","",IFERROR(A800-LOOKUP(2,1/($B$4:$B799=B800),$A$4:$A799),"")) -> 28 | I800: =IF(B800="","",IFERROR(G800/H800,"")) -> 16.071429 | J800: 143319 | K800: =IF(B800="","",IFERROR(AVERAGEIFS($I$4:$I800,$B$4:$B800,B800,$I$4:$I800,">"&0),"")) -> 18.946429 | L800: =IF(B800="","",IF(ISNA(MATCH(B800,Client_List!$B:$B,0)),"⚠ NOT FOUND","✓")) -> ✓
A801: 46088 | B801: ROA - 18036 - ROADRUNNER SALOON | C801: =IF(B801="","",IFERROR(INDEX(Client_List!$C:$C,MATCH(B801,Client_List!$B:$B,0)),"")) -> 3 | D801: =IF(B801="","",IFERROR(INDEX(Client_List!$D:$D,MATCH(B801,Client_List!$B:$B,0)),"")) -> 3A | E801: =IF(B801="","",IFERROR(INDEX(Client_List!$K:$K,MATCH(B801,Client_List!$B:$B,0)),"")) -> CANOLA OIL | F801: =IF(B801="","",IFERROR(INDEX(Client_List!$J:$J,MATCH(B801,Client_List!$B:$B,0)),"")) -> 1850 | G801: 1635 | H801: =IF(B801="","",IFERROR(A801-LOOKUP(2,1/($B$4:$B800=B801),$A$4:$A800),"")) -> 22 | I801: =IF(B801="","",IFERROR(G801/H801,"")) -> 74.318182 | K801: =IF(B801="","",IFERROR(AVERAGEIFS($I$4:$I801,$B$4:$B801,B801,$I$4:$I801,">"&0),"")) -> 76.904762 | L801: =IF(B801="","",IF(ISNA(MATCH(B801,Client_List!$B:$B,0)),"⚠ NOT FOUND","✓")) -> ✓
A802: 46088 | B802: SUG - 19077- SUGAR JAM | C802: =IF(B802="","",IFERROR(INDEX(Client_List!$C:$C,MATCH(B802,Client_List!$B:$B,0)),"")) -> 4 | D802: =IF(B802="","",IFERROR(INDEX(Client_List!$D:$D,MATCH(B802,Client_List!$B:$B,0)),"")) -> 4C | E802: =IF(B802="","",IFERROR(INDEX(Client_List!$K:$K,MATCH(B802,Client_List!$B:$B,0)),"")) -> FRYERS CHOICE BLEND | F802: =IF(B802="","",IFERROR(INDEX(Client_List!$J:$J,MATCH(B802,Client_List!$B:$B,0)),"")) -> 1050 | G802: 1101 | H802: =IF(B802="","",IFERROR(A802-LOOKUP(2,1/($B$4:$B801=B802),$A$4:$A801),"")) -> 11 | I802: =IF(B802="","",IFERROR(G802/H802,"")) -> 100.09091 | J802: 143316 | K802: =IF(B802="","",IFERROR(AVERAGEIFS($I$4:$I802,$B$4:$B802,B802,$I$4:$I802,">"&0),"")) -> 105.61376 | L802: =IF(B802="","",IF(ISNA(MATCH(B802,Client_List!$B:$B,0)),"⚠ NOT FOUND","✓")) -> ✓
A803: 46091 | B803: ARRC - 1001 - ARRIBAS CAMELBACK | C803: =IF(B803="","",IFERROR(INDEX(Client_List!$C:$C,MATCH(B803,Client_List!$B:$B,0)),"")) -> 3 | D803: =IF(B803="","",IFERROR(INDEX(Client_List!$D:$D,MATCH(B803,Client_List!$B:$B,0)),"")) -> 3D | E803: =IF(B803="","",IFERROR(INDEX(Client_List!$K:$K,MATCH(B803,Client_List!$B:$B,0)),"")) -> CANOLA OIL | F803: =IF(B803="","",IFERROR(INDEX(Client_List!$J:$J,MATCH(B803,Client_List!$B:$B,0)),"")) -> 700 | G803: 633 | H803: =IF(B803="","",IFERROR(A803-LOOKUP(2,1/($B$4:$B802=B803),$A$4:$A802),"")) -> 11 | I803: =IF(B803="","",IFERROR(G803/H803,"")) -> 57.545455 | J803: 10103 | K803: =IF(B803="","",IFERROR(AVERAGEIFS($I$4:$I803,$B$4:$B803,B803,$I$4:$I803,">"&0),"")) -> 62.236655 | L803: =IF(B803="","",IF(ISNA(MATCH(B803,Client_List!$B:$B,0)),"⚠ NOT FOUND","✓")) -> ✓
A804: 46091 | B804: BOOW - 2017 - BOOTY'S WATSON | C804: =IF(B804="","",IFERROR(INDEX(Client_List!$C:$C,MATCH(B804,Client_List!$B:$B,0)),"")) -> 1 | D804: =IF(B804="","",IFERROR(INDEX(Client_List!$D:$D,MATCH(B804,Client_List!$B:$B,0)),"")) -> 1D | E804: =IF(B804="","",IFERROR(INDEX(Client_List!$K:$K,MATCH(B804,Client_List!$B:$B,0)),"")) -> CANOLA OIL | F804: =IF(B804="","",IFERROR(INDEX(Client_List!$J:$J,MATCH(B804,Client_List!$B:$B,0)),"")) -> 620 | G804: 438 | H804: =IF(B804="","",IFERROR(A804-LOOKUP(2,1/($B$4:$B803=B804),$A$4:$A803),"")) -> 7 | I804: =IF(B804="","",IFERROR(G804/H804,"")) -> 62.571429 | J804: 10175 | K804: =IF(B804="","",IFERROR(AVERAGEIFS($I$4:$I804,$B$4:$B804,B804,$I$4:$I804,">"&0),"")) -> 67.989435 | L804: =IF(B804="","",IF(ISNA(MATCH(B804,Client_List!$B:$B,0)),"⚠ NOT FOUND","✓")) -> ✓
A805: 46091 | B805: CRA - 3021 - JC FOOD TRADING/GLEN | C805: =IF(B805="","",IFERROR(INDEX(Client_List!$C:$C,MATCH(B805,Client_List!$B:$B,0)),"")) -> 2 | D805: =IF(B805="","",IFERROR(INDEX(Client_List!$D:$D,MATCH(B805,Client_List!$B:$B,0)),"")) -> 2C | E805: =IF(B805="","",IFERROR(INDEX(Client_List!$K:$K,MATCH(B805,Client_List!$B:$B,0)),"")) -> CANOLA OIL | F805: =IF(B805="","",IFERROR(INDEX(Client_List!$J:$J,MATCH(B805,Client_List!$B:$B,0)),"")) -> 450 | G805: 466 | H805: =IF(B805="","",IFERROR(A805-LOOKUP(2,1/($B$4:$B804=B805),$A$4:$A804),"")) -> 14 | I805: =IF(B805="","",IFERROR(G805/H805,"")) -> 33.285714 | J805: 10087 | K805: =IF(B805="","",IFERROR(AVERAGEIFS($I$4:$I805,$B$4:$B805,B805,$I$4:$I805,">"&0),"")) -> 34.37868 | L805: =IF(B805="","",IF(ISNA(MATCH(B805,Client_List!$B:$B,0)),"⚠ NOT FOUND","✓")) -> ✓
A806: 46091 | B806: FUN - 12047 - FUNKY FRIDAS | C806: =IF(B806="","",IFERROR(INDEX(Client_List!$C:$C,MATCH(B806,Client_List!$B:$B,0)),"")) -> 3 | D806: =IF(B806="","",IFERROR(INDEX(Client_List!$D:$D,MATCH(B806,Client_List!$B:$B,0)),"")) -> 3C | E806: =IF(B806="","",IFERROR(INDEX(Client_List!$K:$K,MATCH(B806,Client_List!$B:$B,0)),"")) -> CANOLA OIL | F806: =IF(B806="","",IFERROR(INDEX(Client_List!$J:$J,MATCH(B806,Client_List!$B:$B,0)),"")) -> 630 | G806: 514 | H806: =IF(B806="","",IFERROR(A806-LOOKUP(2,1/($B$4:$B805=B806),$A$4:$A805),"")) -> 11 | I806: =IF(B806="","",IFERROR(G806/H806,"")) -> 46.727273 | J806: 10164 | K806: =IF(B806="","",IFERROR(AVERAGEIFS($I$4:$I806,$B$4:$B806,B806,$I$4:$I806,">"&0),"")) -> 43.412626 | L806: =IF(B806="","",IF(ISNA(MATCH(B806,Client_List!$B:$B,0)),"⚠ NOT FOUND","✓")) -> ✓
A807: 46091 | B807: GOL - 7052 - GOLD CANYON RESORT & SPA | C807: =IF(B807="","",IFERROR(INDEX(Client_List!$C:$C,MATCH(B807,Client_List!$B:$B,0)),"")) -> 5 | D807: =IF(B807="","",IFERROR(INDEX(Client_List!$D:$D,MATCH(B807,Client_List!$B:$B,0)),"")) -> 5E | E807: =IF(B807="","",IFERROR(INDEX(Client_List!$K:$K,MATCH(B807,Client_List!$B:$B,0)),"")) -> CANOLA OIL | F807: =IF(B807="","",IFERROR(INDEX(Client_List!$J:$J,MATCH(B807,Client_List!$B:$B,0)),"")) -> 350 | G807: 271 | H807: =IF(B807="","",IFERROR(A807-LOOKUP(2,1/($B$4:$B806=B807),$A$4:$A806),"")) -> 14 | I807: =IF(B807="","",IFERROR(G807/H807,"")) -> 19.357143 | J807: 10111 | K807: =IF(B807="","",IFERROR(AVERAGEIFS($I$4:$I807,$B$4:$B807,B807,$I$4:$I807,">"&0),"")) -> 34.715278 | L807: =IF(B807="","",IF(ISNA(MATCH(B807,Client_List!$B:$B,0)),"⚠ NOT FOUND","✓")) -> ✓
A808: 46091 | B808: LON - 12050 - LONG WONG 35TH | C808: =IF(B808="","",IFERROR(INDEX(Client_List!$C:$C,MATCH(B808,Client_List!$B:$B,0)),"")) -> 3 | D808: =IF(B808="","",IFERROR(INDEX(Client_List!$D:$D,MATCH(B808,Client_List!$B:$B,0)),"")) -> 3E | E808: =IF(B808="","",IFERROR(INDEX(Client_List!$K:$K,MATCH(B808,Client_List!$B:$B,0)),"")) -> CANOLA OIL | F808: =IF(B808="","",IFERROR(INDEX(Client_List!$J:$J,MATCH(B808,Client_List!$B:$B,0)),"")) -> 1050 | G808: 980 | H808: =IF(B808="","",IFERROR(A808-LOOKUP(2,1/($B$4:$B807=B808),$A$4:$A807),"")) -> 18 | I808: =IF(B808="","",IFERROR(G808/H808,"")) -> 54.444444 | J808: 10072 | K808: =IF(B808="","",IFERROR(AVERAGEIFS($I$4:$I808,$B$4:$B808,B808,$I$4:$I808,">"&0),"")) -> 53.425926 | L808: =IF(B808="","",IF(ISNA(MATCH(B808,Client_List!$B:$B,0)),"⚠ NOT FOUND","✓")) -> ✓
A809: 46091 | B809: LON75 - 12009 - LONG WONG 75/THOMAS | C809: =IF(B809="","",IFERROR(INDEX(Client_List!$C:$C,MATCH(B809,Client_List!$B:$B,0)),"")) -> 2 | D809: =IF(B809="","",IFERROR(INDEX(Client_List!$D:$D,MATCH(B809,Client_List!$B:$B,0)),"")) -> 2D | E809: =IF(B809="","",IFERROR(INDEX(Client_List!$K:$K,MATCH(B809,Client_List!$B:$B,0)),"")) -> CANOLA OIL | F809: =IF(B809="","",IFERROR(INDEX(Client_List!$J:$J,MATCH(B809,Client_List!$B:$B,0)),"")) -> 700 | G809: 326 | H809: =IF(B809="","",IFERROR(A809-LOOKUP(2,1/($B$4:$B808=B809),$A$4:$A808),"")) -> 18 | I809: =IF(B809="","",IFERROR(G809/H809,"")) -> 18.111111 | J809: 10172 | K809: =IF(B809="","",IFERROR(AVERAGEIFS($I$4:$I809,$B$4:$B809,B809,$I$4:$I809,">"&0),"")) -> 16.494949 | L809: =IF(B809="","",IF(ISNA(MATCH(B809,Client_List!$B:$B,0)),"⚠ NOT FOUND","✓")) -> ✓
A810: 46091 | B810: MAN - 13069 - MANUEL SHEA | C810: =IF(B810="","",IFERROR(INDEX(Client_List!$C:$C,MATCH(B810,Client_List!$B:$B,0)),"")) -> 3 | D810: =IF(B810="","",IFERROR(INDEX(Client_List!$D:$D,MATCH(B810,Client_List!$B:$B,0)),"")) -> 3C | E810: =IF(B810="","",IFERROR(INDEX(Client_List!$K:$K,MATCH(B810,Client_List!$B:$B,0)),"")) -> CANOLA OIL | F810: =IF(B810="","",IFERROR(INDEX(Client_List!$J:$J,MATCH(B810,Client_List!$B:$B,0)),"")) -> 900 | G810: 863 | H810: =IF(B810="","",IFERROR(A810-LOOKUP(2,1/($B$4:$B809=B810),$A$4:$A809),"")) -> 20 | I810: =IF(B810="","",IFERROR(G810/H810,"")) -> 43.15 | J810: 10070 | K810: =IF(B810="","",IFERROR(AVERAGEIFS($I$4:$I810,$B$4:$B810,B810,$I$4:$I810,">"&0),"")) -> 40.228846 | L810: =IF(B810="","",IF(ISNA(MATCH(B810,Client_List!$B:$B,0)),"⚠ NOT FOUND","✓")) -> ✓
A811: 46091 | B811: MAN6 - 13009 - MANUEL BELL | C811: =IF(B811="","",IFERROR(INDEX(Client_List!$C:$C,MATCH(B811,Client_List!$B:$B,0)),"")) -> 3 | D811: =IF(B811="","",IFERROR(INDEX(Client_List!$D:$D,MATCH(B811,Client_List!$B:$B,0)),"")) -> 3C | E811: =IF(B811="","",IFERROR(INDEX(Client_List!$K:$K,MATCH(B811,Client_List!$B:$B,0)),"")) -> CANOLA OIL | F811: =IF(B811="","",IFERROR(INDEX(Client_List!$J:$J,MATCH(B811,Client_List!$B:$B,0)),"")) -> 1050 | G811: 1082 | H811: =IF(B811="","",IFERROR(A811-LOOKUP(2,1/($B$4:$B810=B811),$A$4:$A810),"")) -> 11 | I811: =IF(B811="","",IFERROR(G811/H811,"")) -> 98.363636 | J811: 10076 | K811: =IF(B811="","",IFERROR(AVERAGEIFS($I$4:$I811,$B$4:$B811,B811,$I$4:$I811,">"&0),"")) -> 101.59286 | L811: =IF(B811="","",IF(ISNA(MATCH(B811,Client_List!$B:$B,0)),"⚠ NOT FOUND","✓")) -> ✓
A812: 46091 | B812: MANP - 13013 - MANUEL PEORIA | C812: =IF(B812="","",IFERROR(INDEX(Client_List!$C:$C,MATCH(B812,Client_List!$B:$B,0)),"")) -> 2 | D812: =IF(B812="","",IFERROR(INDEX(Client_List!$D:$D,MATCH(B812,Client_List!$B:$B,0)),"")) -> 2C | E812: =IF(B812="","",IFERROR(INDEX(Client_List!$K:$K,MATCH(B812,Client_List!$B:$B,0)),"")) -> CANOLA OIL | F812: =IF(B812="","",IFERROR(INDEX(Client_List!$J:$J,MATCH(B812,Client_List!$B:$B,0)),"")) -> 1050 | G812: 937 | H812: =IF(B812="","",IFERROR(A812-LOOKUP(2,1/($B$4:$B811=B812),$A$4:$A811),"")) -> 7 | I812: =IF(B812="","",IFERROR(G812/H812,"")) -> 133.85714 | J812: 10165 | K812: =IF(B812="","",IFERROR(AVERAGEIFS($I$4:$I812,$B$4:$B812,B812,$I$4:$I812,">"&0),"")) -> 132.9041 | L812: =IF(B812="","",IF(ISNA(MATCH(B812,Client_List!$B:$B,0)),"⚠ NOT FOUND","✓")) -> ✓
A813: 46091 | B813: OHS - 15000 - OHSO INDIAN SCHOOL | C813: =IF(B813="","",IFERROR(INDEX(Client_List!$C:$C,MATCH(B813,Client_List!$B:$B,0)),"")) -> 4 | D813: =IF(B813="","",IFERROR(INDEX(Client_List!$D:$D,MATCH(B813,Client_List!$B:$B,0)),"")) -> 4D | E813: =IF(B813="","",IFERROR(INDEX(Client_List!$K:$K,MATCH(B813,Client_List!$B:$B,0)),"")) -> CANOLA OIL | F813: =IF(B813="","",IFERROR(INDEX(Client_List!$J:$J,MATCH(B813,Client_List!$B:$B,0)),"")) -> 1050 | G813: 1086 | H813: =IF(B813="","",IFERROR(A813-LOOKUP(2,1/($B$4:$B812=B813),$A$4:$A812),"")) -> 11 | I813: =IF(B813="","",IFERROR(G813/H813,"")) -> 98.727273 | J813: 10065 | K813: =IF(B813="","",IFERROR(AVERAGEIFS($I$4:$I813,$B$4:$B813,B813,$I$4:$I813,">"&0),"")) -> 81.647792 | L813: =IF(B813="","",IF(ISNA(MATCH(B813,Client_List!$B:$B,0)),"⚠ NOT FOUND","✓")) -> ✓
... A840: 46093 | B840: BUR - 4038 - BURGERS & BREWS GLENDALE | C840: =IF(B840="","",IFERROR(INDEX(Client_List!$C:$C,MATCH(B840,Client_List!$B:$B,0)),"")) -> 2 | D840: =IF(B840="","",IFERROR(INDEX(Client_List!$D:$D,MATCH(B840,Client_List!$B:$B,0)),"")) -> 2C | E840: =IF(B840="","",IFERROR(INDEX(Client_List!$K:$K,MATCH(B840,Client_List!$B:$B,0)),"")) -> CANOLA OIL | F840: =IF(B840="","",IFERROR(INDEX(Client_List!$J:$J,MATCH(B840,Client_List!$B:$B,0)),"")) -> 1050 | G840: 937 | H840: =IF(B840="","",IFERROR(A840-LOOKUP(2,1/($B$4:$B839=B840),$A$4:$A839),"")) -> 44 | I840: =IF(B840="","",IFERROR(G840/H840,"")) -> 21.295455 | J840: 10149 | K840: =IF(B840="","",IFERROR(AVERAGEIFS($I$4:$I840,$B$4:$B840,B840,$I$4:$I840,">"&0),"")) -> 21.295455 | L840: =IF(B840="","",IF(ISNA(MATCH(B840,Client_List!$B:$B,0)),"⚠ NOT FOUND","✓")) -> ✓
A841: 46093 | B841: CRA - 3046 - JC FOOD TRADING /GOODYEAR | C841: =IF(B841="","",IFERROR(INDEX(Client_List!$C:$C,MATCH(B841,Client_List!$B:$B,0)),"")) -> 2 | D841: =IF(B841="","",IFERROR(INDEX(Client_List!$D:$D,MATCH(B841,Client_List!$B:$B,0)),"")) -> 2C | E841: =IF(B841="","",IFERROR(INDEX(Client_List!$K:$K,MATCH(B841,Client_List!$B:$B,0)),"")) -> CANOLA OIL | F841: =IF(B841="","",IFERROR(INDEX(Client_List!$J:$J,MATCH(B841,Client_List!$B:$B,0)),"")) -> 1000 | G841: 221 | H841: =IF(B841="","",IFERROR(A841-LOOKUP(2,1/($B$4:$B840=B841),$A$4:$A840),"")) -> 9 | I841: =IF(B841="","",IFERROR(G841/H841,"")) -> 24.555556 | K841: =IF(B841="","",IFERROR(AVERAGEIFS($I$4:$I841,$B$4:$B841,B841,$I$4:$I841,">"&0),"")) -> 34.994709 | L841: =IF(B841="","",IF(ISNA(MATCH(B841,Client_List!$B:$B,0)),"⚠ NOT FOUND","✓")) -> ✓
A842: 46093 | B842: DAR - 4026 - DARUMA BY RIE | C842: =IF(B842="","",IFERROR(INDEX(Client_List!$C:$C,MATCH(B842,Client_List!$B:$B,0)),"")) -> 4 | D842: =IF(B842="","",IFERROR(INDEX(Client_List!$D:$D,MATCH(B842,Client_List!$B:$B,0)),"")) -> 4E | E842: =IF(B842="","",IFERROR(INDEX(Client_List!$K:$K,MATCH(B842,Client_List!$B:$B,0)),"")) -> CANOLA OIL | F842: =IF(B842="","",IFERROR(INDEX(Client_List!$J:$J,MATCH(B842,Client_List!$B:$B,0)),"")) -> 350 | G842: 325 | H842: =IF(B842="","",IFERROR(A842-LOOKUP(2,1/($B$4:$B841=B842),$A$4:$A841),"")) -> 15 | I842: =IF(B842="","",IFERROR(G842/H842,"")) -> 21.666667 | J842: 10376 | K842: =IF(B842="","",IFERROR(AVERAGEIFS($I$4:$I842,$B$4:$B842,B842,$I$4:$I842,">"&0),"")) -> 16.152778 | L842: =IF(B842="","",IF(ISNA(MATCH(B842,Client_List!$B:$B,0)),"⚠ NOT FOUND","✓")) -> ✓
A843: 46093 | B843: DAR 4037 - DARUMA RAMEN AND BOWL | C843: =IF(B843="","",IFERROR(INDEX(Client_List!$C:$C,MATCH(B843,Client_List!$B:$B,0)),"")) -> 4 | D843: =IF(B843="","",IFERROR(INDEX(Client_List!$D:$D,MATCH(B843,Client_List!$B:$B,0)),"")) -> 4E | E843: =IF(B843="","",IFERROR(INDEX(Client_List!$K:$K,MATCH(B843,Client_List!$B:$B,0)),"")) -> CANOLA OIL | F843: =IF(B843="","",IFERROR(INDEX(Client_List!$J:$J,MATCH(B843,Client_List!$B:$B,0)),"")) -> 350 | G843: 325 | H843: =IF(B843="","",IFERROR(A843-LOOKUP(2,1/($B$4:$B842=B843),$A$4:$A842),"")) -> 19 | I843: =IF(B843="","",IFERROR(G843/H843,"")) -> 17.105263 | J843: 10371 | K843: =IF(B843="","",IFERROR(AVERAGEIFS($I$4:$I843,$B$4:$B843,B843,$I$4:$I843,">"&0),"")) -> 15.728918 | L843: =IF(B843="","",IF(ISNA(MATCH(B843,Client_List!$B:$B,0)),"⚠ NOT FOUND","✓")) -> ✓
A844: 46093 | B844: DIL59 - 4010 - DILLONS 59TH AVE | C844: =IF(B844="","",IFERROR(INDEX(Client_List!$C:$C,MATCH(B844,Client_List!$B:$B,0)),"")) -> 2 | D844: =IF(B844="","",IFERROR(INDEX(Client_List!$D:$D,MATCH(B844,Client_List!$B:$B,0)),"")) -> 2A | E844: =IF(B844="","",IFERROR(INDEX(Client_List!$K:$K,MATCH(B844,Client_List!$B:$B,0)),"")) -> FRYERS CHOICE BLEND | F844: =IF(B844="","",IFERROR(INDEX(Client_List!$J:$J,MATCH(B844,Client_List!$B:$B,0)),"")) -> 500 | G844: 468 | H844: =IF(B844="","",IFERROR(A844-LOOKUP(2,1/($B$4:$B843=B844),$A$4:$A843),"")) -> 14 | I844: =IF(B844="","",IFERROR(G844/H844,"")) -> 33.428571 | J844: 10151 | K844: =IF(B844="","",IFERROR(AVERAGEIFS($I$4:$I844,$B$4:$B844,B844,$I$4:$I844,">"&0),"")) -> 34.150549 | L844: =IF(B844="","",IF(ISNA(MATCH(B844,Client_List!$B:$B,0)),"⚠ NOT FOUND","✓")) -> ✓
A845: 46093 | B845: MAN7 - 13015 - MANUEL SOUTHERN | C845: =IF(B845="","",IFERROR(INDEX(Client_List!$C:$C,MATCH(B845,Client_List!$B:$B,0)),"")) -> 4 | D845: =IF(B845="","",IFERROR(INDEX(Client_List!$D:$D,MATCH(B845,Client_List!$B:$B,0)),"")) -> 4E | E845: =IF(B845="","",IFERROR(INDEX(Client_List!$K:$K,MATCH(B845,Client_List!$B:$B,0)),"")) -> CANOLA OIL | F845: =IF(B845="","",IFERROR(INDEX(Client_List!$J:$J,MATCH(B845,Client_List!$B:$B,0)),"")) -> 950 | G845: 639 | H845: =IF(B845="","",IFERROR(A845-LOOKUP(2,1/($B$4:$B844=B845),$A$4:$A844),"")) -> 8 | I845: =IF(B845="","",IFERROR(G845/H845,"")) -> 79.875 | J845: 10178 | K845: =IF(B845="","",IFERROR(AVERAGEIFS($I$4:$I845,$B$4:$B845,B845,$I$4:$I845,">"&0),"")) -> 87.440476 | L845: =IF(B845="","",IF(ISNA(MATCH(B845,Client_List!$B:$B,0)),"⚠ NOT FOUND","✓")) -> ✓
A846: 46093 | B846: OREM - 15023 - OREGANO MESA | C846: =IF(B846="","",IFERROR(INDEX(Client_List!$C:$C,MATCH(B846,Client_List!$B:$B,0)),"")) -> 4 | D846: =IF(B846="","",IFERROR(INDEX(Client_List!$D:$D,MATCH(B846,Client_List!$B:$B,0)),"")) -> 4E | E846: =IF(B846="","",IFERROR(INDEX(Client_List!$K:$K,MATCH(B846,Client_List!$B:$B,0)),"")) -> CANOLA OIL | F846: =IF(B846="","",IFERROR(INDEX(Client_List!$J:$J,MATCH(B846,Client_List!$B:$B,0)),"")) -> 630 | G846: 332 | H846: =IF(B846="","",IFERROR(A846-LOOKUP(2,1/($B$4:$B845=B846),$A$4:$A845),"")) -> 15 | I846: =IF(B846="","",IFERROR(G846/H846,"")) -> 22.133333 | J846: 10166 | K846: =IF(B846="","",IFERROR(AVERAGEIFS($I$4:$I846,$B$4:$B846,B846,$I$4:$I846,">"&0),"")) -> 22.211111 | L846: =IF(B846="","",IF(ISNA(MATCH(B846,Client_List!$B:$B,0)),"⚠ NOT FOUND","✓")) -> ✓
A847: 46093 | B847: PAL - 16052 - THE PALACE SALOON | C847: =IF(B847="","",IFERROR(INDEX(Client_List!$C:$C,MATCH(B847,Client_List!$B:$B,0)),"")) -> 0 | D847: =IF(B847="","",IFERROR(INDEX(Client_List!$D:$D,MATCH(B847,Client_List!$B:$B,0)),"")) -> P | E847: =IF(B847="","",IFERROR(INDEX(Client_List!$K:$K,MATCH(B847,Client_List!$B:$B,0)),"")) -> CANOLA OIL | F847: =IF(B847="","",IFERROR(INDEX(Client_List!$J:$J,MATCH(B847,Client_List!$B:$B,0)),"")) -> 1800 | G847: 1096 | H847: =IF(B847="","",IFERROR(A847-LOOKUP(2,1/($B$4:$B846=B847),$A$4:$A846),"")) -> 28 | I847: =IF(B847="","",IFERROR(G847/H847,"")) -> 39.142857 | J847: 10191 | K847: =IF(B847="","",IFERROR(AVERAGEIFS($I$4:$I847,$B$4:$B847,B847,$I$4:$I847,">"&0),"")) -> 37.446429 | L847: =IF(B847="","",IF(ISNA(MATCH(B847,Client_List!$B:$B,0)),"⚠ NOT FOUND","✓")) -> ✓
A848: 46093 | B848: PIRL - 16018 - PIRATES MESA | C848: =IF(B848="","",IFERROR(INDEX(Client_List!$C:$C,MATCH(B848,Client_List!$B:$B,0)),"")) -> 5 | D848: =IF(B848="","",IFERROR(INDEX(Client_List!$D:$D,MATCH(B848,Client_List!$B:$B,0)),"")) -> 5E | E848: =IF(B848="","",IFERROR(INDEX(Client_List!$K:$K,MATCH(B848,Client_List!$B:$B,0)),"")) -> FRYERS CHOICE BLEND | F848: =IF(B848="","",IFERROR(INDEX(Client_List!$J:$J,MATCH(B848,Client_List!$B:$B,0)),"")) -> 950 | G848: 932 | H848: =IF(B848="","",IFERROR(A848-LOOKUP(2,1/($B$4:$B847=B848),$A$4:$A847),"")) -> 23 | I848: =IF(B848="","",IFERROR(G848/H848,"")) -> 40.521739 | J848: 10225 | K848: =IF(B848="","",IFERROR(AVERAGEIFS($I$4:$I848,$B$4:$B848,B848,$I$4:$I848,">"&0),"")) -> 35.303543 | L848: =IF(B848="","",IF(ISNA(MATCH(B848,Client_List!$B:$B,0)),"⚠ NOT FOUND","✓")) -> ✓
A849: 46093 | B849: REDB - 18003 - RED DEVIL BELL | C849: =IF(B849="","",IFERROR(INDEX(Client_List!$C:$C,MATCH(B849,Client_List!$B:$B,0)),"")) -> 3 | D849: =IF(B849="","",IFERROR(INDEX(Client_List!$D:$D,MATCH(B849,Client_List!$B:$B,0)),"")) -> 3C | E849: =IF(B849="","",IFERROR(INDEX(Client_List!$K:$K,MATCH(B849,Client_List!$B:$B,0)),"")) -> FRYERS CHOICE BLEND | F849: =IF(B849="","",IFERROR(INDEX(Client_List!$J:$J,MATCH(B849,Client_List!$B:$B,0)),"")) -> 450 | G849: 308 | H849: =IF(B849="","",IFERROR(A849-LOOKUP(2,1/($B$4:$B848=B849),$A$4:$A848),"")) -> 8 | I849: =IF(B849="","",IFERROR(G849/H849,"")) -> 38.5 | J849: 10157 | K849: =IF(B849="","",IFERROR(AVERAGEIFS($I$4:$I849,$B$4:$B849,B849,$I$4:$I849,">"&0),"")) -> 42.73125 | L849: =IF(B849="","",IF(ISNA(MATCH(B849,Client_List!$B:$B,0)),"⚠ NOT FOUND","✓")) -> ✓
A850: 46093 | B850: REDM - 18001 - RED DEVIL MCDOWELL | C850: =IF(B850="","",IFERROR(INDEX(Client_List!$C:$C,MATCH(B850,Client_List!$B:$B,0)),"")) -> 3 | D850: =IF(B850="","",IFERROR(INDEX(Client_List!$D:$D,MATCH(B850,Client_List!$B:$B,0)),"")) -> 3D | E850: =IF(B850="","",IFERROR(INDEX(Client_List!$K:$K,MATCH(B850,Client_List!$B:$B,0)),"")) -> FRYERS CHOICE BLEND | F850: =IF(B850="","",IFERROR(INDEX(Client_List!$J:$J,MATCH(B850,Client_List!$B:$B,0)),"")) -> 950 | G850: 598 | H850: =IF(B850="","",IFERROR(A850-LOOKUP(2,1/($B$4:$B849=B850),$A$4:$A849),"")) -> 8 | I850: =IF(B850="","",IFERROR(G850/H850,"")) -> 74.75 | J850: 10188 | K850: =IF(B850="","",IFERROR(AVERAGEIFS($I$4:$I850,$B$4:$B850,B850,$I$4:$I850,">"&0),"")) -> 87.496925 | L850: =IF(B850="","",IF(ISNA(MATCH(B850,Client_List!$B:$B,0)),"⚠ NOT FOUND","✓")) -> ✓
A851: 46093 | B851: TAI - 20089 - TAILGATERS PRESCOTT | C851: =IF(B851="","",IFERROR(INDEX(Client_List!$C:$C,MATCH(B851,Client_List!$B:$B,0)),"")) -> 0 | D851: =IF(B851="","",IFERROR(INDEX(Client_List!$D:$D,MATCH(B851,Client_List!$B:$B,0)),"")) -> P | E851: =IF(B851="","",IFERROR(INDEX(Client_List!$K:$K,MATCH(B851,Client_List!$B:$B,0)),"")) -> CANOLA OIL | F851: =IF(B851="","",IFERROR(INDEX(Client_List!$J:$J,MATCH(B851,Client_List!$B:$B,0)),"")) -> 1050 | G851: 1071 | H851: =IF(B851="","",IFERROR(A851-LOOKUP(2,1/($B$4:$B850=B851),$A$4:$A850),"")) -> 28 | I851: =IF(B851="","",IFERROR(G851/H851,"")) -> 38.25 | J851: 10179 | K851: =IF(B851="","",IFERROR(AVERAGEIFS($I$4:$I851,$B$4:$B851,B851,$I$4:$I851,">"&0),"")) -> 38.160714 | L851: =IF(B851="","",IF(ISNA(MATCH(B851,Client_List!$B:$B,0)),"⚠ NOT FOUND","✓")) -> ✓
A852: 46093 | B852: TAI - 20098 - IL PRIMO BELL CAVE CREEK | C852: =IF(B852="","",IFERROR(INDEX(Client_List!$C:$C,MATCH(B852,Client_List!$B:$B,0)),"")) -> 4 | D852: =IF(B852="","",IFERROR(INDEX(Client_List!$D:$D,MATCH(B852,Client_List!$B:$B,0)),"")) -> 4B | E852: =IF(B852="","",IFERROR(INDEX(Client_List!$K:$K,MATCH(B852,Client_List!$B:$B,0)),"")) -> CANOLA OIL | F852: =IF(B852="","",IFERROR(INDEX(Client_List!$J:$J,MATCH(B852,Client_List!$B:$B,0)),"")) -> 1050 | G852: 842 | H852: =IF(B852="","",IFERROR(A852-LOOKUP(2,1/($B$4:$B851=B852),$A$4:$A851),"")) -> 16 | I852: =IF(B852="","",IFERROR(G852/H852,"")) -> 52.625 | J852: 10153 | K852: =IF(B852="","",IFERROR(AVERAGEIFS($I$4:$I852,$B$4:$B852,B852,$I$4:$I852,">"&0),"")) -> 152.63829 | L852: =IF(B852="","",IF(ISNA(MATCH(B852,Client_List!$B:$B,0)),"⚠ NOT FOUND","✓")) -> ✓
A853: 46094 | B853: BEL - 2038 - BELLE'S NASHVILLE KITCHEN | C853: =IF(B853="","",IFERROR(INDEX(Client_List!$C:$C,MATCH(B853,Client_List!$B:$B,0)),"")) -> 4 | D853: =IF(B853="","",IFERROR(INDEX(Client_List!$D:$D,MATCH(B853,Client_List!$B:$B,0)),"")) -> 4D | E853: =IF(B853="","",IFERROR(INDEX(Client_List!$K:$K,MATCH(B853,Client_List!$B:$B,0)),"")) -> CANOLA OIL | F853: =IF(B853="","",IFERROR(INDEX(Client_List!$J:$J,MATCH(B853,Client_List!$B:$B,0)),"")) -> 620 | G853: 337 | H853: =IF(B853="","",IFERROR(A853-LOOKUP(2,1/($B$4:$B852=B853),$A$4:$A852),"")) -> 7 | I853: =IF(B853="","",IFERROR(G853/H853,"")) -> 48.142857 | J853: 10211 | K853: =IF(B853="","",IFERROR(AVERAGEIFS($I$4:$I853,$B$4:$B853,B853,$I$4:$I853,">"&0),"")) -> 54.136647 | L853: =IF(B853="","",IF(ISNA(MATCH(B853,Client_List!$B:$B,0)),"⚠ NOT FOUND","✓")) -> ✓
...

Sheet Client_List
A1: S&K CLIENT LIST — Edit Address, Lat, Lon, Tank Size and Product here
A2: YELLOW columns = edit freely. Changes here flow automatically into Optimizer_Input via VLOOKUP. Customer name in col B must match Delivery_Log exactly.
A3: ID | B3: Customer Name | C3: Zone | D3: Zone Code | E3: Street Address | F3: City | G3: State | H3: Latitude | I3: Longitude | J3: Tank Size (lbs) | K3: Product
A4: C001 | B4: 51ST - 0001 - 51ST AVE CAFE | C4: 2 | D4: 2D | E4: 5511 N 51St Ave | F4: Glendale | G4: AZ | H4: 33.517199 | I4: -112.16811 | J4: 350 | K4: FRYERS CHOICE BLEND | N4: 254-237-3350
A5: C002 | B5: AJO ALS 1018 | C5: 2 | D5: 2C | E5: 7458 W Bell Rd | F5: Glendale | G5: AZ | H5: 33.639017 | I5: -112.21978 | J5: 950 | K5: CANOLA OIL | N5: 623-334-9899
A6: C003 | B6: ALL - 1063 - ALL AMERICAN MODERN SPORTS GRILL | C6: 4 | D6: 4C | E6: 20751 N PIMA RD #105 | F6: Scottsdale | G6: AZ | H6: 33.674519 | I6: -111.88803 | J6: 900 | K6: CANOLA OIL | N6: (480) 887-0652
A7: C004 | B7: AME - 1073 - AMELIO C ENTERPRISES, INC (CACTUS CANDY) | C7: 4 | D7: 4C | E7: 2656 N 37TH DR | F7: PHOENIX | G7: AZ | H7: 33.478277 | I7: -112.14051 | J7: 2000 | K7: CANOLA OIL | N7: (602) 956-4833
A8: C005 | B8: ANG - 1054 - ANGRY CRAB SURPRISE | C8: 1 | D8: 1C | E8: 11340 W BELL RD SUITE 118 | F8: SURPRISE | G8: AZ | H8: 33.639939 | I8: -112.30419 | J8: 620 | K8: FRYERS CHOICE BLEND | N8: (623) 248-9190
A9: C007 | B9: ARR79 - 1000 - ARRIBAS 79TH AVE. | C9: 2 | D9: 2C | E9: 17211 N 79Th Ave | F9: Glendale | G9: AZ | H9: 33.640214 | I9: -112.22941 | J9: 950 | K9: CANOLA OIL | N9: 623-878-5777
A10: C008 | B10: ARRC - 1001 - ARRIBAS CAMELBACK | C10: 3 | D10: 3D | E10: 1812 E Camelback Rd | F10: Phoenix | G10: AZ | H10: 33.50958 | I10: -112.04259 | J10: 700 | K10: CANOLA OIL | N10: 480-948-9969
A11: C009 | B11: ARRC - 1011 - ARRIBAS CHANDLER | C11: 4 | D11: 4F | E11: 4649 E Chandler Blvd | F11: Phoenix | G11: AZ | H11: 33.304826 | I11: -111.98161 | J11: 1000 | K11: CANOLA OIL | N11: 623-878-5777
A12: C010 | B12: ARRC - 1014 - ARRIBA GILBERT | C12: 5 | D12: 5F | E12: 2855 S Market St, Gilbert, AZ 85295 | F12: Gilbert | G12: AZ | H12: 33.29809 | I12: -111.74427 | J12: 900 | K12: CANOLA OIL | N12: 480-899-7337
A13: C011 | B13: ARRM - 1013 - ARRIBAS GOODYEAR | C13: 1 | D13: 1D | E13: 15370 W McDowell Rd | F13: Goodyear | G13: AZ | H13: 33.46499 | I13: -112.3899 | J13: 900 | K13: CANOLA OIL | N13: 623-223-1735
A14: C012 | B14: ATL - 1081 - ATL WINGS ROOSEVELT | C14: 3 | D14: 3D | E14: 330 E ROOSEVELT RD | F14: PHOENIX | G14: AZ | H14: 33.458941 | I14: -112.06855 | J14: 350 | K14: CANOLA OIL | N14: (602) 741-9554
A15: C013 | B15: ATL - 1083 - ATL WINGS MESA | C15: 5 | D15: 5D | E15: 6837 E MAIN ST | F15: Mesa | G15: AZ | H15: 33.415147 | I15: -111.68318 | J15: 425 | K15: CANOLA OIL | N15: (480) 722-9464
... A26: C024 | B26: BUR - 4038 - BURGERS & BREWS GLENDALE | C26: 2 | D26: 2C | E26: 6670 W CACTUS RD | F26: GLENDALE | G26: AZ | H26: 33.597456 | I26: -112.20202 | J26: 1050 | K26: CANOLA OIL | N26: (623) 776-2266
A27: C025 | B27: CAR - 3063 - CARDINAL STADIUM | C27: 2 | D27: 2D | E27: 1 CARDINAL DR | F27: GLENDALE | G27: ARIZONA | H27: 33.526233 | I27: -112.26611 | J27: 2500 | K27: CANOLA OIL
A28: C026 | B28: CAS - 3069 - CASA DE FALAFEL | C28: 2 | D28: 2C | E28: 4920 W Thunderbird Rd | F28: Glendale | G28: AZ | H28: 33.611633 | I28: -112.16541 | J28: 1000 | K28: CANOLA OIL | N28: (480) 689-0514
A29: C028 | B29: CRA - 3021 - JC FOOD TRADING/GLEN | C29: 2 | D29: 2C | E29: CRAZY MIKES CHICKEN | F29: Glendale | G29: AZ | H29: 33.639787 | I29: -112.17386 | J29: 450 | K29: CANOLA OIL | N29: 623-463-6881
A30: C029 | B30: CRA - 3046 - JC FOOD TRADING /GOODYEAR | C30: 2 | D30: 2C | E30: CRAZY MIKE'S GOODYEAR | F30: Goodyear | G30: AZ | H30: 33.483996 | I30: -112.36512 | J30: 1000 | K30: CANOLA OIL | N30: 213-700-4092
A31: C030 | B31: CRA - 3065 - CRAFTED CUISINE | C31: 4 | D31: 4D | E31: 6736 E Avalon Dr | F31: Scottsdale | G31: AZ | H31: 33.483076 | I31: -111.93581 | J31: 350 | K31: CANOLA OIL | N31: (210) 529-1900
A32: C031 | B32: CRO - 3064 - CROWNE PLAZA RESORT | C32: 4 | D32: 4F | E32: One N San Marcos Pl | F32: Chandler | G32: Arizona | H32: 33.320637 | I32: -111.84377 | J32: 700 | K32: CANOLA OIL | N32: (480) 812-0900
A33: C032 | B33: DAI - 4015A - DAIRY QUEEN BELL | C33: 3 | D33: 3C | E33: 3550 E BELL ROAD | F33: PHOENIX | G33: AZ | H33: 33.641001 | I33: -112.00519 | J33: 500 | K33: CANOLA OIL | N33: 602-788-0261 (JACIE M
A34: C033 | B34: DAR - 4026 - DARUMA BY RIE | C34: 4 | D34: 4E | E34: 1116 E DOBSON RD | F34: MESA | G34: AZ | H34: 33.39476 | I34: -111.87536 | J34: 350 | K34: CANOLA OIL | N34: (480) 590-7979
A35: C034 | B35: DAR 4037 - DARUMA RAMEN AND BOWL | C35: 4 | D35: 4E | E35: 2650 E UNIVERSITY DR | F35: MESA | G35: AZ | H35: 33.423457 | I35: -111.7736 | J35: 350 | K35: CANOLA OIL | N35: (562) 760-8262
A36: C035 | B36: DIL - 4009 - DILLONS BBQ | C36: 1 | D36: 1D | E36: 16335 W Northern Ave | F36: Litchfield Pk | G36: AZ | H36: 33.549985 | I36: -112.41071 | J36: 1050 | K36: FRYERS CHOICE BLEND | N36: 623-535-4249
A37: C036 | B37: DIL - 4025 - DILLON WESTERN TRAILS | C37: 1 | D37: 1B | E37: 37838 W GRAND AVE | F37: MORISTOWN | G37: AZ | H37: 33.82904 | I37: -112.59487 | J37: 1050 | K37: FRYERS CHOICE BLEND | N37: 623-521-0367
A38: C037 | B38: DIL- 4014 - DILLONS BAYOU | C38: 2 | D38: 2A | E38: 40202 N 87Th Ave | F38: Peoria | G38: AZ | H38: 33.852793 | I38: -112.24698 | J38: 450 | K38: FRYERS CHOICE BLEND | N38: 623-498-5427
A39: C038 | B39: DIL59 - 4010 - DILLONS 59TH AVE | C39: 2 | D39: 2A | E39: 20585 N 59Th Ave | F39: Glendale | G39: AZ | H39: 33.67218 | I39: -112.18631 | J39: 500 | K39: FRYERS CHOICE BLEND | N39: 623-979-5353
A40: C039 | B40: DIR - 4027 - DIRTWATER | C40: 5 | D40: 5E | E40: 586 W APACHE | F40: APACHE JUNCTION | G40: AZ | H40: 33.415492 | I40: -111.55237 | J40: 900 | K40: FRYERS CHOICE BLEND | N40: 480-983-3478
A41: C040 | B41: DUR - 4029 - DURVILL FOODS | C41: 4 | D41: 4E | E41: DURVILL FOODS | F41: Phoenix | G41: AZ | H41: 33.406637 | I41: -112.01103 | J41: 2500 | K41: CANOLA OIL
A42: C041 | B42: ECH - 5006 - ECHO 5 SPORTS BAR | C42: 5 | D42: 5D | E42: ECHO 5 SPORTS BAR | F42: Mesa | G42: AZ | H42: 33.468258 | I42: -111.68292 | J42: 450 | K42: FRYERS CHOICE BLEND | N42: 602-391-7707
A43: C042 | B43: ELT - 5004 - EL TACO TOTE | C43: 3 | D43: 3D | E43: 3464 W Camelback Rd | F43: Phoenix | G43: AZ | H43: 33.509715 | I43: -112.13384 | J43: 500 | K43: CANOLA OIL | N43: 602-866-8683
A44: C043 | B44: ENR - 5018 - ENROUTE COFFEE AND TEA | C44: 1 | D44: 1D | E44: 15605 W ROOSEVELT ST | F44: GOODYEAR | G44: AZ | H44: 33.456415 | I44: -112.39449 | J44: 350 | K44: CANOLA OIL | N44: (253) 359-7081
A45: C044 | B45: FAT - 6101 - FATE BREWERY | C45: 4 | D45: 4D | E45: 1312 N SCOTTSDALE RD | F45: SCOTTSDALE | G45: AZ | H45: 33.462701 | I45: -111.92684 | J45: 700 | K45: CANOLA OIL | N45: 480-656-9100
A46: C045 | B46: FAT - 6109 - FATE BREWING TEMPE | C46: 4 | D46: 4E | E46: 201 E SOUTHERN AVE | F46: TEMPE | G46: AZ | H46: 33.392382 | I46: -111.93649 | J46: 700 | K46: CANOLA OIL
A47: C046 | B47: FOU - 6077 - FOUR PEAKS BREWING | C47: 4 | D47: 4E | E47: 1340 E 8Th St | F47: Tempe | G47: AZ | H47: 33.41968 | I47: -111.91592 | J47: 2500 | K47: FRYERS CHOICE BLEND | N47: 480-303-9967
A48: C047 | B48: FUN - 12047 - FUNKY FRIDAS | C48: 3 | D48: 3C | E48: 4910 E Indian School Rd | F48: Phoenix | G48: AZ | H48: 33.494903 | I48: -111.97541 | J48: 630 | K48: CANOLA OIL | N48: (602) 955-0358
A49: C048 | B49: GAR - 7001 - GARCIAS MEXICAN RESTAURANT | C49: 3 | D49: 3D | E49: 2212 N 35Th Ave | F49: Phoenix | G49: AZ | H49: 33.471653 | I49: -112.13482 | J49: 1850 | K49: CANOLA OIL | N49: 602-272-5584
A50: C049 | B50: GIL - 7002 - GILBERT PIZZA | C50: 5 | D50: 5F | E50: GILBERT PIZZA | F50: Gilbert | G50: AZ | H50: 33.328977 | I50: -111.79051 | J50: 480 | K50: FRYERS CHOICE BLEND | N50: 999-999-9999
A51: C050 | B51: GLE - 7053 - GLENROSA | C51: 4 | D51: 4E | E51: 1415 N Mill Ave | F51: Tempe | G51: AZ | H51: 33.444866 | I51: -111.94796 | J51: 350 | K51: CANOLA OIL | N51: (480) 530-9880
A52: C051 | B52: GOL - 7052 - GOLD CANYON RESORT & SPA | C52: 5 | D52: 5E | E52: 6100 S Kings Ranch Road | F52: Gold Canyon | G52: AZ | H52: 33.361952 | I52: -111.4451 | J52: 350 | K52: CANOLA OIL | N52: (480) 671-5533
A53: C052 | B53: HAR - 8031 - HAROLDS | C53: 4 | D53: 4A | E53: 6895 E Cave Creek Rd | F53: Cave Creek | G53: AZ | H53: 33.830151 | I53: -111.93294 | J53: 1050 | K53: FRYERS CHOICE BLEND
A54: C053 | B54: HOR - 8034 - HORNY TOAD | C54: 4 | D54: 4A | E54: 6738 E Cave Creek Rd | F54: Cave Creek | G54: AZ | H54: 33.833297 | I54: -111.9353 | J54: 900 | K54: FRYERS CHOICE BLEND | N54: (480) 488-9542
A55: C054 | B55: HUN - 8005 - HUNGRY MONK | C55: 4 | D55: 4F | E55: 1760 W Chandler Blvd | F55: Chandler | G55: AZ | H55: 33.306642 | I55: -111.87282 | J55: 950 | K55: CANOLA OIL | N55: 480-963-8000 - Jimmy
A56: C055 | B56: JALS - 10001 - JALAPENOS INFERNO SCOTTS | C56: 4 | D56: 4B | E56: JALAPENO'S INFERNO BISTRO | F56: Scottsdale | G56: AZ | H56: 33.700678 | I56: -111.92342 | J56: 950 | K56: FRYERS CHOICE BLEND | N56: 480-585-6442
A57: C056 | B57: JIC - 10011 - JICKY JACKS | C57: 4 | D57: 4B | E57: 9611 W CAMELBACK, STE 101 | F57: PHOENIX | G57: AZ | H57: 33.507594 | I57: -112.26631 | J57: 620 | K57: FRYERS CHOICE BLEND
A58: C057 | B58: KAR - 11005 - KARMA SUSHI | C58: 4 | D58: 4B | E58: 6 E Route 66 | F58: Flagstaff | G58: AZ | H58: 35.19768 | I58: -111.64881 | J58: 950 | K58: CANOLA OIL | N58: 928-774-6100
A59: C058 | B59: KAR - 11014 - KARIBU RESTAURANT | C59: 4 | D59: 4B | E59: 4935 W Glendale | F59: Glendale | G59: AZ | H59: 33.537963 | I59: -112.16595 | J59: 350 | K59: CANOLA OIL
A60: C059 | B60: KOD - 11013 - K O'DONNELS SPORTS BAR & GRILL | C60: 4 | D60: 4B | E60: 14850 N Northsight Blvd | F60: Scottsdale | G60: AZ | H60: 33.620237 | I60: -111.89816 | J60: 1050 | K60: CANOLA OIL | N60: (480) 241-1533
A61: C060 | B61: KRI - 11016 - KRISPY KRUNCHY CHICKEN | C61: 4 | D61: 4C | E61: 3501 WEST PEORIA AVE | F61: PHOENIX | G61: AZ | H61: 33.581676 | I61: -112.13455 | J61: 350 | K61: CANOLA OIL | N61: (602) 621-7062
A62: C061 | B62: LA - 12053 - LA FIESTA CARNICERIA | C62: 4 | D62: 4C | E62: 7707 W MC 85 | F62: Buckeye | G62: Arizona | H62: 33.376237 | I62: -112.57168 | J62: 1050 | K62: FRYERS CHOICE BLEND | N62: (623) 474-0088
A63: C062 | B63: LIB - 2010 - LIBERTY TAVERN | C63: 3 | D63: 3E | E63: LIBERTY TAVERN | F63: Phoenix | G63: AZ | H63: 33.583028 | I63: -112.05167 | J63: 500 | K63: CANOLA OIL
A64: C063 | B64: LIT - 12055 - LITTLE O'S CENTRAL | C64: 3 | D64: 3E | E64: 8525 N CENTRAL AVE | F64: PHOENIX | G64: ARIZONA | H64: 33.56126 | I64: -112.07367 | J64: 1050 | K64: CANOLA OIL | N64: DARRELL (602) 803-1875
A65: C064 | B65: LIV - 12048 - LIVING ROOM SCOTTSDALE | C65: 4 | D65: 4B | E65: 20751 N Pima Rd | F65: Scottsdale | G65: AZ | H65: 33.67552 | I65: -111.88833 | J65: 1050 | K65: CANOLA OIL | N65: (480) 404-7465
A66: C065 | B66: LOC - 12025 - LOCO PATRON | C66: 4 | D66: 4B | E66: 14950 N NORTHSIGHT BLVD | F66: SCOTTSDALE | G66: AZ | H66: 33.621628 | I66: -111.89778 | J66: 620 | K66: FRYERS CHOICE BLEND | N66: 480-699-7271
A67: C066 | B67: LON - 12050 - LONG WONG 35TH | C67: 3 | D67: 3E | E67: 6260 S 35TH AVE | F67: PHOENIX | G67: AZ | H67: 33.38939 | I67: -112.13427 | J67: 1050 | K67: CANOLA OIL | N67: (602) 268-3350
A68: C067 | B68: LON - 12051 - LONG WONG LOWER BUCKEYE | C68: 2 | D68: 2E | E68: 7625 W LOWER BUCKEYE RD | F68: PHOENIX | G68: AZ | H68: 33.420729 | I68: -112.22423 | J68: 1050 | K68: CANOLA OIL | N68: (623) 248-4165
A69: C068 | B69: LON75 - 12009 - LONG WONG 75/THOMAS | C69: 2 | D69: 2D | E69: 7415 W Thomas Rd | F69: Phoenix | G69: AZ | H69: 33.479681 | I69: -112.21933 | J69: 700 | K69: CANOLA OIL | N69: 623-247-5310
A70: C069 | B70: MAN - 13057 - MANUEL CHANDLER | C70: 4 | D70: 4F | E70: 4210 S Arizona Ave | F70: Chandler | G70: AZ | H70: 33.245573 | I70: -111.8426 | J70: 950 | K70: CANOLA OIL
A71: C070 | B71: MAN - 13069 - MANUEL SHEA | C71: 3 | D71: 3C | E71: 3131 E Shea Blvd | F71: Phoenix | G71: AZ | H71: 33.582157 | I71: -112.01404 | J71: 900 | K71: CANOLA OIL
A72: C071 | B72: MAN1 - 13012 - MANUEL MCDOWELL | C72: 1 | D72: 1D | E72: MANUEL MCDOWELL | F72: Goodyear | G72: AZ | H72: 33.463092 | I72: -112.34566 | J72: 950 | K72: CANOLA OIL | N72: 623-435-3793
A73: C072 | B73: MAN3 - 13011 - MANUEL INDIAN SCHOOL | C73: 3 | D73: 3D | E73: 2820 E Indian School Rd | F73: Phoenix | G73: AZ | H73: 33.495319 | I73: -112.02076 | J73: 1000 | K73: CANOLA OIL | N73: 602-957-7540
A74: C073 | B74: MAN6 - 13009 - MANUEL BELL | C74: 3 | D74: 3C | E74: MANUEL BELL | F74: PHOENIX | G74: AZ | H74: 33.639774 | I74: -112.08774 | J74: 1050 | K74: CANOLA OIL | N74: 602-993-8778
A75: C074 | B75: MAN7 - 13015 - MANUEL SOUTHERN | C75: 4 | D75: 4E | E75: 2350 E Southern Ave | F75: Tempe | G75: AZ | H75: 33.393508 | I75: -111.88826 | J75: 950 | K75: CANOLA OIL | N75: 480-345-1961 Ext. 1
A76: C075 | B76: MAN9 - 13014 - MANUEL SCOTTSDALE | C76: 4 | D76: 4C | E76: 8809 E Mountain View Rd | F76: Scottsdale | G76: AZ | H76: 33.575034 | I76: -111.88825 | J76: 900 | K76: CANOLA OIL | N76: 480-661-1587
A77: C076 | B77: MANP - 13013 - MANUEL PEORIA | C77: 2 | D77: 2C | E77: MANUEL PEORIA | F77: GLENDALE | G77: AZ | H77: 33.5823 | I77: -112.18071 | J77: 1050 | K77: CANOLA OIL | N77: 623-979-3500
A78: C077 | B78: MAS - 13086 - MASON'S FAMOUS LOBSTER ROLLS | C78: 4 | D78: 4C | E78: 15257 N Scottsdale Rd | F78: Scottsdale | G78: AZ | H78: 33.624666 | I78: -111.92412 | J78: 350 | K78: CANOLA OIL | N78: (646) 431-1315
A79: C078 | B79: MTV - 13061 - MOUNTAIN VIEW PUB | C79: 4 | D79: 4A | E79: 7033 E Cave Creek Rd | F79: Cave Creek | G79: AZ | H79: 33.829157 | I79: -111.92917 | J79: 620 | K79: FRYERS CHOICE BLEND | N79: (480) 575-7782
A80: C079 | B80: MVP - 2021 - MVP SPORTS BAR & GRILL | C80: 4 | D80: 4F | E80: 980 E PECOS RD SUITE 5 | F80: CHANDLER | G80: AZ | H80: 33.293138 | I80: -111.82496 | J80: 620 | K80: FRYERS CHOICE BLEND
A81: C080 | B81: NEW - 14009 - NEW PENNY CAFE | C81: 1 | D81: 1E | E81: 735 N 114TH AVE | F81: AVONDALE | G81: AZ | H81: 33.453456 | I81: -112.30495 | J81: 1050 | K81: CANOLA OIL | N81: (623) 258-2546
A82: C081 | B82: NOU - 14008 - NOURISH KITCHEN | C82: 4 | D82: 4E | E82: 140 S. LINDON LN | F82: TEMPE | G82: AZ | H82: 33.428746 | I82: -111.96506 | J82: 2000 | K82: CANOLA OIL | N82: (480) 912-5143
A83: C082 | B83: OHS - 15000 - OHSO INDIAN SCHOOL | C83: 4 | D83: 4D | E83: 4900 E Indian School Rd | F83: Phoenix | G83: AZ | H83: 33.495008 | I83: -111.97586 | J83: 1050 | K83: CANOLA OIL | N83: 602-955-0358
A84: C083 | B84: OHS - 15035 - OHSO GILBERT | C84: 5 | D84: 5E | E84: OHSO GILBERT | F84: Gilbert | G84: AZ | H84: 33.356211 | I84: -111.78939 | J84: 1800 | K84: CANOLA OIL | N84: (602) 738-9894
A85: C084 | B85: OHSH - 15001 - OHSO SCOTTSDALE | C85: 4 | D85: 4C | E85: 15681 N Hayden Rd Ste 112 | F85: Scottsdale | G85: AZ | H85: 33.627866 | I85: -111.89344 | J85: 1050 | K85: CANOLA OIL | N85: 480-948-3159
A86: C085 | B86: OHST - 15007 - OHSO TATUM | C86: 4 | D86: 4C | E86: 10810 N Tatum Blvd Ste 126 | F86: Phoenix | G86: AZ | H86: 33.584163 | I86: -111.97955 | J86: 1050 | K86: UNKNOWN
A87: C086 | B87: ORE - 15041 - OREGANO PIMA | C87: 4 | D87: 4C | E87: OREGANO | F87: SCOTTSDALE | G87: AZ | H87: 33.627168 | I87: -111.89154 | J87: 630 | K87: CANOLA OIL | N87: 999-999-9999
A88: C087 | B88: OREB - 15003 - OREGANO BELL | C88: 2 | D88: 2C | E88: 6738 W Bell Rd | F88: Glendale | G88: AZ | H88: 33.638779 | I88: -112.2042 | J88: 1050 | K88: CANOLA OIL | N88: 623-223-1150
A89: C088 | B89: OREB - 15016 - OREGANO SURPRISE | C89: 1 | D89: 1C | E89: 16914 W Bell Rd | F89: Surprise | G89: AZ | H89: 33.639403 | I89: -112.42307 | J89: 630 | K89: CANOLA OIL | N89: 999-999-9999
A90: C089 | B90: OREC - 15020 - OREGANO CAMELBACK | C90: 3 | D90: 3D | E90: 1008 E Camelback Rd | F90: Phoenix | G90: AZ | H90: 33.509489 | I90: -112.06025 | J90: 450 | K90: CANOLA OIL | N90: 602-241-0707
A91: C090 | B91: OREC - 15026 - OREGANO PARADISE VALLEY | C91: 4 | D91: 4C | E91: 4602 E Cactus Rd | F91: Phoenix | G91: AZ | H91: 33.59967 | I91: -111.98231 | J91: 630 | K91: CANOLA OIL | N91: 602-482-0054
A92: C091 | B92: ORECC - 15002 - OREGANO CAVE CREEK | C92: 4 | D92: 4A | E92: 37645 N Cave Creek Rd | F92: Cave Creek | G92: AZ | H92: 33.827916 | I92: -111.95469 | J92: 480 | K92: CANOLA OIL | N92: 480-889-0386
A93: C092 | B93: OREE - 15025 - OREGANO ELLIOT | C93: 4 | D93: 4E | E93: 1475 W Elliot Rd | F93: Tempe | G93: AZ | H93: 33.348653 | I93: -111.96262 | J93: 630 | K93: CANOLA OIL | N93: 480-966-0401
A94: C093 | B94: OREG - 15024 - OREGANO GILBERT | C94: 5 | D94: 5E | E94: 328 N Gilbert Rd | F94: Gilbert | G94: AZ | H94: 33.355856 | I94: -111.78996 | J94: 450 | K94: CANOLA OIL | N94: 480-882-9336
A95: C094 | B95: OREG - 15027 - OREGANO CHANDLER | C95: 4 | D95: 4F | E95: 1960 W Germann Rd Ste 5 Bldg G | F95: Chandler | G95: AZ | H95: 33.277746 | I95: -111.87567 | J95: 660 | K95: CANOLA OIL | N95: 480-265-4580
A96: C095 | B96: OREGANO CORP | C96: 4 | D96: 4C | G96: AZ | J96: 500 | K96: CANOLA OIL
A97: C096 | B97: OREM - 15005 - OREGANO GOODYEAR | C97: 1 | D97: 1D | E97: 15280 W Mcdowell Rd | F97: Goodyear | G97: AZ | H97: 33.46494 | I97: -112.38793 | J97: 660 | K97: CANOLA OIL | N97: 623-760-9588
A98: C097 | B98: OREM - 15009 - OREGANO QUEEN CREEK | C98: 5 | D98: 5F | E98: 20677 E Maya Rd | F98: Queen Creek | G98: AZ | H98: 33.253678 | I98: -111.63724 | J98: 500 | K98: CANOLA OIL | N98: 480-355-0750
A99: C098 | B99: OREM - 15023 - OREGANO MESA | C99: 4 | D99: 4E | E99: OREGANO MESA | F99: Mesa | G99: AZ | H99: 33.39394 | I99: -111.87508 | J99: 630 | K99: CANOLA OIL | N99: 480-962-0036
A100: C099 | B100: ORES - 15015 - OREGANO SUPERSTITION | C100: 5 | D100: 5E | E100: 6821 E Superstition Springs Blvd | F100: Mesa | G100: AZ | H100: 33.38322 | I100: -111.68381 | J100: 500 | K100: CANOLA OIL | N100: 999-999-9999
A101: C100 | B101: ORES - 15018 - OREGANO SCOTTSDALE | C101: 4 | D101: 4D | E101: 3102 N Scottsdale Rd | F101: Scottsdale | G101: AZ | H101: 33.483285 | I101: -111.92671 | J101: 660 | K101: CANOLA OIL | N101: 480-970-1860
A102: C101 | B102: ORI - 15051 - ORIGEN GILBERT LLC | C102: 5 | D102: 5F | E102: 2472 S Recker Rd | F102: Gilbert | G102: AZ | H102: 33.306137 | I102: -111.70471 | J102: 350 | K102: CANOLA OIL | N102: (480) 765-7873
A103: C102 | B103: PET44 - 16006 - PETES FISH 44TH ST | C103: 4 | D103: 4D | E103: PETE'S 44TH ST | F103: Phoenix | G103: AZ | H103: 33.495721 | I103: -111.98661 | J103: 950 | K103: FRYERS CHOICE BLEND | N103: 602-840-0630
A104: C103 | B104: PETA - 16007 - PETES FISH APACHE | C104: 4 | D104: 4E | E104: 1017 E Apache Blvd | F104: Tempe | G104: AZ | H104: 33.414431 | I104: -111.92373 | J104: 950 | K104: FRYERS CHOICE BLEND | N104: (602) 882-8145
A105: C104 | B105: PETB - 16004 - PETES FISH BUCKEYE | C105: 3 | D105: 3E | E105: PETE'S BUCKEYE | F105: Phoenix | G105: AZ | H105: 33.436498 | I105: -112.05844 | J105: 950 | K105: FRYERS CHOICE BLEND | N105: 602-252-9341
A106: C105 | B106: PETC - 16003 - PETES FISH CENTRAL | C106: 3 | D106: 3E | E106: PETE'S CENTRAL | F106: Phoenix | G106: AZ | H106: 33.410806 | I106: -112.07363 | J106: 950 | K106: FRYERS CHOICE BLEND | N106: 602-268-1828
A107: C106 | B107: PETG - 16008 - PETES FISH GLENDALE | C107: 2 | D107: 2D | E107: 5516 W Glendale Ave | F107: Glendale | G107: AZ | H107: 33.538759 | I107: -112.17839 | J107: 950 | K107: FRYERS CHOICE BLEND | N107: 623-937-6001
A108: C107 | B108: PETM - 16009 - PETES FISH MESA | C108: 4 | D108: 4E | E108: 22 S Mesa Dr | F108: Mesa | G108: AZ | H108: 33.414418 | I108: -111.82332 | J108: 1950 | K108: FRYERS CHOICE BLEND | N108: 480-962-7992
... A110: C109 | B110: PETVB - 16005 - PETES FISH 26TH | C110: 3 | D110: 3E | E110: PETE'S 26TH | F110: Phoenix | G110: AZ | H110: 33.451375 | I110: -112.11654 | J110: 950 | K110: FRYERS CHOICE BLEND | N110: 602-278-3351
A111: C110 | B111: PIRA - 16019 - PIRATES ARIZONA AVE | C111: 4 | D111: 4F | E111: 200 S Arizona Ave | F111: Chandler | G111: AZ | H111: 33.30045 | I111: -111.84174 | J111: 950 | K111: FRYERS CHOICE BLEND
...

Sheet Optimizer_Input
A1: S&K OIL SALES — OPTIMIZER INPUT (all calculations auto-update from Delivery_Log)
A2: Min Oil % | C2: Visit Window (days) | D2: 7 | E2: Shift Min | F2: 600 | G2: Svc Min/Stop | H2: 30
A3: ■ Red=Critical(≤2d) ■ Amber=Urgent(3–5d) ■ Green=Normal(6–7d) ■ Grey=Not needed │ Blue italic = live formula pulling from Delivery_Log │ Trend ▲INCREASING ▼DECREASING ●STABLE
A4: CLIENT & LOCATION | F4: TANK & CONSUMPTION | I4: LAST DELIVERY ← from log | K4: CALCULATED | O4: TREND | Q4: SCHEDULE
A5: ID | B5: Customer | C5: Zone | D5: Address | E5: Lat / Lon | F5: Tank (lbs) | G5: Avg Cons (lbs/day) | H5: Product | I5: Last Delivery | J5: Days Since | K5: Est. Current (lbs) | L5: Refill (lbs) | M5: Days Until Empty | N5: This Week? | O5: Trend | P5: # Deliveries | Q5: Priority | R5: Notes
A6: C001 | B6: 51ST - 0001 - 51ST AVE CAFE | C6: 2 | D6: =IFERROR(VLOOKUP(B6,Client_List!$B:$K,4,0)&", "&VLOOKUP(B6,Client_List!$B:$K,5,0)&" AZ","") -> 5511 N 51St Ave, Glendale AZ | E6: =IFERROR(VLOOKUP(B6,Client_List!$B:$K,7,0)&", "&VLOOKUP(B6,Client_List!$B:$K,8,0),"") -> 33.5171994, -112.1681115 | F6: =IFERROR(VLOOKUP(B6,Client_List!$B:$K,9,0),"") -> 350 | G6: =IFERROR(AVERAGEIFS(Delivery_Log!$I$4:$I$5000,Delivery_Log!$B$4:$B$5000,B6,Delivery_Log!$I$4:$I$5000,">"&0),"") -> 6.8965517 | H6: =IFERROR(VLOOKUP(B6,Client_List!$B:$K,10,0),"") -> FRYERS CHOICE BLEND | I6: =IFERROR(_xlfn.MAXIFS(Delivery_Log!$A$4:$A$5000,Delivery_Log!$B$4:$B$5000,B6),"—") -> 46084 | J6: =IFERROR(IF(I6="—","",TODAY()-I6),"") -> 45 | K6: =IFERROR(IF(OR(J6="",G6=""),"",MAX(F6*0.03,F6-J6*G6)),"") -> 39.655172 | L6: =IFERROR(IF(K6="","",F6-K6),"") -> 310.34483 | M6: =IFERROR(IF(OR(K6="",G6=""),"",MIN(21,MAX(0,(K6-F6*$B$2)/G6))),"") -> 5.75 | N6: =IFERROR(IF(M6="","—",IF(M6<=$D$2,"YES","—")),"—") -> YES | O6: insufficient data | P6: 2
A7: C002 | B7: AJO ALS 1018 | C7: 2 | D7: =IFERROR(VLOOKUP(B7,Client_List!$B:$K,4,0)&", "&VLOOKUP(B7,Client_List!$B:$K,5,0)&" AZ","") -> 7458 W Bell Rd, Glendale AZ | E7: =IFERROR(VLOOKUP(B7,Client_List!$B:$K,7,0)&", "&VLOOKUP(B7,Client_List!$B:$K,8,0),"") -> 33.6390173, -112.2197838 | F7: =IFERROR(VLOOKUP(B7,Client_List!$B:$K,9,0),"") -> 950 | G7: =IFERROR(AVERAGEIFS(Delivery_Log!$I$4:$I$5000,Delivery_Log!$B$4:$B$5000,B7,Delivery_Log!$I$4:$I$5000,">"&0),"") -> 77.324204 | H7: =IFERROR(VLOOKUP(B7,Client_List!$B:$K,10,0),"") -> CANOLA OIL | I7: =IFERROR(_xlfn.MAXIFS(Delivery_Log!$A$4:$A$5000,Delivery_Log!$B$4:$B$5000,B7),"—") -> 46119 | J7: =IFERROR(IF(I7="—","",TODAY()-I7),"") -> 10 | K7: =IFERROR(IF(OR(J7="",G7=""),"",MAX(F7*0.03,F7-J7*G7)),"") -> 176.75796 | L7: =IFERROR(IF(K7="","",F7-K7),"") -> 773.24204 | M7: =IFERROR(IF(OR(K7="",G7=""),"",MIN(21,MAX(0,(K7-F7*$B$2)/G7))),"") -> 2.2859332 | N7: =IFERROR(IF(M7="","—",IF(M7<=$D$2,"YES","—")),"—") -> YES | O7: STABLE | P7: 9
A8: C003 | B8: ALL - 1063 - ALL AMERICAN MODERN SPORTS GRILL | C8: 4 | D8: =IFERROR(VLOOKUP(B8,Client_List!$B:$K,4,0)&", "&VLOOKUP(B8,Client_List!$B:$K,5,0)&" AZ","") -> 20751 N PIMA RD #105, Scottsdale AZ | E8: =IFERROR(VLOOKUP(B8,Client_List!$B:$K,7,0)&", "&VLOOKUP(B8,Client_List!$B:$K,8,0),"") -> 33.674519, -111.8880329 | F8: =IFERROR(VLOOKUP(B8,Client_List!$B:$K,9,0),"") -> 900 | G8: =IFERROR(AVERAGEIFS(Delivery_Log!$I$4:$I$5000,Delivery_Log!$B$4:$B$5000,B8,Delivery_Log!$I$4:$I$5000,">"&0),"") -> 50.074835 | H8: =IFERROR(VLOOKUP(B8,Client_List!$B:$K,10,0),"") -> CANOLA OIL | I8: =IFERROR(_xlfn.MAXIFS(Delivery_Log!$A$4:$A$5000,Delivery_Log!$B$4:$B$5000,B8),"—") -> 46112 | J8: =IFERROR(IF(I8="—","",TODAY()-I8),"") -> 17 | K8: =IFERROR(IF(OR(J8="",G8=""),"",MAX(F8*0.03,F8-J8*G8)),"") -> 48.727811 | L8: =IFERROR(IF(K8="","",F8-K8),"") -> 851.27219 | M8: =IFERROR(IF(OR(K8="",G8=""),"",MIN(21,MAX(0,(K8-F8*$B$2)/G8))),"") -> 0.97309979 | N8: =IFERROR(IF(M8="","—",IF(M8<=$D$2,"YES","—")),"—") -> YES | O8: STABLE | P8: 7
A9: C004 | B9: AME - 1073 - AMELIO C ENTERPRISES, INC (CACTUS CANDY) | C9: 4 | D9: =IFERROR(VLOOKUP(B9,Client_List!$B:$K,4,0)&", "&VLOOKUP(B9,Client_List!$B:$K,5,0)&" AZ","") -> 2656 N 37TH DR, PHOENIX AZ | E9: =IFERROR(VLOOKUP(B9,Client_List!$B:$K,7,0)&", "&VLOOKUP(B9,Client_List!$B:$K,8,0),"") -> 33.4782767, -112.140515 | F9: =IFERROR(VLOOKUP(B9,Client_List!$B:$K,9,0),"") -> 2000 | G9: =IFERROR(AVERAGEIFS(Delivery_Log!$I$4:$I$5000,Delivery_Log!$B$4:$B$5000,B9,Delivery_Log!$I$4:$I$5000,">"&0),"") -> 10.236111 | H9: =IFERROR(VLOOKUP(B9,Client_List!$B:$K,10,0),"") -> CANOLA OIL | I9: =IFERROR(_xlfn.MAXIFS(Delivery_Log!$A$4:$A$5000,Delivery_Log!$B$4:$B$5000,B9),"—") -> 46099 | J9: =IFERROR(IF(I9="—","",TODAY()-I9),"") -> 30 | K9: =IFERROR(IF(OR(J9="",G9=""),"",MAX(F9*0.03,F9-J9*G9)),"") -> 1692.9167 | L9: =IFERROR(IF(K9="","",F9-K9),"") -> 307.08333 | M9: =IFERROR(IF(OR(K9="",G9=""),"",MIN(21,MAX(0,(K9-F9*$B$2)/G9))),"") -> 21 | N9: =IFERROR(IF(M9="","—",IF(M9<=$D$2,"YES","—")),"—") -> — | O9: insufficient data | P9: 2
A10: C005 | B10: ANG - 1054 - ANGRY CRAB SURPRISE | C10: 1 | D10: =IFERROR(VLOOKUP(B10,Client_List!$B:$K,4,0)&", "&VLOOKUP(B10,Client_List!$B:$K,5,0)&" AZ","") -> 11340 W BELL RD SUITE 118, SURPRISE AZ | E10: =IFERROR(VLOOKUP(B10,Client_List!$B:$K,7,0)&", "&VLOOKUP(B10,Client_List!$B:$K,8,0),"") -> 33.6399393, -112.3041939 | F10: =IFERROR(VLOOKUP(B10,Client_List!$B:$K,9,0),"") -> 620 | G10: =IFERROR(AVERAGEIFS(Delivery_Log!$I$4:$I$5000,Delivery_Log!$B$4:$B$5000,B10,Delivery_Log!$I$4:$I$5000,">"&0),"") -> 44.030091 | H10: =IFERROR(VLOOKUP(B10,Client_List!$B:$K,10,0),"") -> FRYERS CHOICE BLEND | I10: =IFERROR(_xlfn.MAXIFS(Delivery_Log!$A$4:$A$5000,Delivery_Log!$B$4:$B$5000,B10),"—") -> 46120 | J10: =IFERROR(IF(I10="—","",TODAY()-I10),"") -> 9 | K10: =IFERROR(IF(OR(J10="",G10=""),"",MAX(F10*0.03,F10-J10*G10)),"") -> 223.72918 | L10: =IFERROR(IF(K10="","",F10-K10),"") -> 396.27082 | M10: =IFERROR(IF(OR(K10="",G10=""),"",MIN(21,MAX(0,(K10-F10*$B$2)/G10))),"") -> 5.0812792 | N10: =IFERROR(IF(M10="","—",IF(M10<=$D$2,"YES","—")),"—") -> YES | O10: STABLE | P10: 8
A11: C006 | B11: ANOVA | C11: 1 | D11: =IFERROR(VLOOKUP(B11,Client_List!$B:$K,4,0)&", "&VLOOKUP(B11,Client_List!$B:$K,5,0)&" AZ","") | E11: =IFERROR(VLOOKUP(B11,Client_List!$B:$K,7,0)&", "&VLOOKUP(B11,Client_List!$B:$K,8,0),"") | F11: =IFERROR(VLOOKUP(B11,Client_List!$B:$K,9,0),"") | G11: =IFERROR(AVERAGEIFS(Delivery_Log!$I$4:$I$5000,Delivery_Log!$B$4:$B$5000,B11,Delivery_Log!$I$4:$I$5000,">"&0),"") | H11: =IFERROR(VLOOKUP(B11,Client_List!$B:$K,10,0),"") | I11: =IFERROR(_xlfn.MAXIFS(Delivery_Log!$A$4:$A$5000,Delivery_Log!$B$4:$B$5000,B11),"—") -> 0 | J11: =IFERROR(IF(I11="—","",TODAY()-I11),"") -> 46129 | K11: =IFERROR(IF(OR(J11="",G11=""),"",MAX(F11*0.03,F11-J11*G11)),"") | L11: =IFERROR(IF(K11="","",F11-K11),"") | M11: =IFERROR(IF(OR(K11="",G11=""),"",MIN(21,MAX(0,(K11-F11*$B$2)/G11))),"") | N11: =IFERROR(IF(M11="","—",IF(M11<=$D$2,"YES","—")),"—") -> — | O11: INCREASING | P11: 23
A12: C007 | B12: ARR79 - 1000 - ARRIBAS 79TH AVE. | C12: 2 | D12: =IFERROR(VLOOKUP(B12,Client_List!$B:$K,4,0)&", "&VLOOKUP(B12,Client_List!$B:$K,5,0)&" AZ","") -> 17211 N 79Th Ave, Glendale AZ | E12: =IFERROR(VLOOKUP(B12,Client_List!$B:$K,7,0)&", "&VLOOKUP(B12,Client_List!$B:$K,8,0),"") -> 33.6402137, -112.2294109 | F12: =IFERROR(VLOOKUP(B12,Client_List!$B:$K,9,0),"") -> 950 | G12: =IFERROR(AVERAGEIFS(Delivery_Log!$I$4:$I$5000,Delivery_Log!$B$4:$B$5000,B12,Delivery_Log!$I$4:$I$5000,">"&0),"") -> 73.041975 | H12: =IFERROR(VLOOKUP(B12,Client_List!$B:$K,10,0),"") -> CANOLA OIL | I12: =IFERROR(_xlfn.MAXIFS(Delivery_Log!$A$4:$A$5000,Delivery_Log!$B$4:$B$5000,B12),"—") -> 46120 | J12: =IFERROR(IF(I12="—","",TODAY()-I12),"") -> 9 | K12: =IFERROR(IF(OR(J12="",G12=""),"",MAX(F12*0.03,F12-J12*G12)),"") -> 292.62222 | L12: =IFERROR(IF(K12="","",F12-K12),"") -> 657.37778 | M12: =IFERROR(IF(OR(K12="",G12=""),"",MIN(21,MAX(0,(K12-F12*$B$2)/G12))),"") -> 4.00622 | N12: =IFERROR(IF(M12="","—",IF(M12<=$D$2,"YES","—")),"—") -> YES | O12: STABLE | P12: 9
A13: C008 | B13: ARRC - 1001 - ARRIBAS CAMELBACK | C13: 3 | D13: =IFERROR(VLOOKUP(B13,Client_List!$B:$K,4,0)&", "&VLOOKUP(B13,Client_List!$B:$K,5,0)&" AZ","") -> 1812 E Camelback Rd, Phoenix AZ | E13: =IFERROR(VLOOKUP(B13,Client_List!$B:$K,7,0)&", "&VLOOKUP(B13,Client_List!$B:$K,8,0),"") -> 33.50958, -112.042591 | F13: =IFERROR(VLOOKUP(B13,Client_List!$B:$K,9,0),"") -> 700 | G13: =IFERROR(AVERAGEIFS(Delivery_Log!$I$4:$I$5000,Delivery_Log!$B$4:$B$5000,B13,Delivery_Log!$I$4:$I$5000,">"&0),"") -> 61.722134 | H13: =IFERROR(VLOOKUP(B13,Client_List!$B:$K,10,0),"") -> CANOLA OIL | I13: =IFERROR(_xlfn.MAXIFS(Delivery_Log!$A$4:$A$5000,Delivery_Log!$B$4:$B$5000,B13),"—") -> 46119 | J13: =IFERROR(IF(I13="—","",TODAY()-I13),"") -> 10 | K13: =IFERROR(IF(OR(J13="",G13=""),"",MAX(F13*0.03,F13-J13*G13)),"") -> 82.778659 | L13: =IFERROR(IF(K13="","",F13-K13),"") -> 617.22134 | M13: =IFERROR(IF(OR(K13="",G13=""),"",MIN(21,MAX(0,(K13-F13*$B$2)/G13))),"") -> 1.3411503 | N13: =IFERROR(IF(M13="","—",IF(M13<=$D$2,"YES","—")),"—") -> YES | O13: STABLE | P13: 8
A14: C009 | B14: ARRC - 1011 - ARRIBAS CHANDLER | C14: 4 | D14: =IFERROR(VLOOKUP(B14,Client_List!$B:$K,4,0)&", "&VLOOKUP(B14,Client_List!$B:$K,5,0)&" AZ","") -> 4649 E Chandler Blvd, Phoenix AZ | E14: =IFERROR(VLOOKUP(B14,Client_List!$B:$K,7,0)&", "&VLOOKUP(B14,Client_List!$B:$K,8,0),"") -> 33.3048264, -111.9816146 | F14: =IFERROR(VLOOKUP(B14,Client_List!$B:$K,9,0),"") -> 1000 | G14: =IFERROR(AVERAGEIFS(Delivery_Log!$I$4:$I$5000,Delivery_Log!$B$4:$B$5000,B14,Delivery_Log!$I$4:$I$5000,">"&0),"") -> 68.782313 | H14: =IFERROR(VLOOKUP(B14,Client_List!$B:$K,10,0),"") -> CANOLA OIL | I14: =IFERROR(_xlfn.MAXIFS(Delivery_Log!$A$4:$A$5000,Delivery_Log!$B$4:$B$5000,B14),"—") -> 46122 | J14: =IFERROR(IF(I14="—","",TODAY()-I14),"") -> 7 | K14: =IFERROR(IF(OR(J14="",G14=""),"",MAX(F14*0.03,F14-J14*G14)),"") -> 518.52381 | L14: =IFERROR(IF(K14="","",F14-K14),"") -> 481.47619 | M14: =IFERROR(IF(OR(K14="",G14=""),"",MIN(21,MAX(0,(K14-F14*$B$2)/G14))),"") -> 7.5386213 | N14: =IFERROR(IF(M14="","—",IF(M14<=$D$2,"YES","—")),"—") -> — | O14: STABLE | P14: 7
A15: C010 | B15: ARRC - 1014 - ARRIBA GILBERT | C15: 5 | D15: =IFERROR(VLOOKUP(B15,Client_List!$B:$K,4,0)&", "&VLOOKUP(B15,Client_List!$B:$K,5,0)&" AZ","") -> 2855 S Market St, Gilbert, AZ 85295, Gilbert AZ | E15: =IFERROR(VLOOKUP(B15,Client_List!$B:$K,7,0)&", "&VLOOKUP(B15,Client_List!$B:$K,8,0),"") -> 33.29809, -111.744273 | F15: =IFERROR(VLOOKUP(B15,Client_List!$B:$K,9,0),"") -> 900 | G15: =IFERROR(AVERAGEIFS(Delivery_Log!$I$4:$I$5000,Delivery_Log!$B$4:$B$5000,B15,Delivery_Log!$I$4:$I$5000,">"&0),"") -> 58.116937 | H15: =IFERROR(VLOOKUP(B15,Client_List!$B:$K,10,0),"") -> CANOLA OIL | I15: =IFERROR(_xlfn.MAXIFS(Delivery_Log!$A$4:$A$5000,Delivery_Log!$B$4:$B$5000,B15),"—") -> 46119 | J15: =IFERROR(IF(I15="—","",TODAY()-I15),"") -> 10 | K15: =IFERROR(IF(OR(J15="",G15=""),"",MAX(F15*0.03,F15-J15*G15)),"") -> 318.83063 | L15: =IFERROR(IF(K15="","",F15-K15),"") -> 581.16937 | M15: =IFERROR(IF(OR(K15="",G15=""),"",MIN(21,MAX(0,(K15-F15*$B$2)/G15))),"") -> 5.4860191 | N15: =IFERROR(IF(M15="","—",IF(M15<=$D$2,"YES","—")),"—") -> YES | O15: STABLE | P15: 7
A16: C011 | B16: ARRM - 1013 - ARRIBAS GOODYEAR | C16: 1 | D16: =IFERROR(VLOOKUP(B16,Client_List!$B:$K,4,0)&", "&VLOOKUP(B16,Client_List!$B:$K,5,0)&" AZ","") -> 15370 W McDowell Rd, Goodyear AZ | E16: =IFERROR(VLOOKUP(B16,Client_List!$B:$K,7,0)&", "&VLOOKUP(B16,Client_List!$B:$K,8,0),"") -> 33.46499, -112.389902 | F16: =IFERROR(VLOOKUP(B16,Client_List!$B:$K,9,0),"") -> 900 | G16: =IFERROR(AVERAGEIFS(Delivery_Log!$I$4:$I$5000,Delivery_Log!$B$4:$B$5000,B16,Delivery_Log!$I$4:$I$5000,">"&0),"") -> 78.960185 | H16: =IFERROR(VLOOKUP(B16,Client_List!$B:$K,10,0),"") -> CANOLA OIL | I16: =IFERROR(_xlfn.MAXIFS(Delivery_Log!$A$4:$A$5000,Delivery_Log!$B$4:$B$5000,B16),"—") -> 46119 | J16: =IFERROR(IF(I16="—","",TODAY()-I16),"") -> 10 | K16: =IFERROR(IF(OR(J16="",G16=""),"",MAX(F16*0.03,F16-J16*G16)),"") -> 110.39815 | L16: =IFERROR(IF(K16="","",F16-K16),"") -> 789.60185 | M16: =IFERROR(IF(OR(K16="",G16=""),"",MIN(21,MAX(0,(K16-F16*$B$2)/G16))),"") -> 1.3981496 | N16: =IFERROR(IF(M16="","—",IF(M16<=$D$2,"YES","—")),"—") -> YES | O16: STABLE | P16: 9
A17: C012 | B17: ATL - 1081 - ATL WINGS ROOSEVELT | C17: 3 | D17: =IFERROR(VLOOKUP(B17,Client_List!$B:$K,4,0)&", "&VLOOKUP(B17,Client_List!$B:$K,5,0)&" AZ","") -> 330 E ROOSEVELT RD, PHOENIX AZ | E17: =IFERROR(VLOOKUP(B17,Client_List!$B:$K,7,0)&", "&VLOOKUP(B17,Client_List!$B:$K,8,0),"") -> 33.4589406, -112.0685493 | F17: =IFERROR(VLOOKUP(B17,Client_List!$B:$K,9,0),"") -> 350 | G17: =IFERROR(AVERAGEIFS(Delivery_Log!$I$4:$I$5000,Delivery_Log!$B$4:$B$5000,B17,Delivery_Log!$I$4:$I$5000,">"&0),"") -> 42.610863 | H17: =IFERROR(VLOOKUP(B17,Client_List!$B:$K,10,0),"") -> CANOLA OIL | I17: =IFERROR(_xlfn.MAXIFS(Delivery_Log!$A$4:$A$5000,Delivery_Log!$B$4:$B$5000,B17),"—") -> 46098 | J17: =IFERROR(IF(I17="—","",TODAY()-I17),"") -> 31 | K17: =IFERROR(IF(OR(J17="",G17=""),"",MAX(F17*0.03,F17-J17*G17)),"") -> 10.5 | L17: =IFERROR(IF(K17="","",F17-K17),"") -> 339.5 | M17: =IFERROR(IF(OR(K17="",G17=""),"",MIN(21,MAX(0,(K17-F17*$B$2)/G17))),"") -> 0.24641604 | N17: =IFERROR(IF(M17="","—",IF(M17<=$D$2,"YES","—")),"—") -> YES | O17: STABLE | P17: 11
... A162: C157 | B162: anova | C162: 4 | D162: =IFERROR(VLOOKUP(B162,Client_List!$B:$K,4,0)&", "&VLOOKUP(B162,Client_List!$B:$K,5,0)&" AZ","") | E162: =IFERROR(VLOOKUP(B162,Client_List!$B:$K,7,0)&", "&VLOOKUP(B162,Client_List!$B:$K,8,0),"") | F162: =IFERROR(VLOOKUP(B162,Client_List!$B:$K,9,0),"") | G162: =IFERROR(AVERAGEIFS(Delivery_Log!$I$4:$I$5000,Delivery_Log!$B$4:$B$5000,B162,Delivery_Log!$I$4:$I$5000,">"&0),"") | H162: =IFERROR(VLOOKUP(B162,Client_List!$B:$K,10,0),"") | I162: =IFERROR(_xlfn.MAXIFS(Delivery_Log!$A$4:$A$5000,Delivery_Log!$B$4:$B$5000,B162),"—") -> 0 | J162: =IFERROR(IF(I162="—","",TODAY()-I162),"") -> 46129 | K162: =IFERROR(IF(OR(J162="",G162=""),"",MAX(F162*0.03,F162-J162*G162)),"") | L162: =IFERROR(IF(K162="","",F162-K162),"") | M162: =IFERROR(IF(OR(K162="",G162=""),"",MIN(21,MAX(0,(K162-F162*$B$2)/G162))),"") | N162: =IFERROR(IF(M162="","—",IF(M162<=$D$2,"YES","—")),"—") -> — | O162: STABLE | P162: 5

Sheet Client_Time_Windows
A1: Client Time Windows — one row per (client, day) pair. Leave empty if no restrictions.
A2: Blank = client is open all shift. Add rows only for clients with restricted hours.
A3: Client_ID | B3: Day_of_Week | C3: Open_HHMM | D3: Close_HHMM | E3: Notes
A4: EXAMPLE_C042 | B4: Tue | C4: 10:00 | D4: 14:00 | E4: No deliveries during lunch rush (example — delete this row)

Sheet Client_Closures
A1: Client Closures — date-range closures (vacations, renovations, etc.)
A2: Inclusive on both ends. Solver skips these clients on those days.
A3: Client_ID | B3: Start_Date | C3: End_Date | D3: Reason
A4: EXAMPLE_C042 | B4: 2026-04-20 | C4: 2026-04-27 | D4: Renovations (example — delete this row)

Sheet Trucks
A1: Truck Configuration
A2: Truck_Name | B2: Capacity_lbs | C2: Pump_Rate_lbs_per_min | D2: Fixed_Setup_min
A3: Truck2 | B3: 10000 | C3: 152.6 | D3: 18
A4: Truck9 | B4: 10000 | C4: 206 | D4: 18

Sheet Depot
A1: Depot Configuration (key-value pairs)
A2: Key | B2: Value
A3: Depot_Lat | B3: 33.5152
A4: Depot_Lon | B4: -112.1674
A5: Shift_Start_HHMM | B5: 06:00
A6: Shift_End_HHMM | B6: 16:00
A7: Morning_Load_Min | B7: 30
A8: Evening_Unload_Min | B8: 15
A9: Work_Days | B9: Tue,Wed,Thu,Fri,Sat
