Workbook

Sheet Delivery_Log
A1: S&K OIL SALES — DELIVERY LOG ↓ Append new deliveries below. Column B = Customer # (numeric ID). Column D = lbs delivered.
A2: Columns C, E–K auto-calculate. Do NOT re-sort rows.
A3: Date | B3: Customer # | C3: Customer Name ←auto | D3: Qty Delivered (lbs) | E3: Zone ←auto | F3: Zone Code ←auto | G3: Product ←auto | H3: Tank (lbs) ←auto | I3: Days Since Last ←auto | J3: Lbs/Day ←auto | K3: Running Avg Lbs/Day ←auto
A4: 45955 | B4: 1073 | D4: 1903
A5: 45965 | B5: 19107 | D5: 228
A6: 46024 | B6: 1083 | D6: 354
A7: 46024 | B7: 3063 | D7: 1596
A8: 46024 | B8: 4037 | D8: 361
A9: 46024 | B9: 8031 | D9: 705
A10: 46024 | B10: 10001 | D10: 882
A11: 46024 | B11: 14008 | D11: 1151
A12: 46024 | B12: 15035 | D12: 1401
A13: 46024 | B13: 16010 | D13: 1737
A14: 46025 | B14: 1057 | D14: 591
A15: 46025 | B15: 2016 | D15: 265
... A81: 46031 | B81: 2067 | D81: 789
A82: 46031 | B82: 4015A | D82: 480
A83: 46031 | B83: 7001 | D83: 1347
A84: 46031 | B84: 13009 | D84: 832
A85: 46031 | B85: 15016 | D85: 340
A86: 46031 | B86: 16015 | D86: 1514
A87: 46031 | B87: 22006 | D87: 676
A88: 46032 | B88: 11005 | D88: 639
A89: 46032 | B89: 12021 | D89: 348
A90: 46032 | B90: 15004 | D90: 386
A91: 46032 | B91: 15032 | D91: 632
A92: 46033 | B92: 1000 | D92: 938
A93: 46033 | B93: 1081 | D93: 307
A94: 46033 | B94: 4026 | D94: 336
... A238: 46045 | B238: 4009 | D238: 677
A239: 46045 | B239: 4015A | D239: 490
A240: 46045 | B240: 6101 | D240: 641
A241: 46045 | B241: 8034 | D241: 609
A242: 46045 | B242: 12025 | D242: 381
A243: 46045 | B243: 13015 | D243: 946
A244: 46045 | B244: 13061 | D244: 340
A245: 46045 | B245: 13069 | D245: 958
A246: 46045 | B246: 15016 | D246: 318
A247: 46045 | B247: 16007 | D247: 494
A248: 46045 | B248: 16009 | D248: 1484
A249: 46045 | B249: 16019 | D249: 779
A250: 46045 | B250: 18003 | D250: 387
A251: 46045 | B251: 18031 | D251: 421
... A395: 46058 | B395: 4009 | D395: 616
A396: 46058 | B396: 4015A | D396: 417
A397: 46058 | B397: 4029 | D397: 1703
A398: 46058 | B398: 7002 | D398: 441
A399: 46058 | B399: 7052 | D399: 177
A400: 46058 | B400: 11014 | D400: 332
A401: 46058 | B401: 12050 | D401: 903
A402: 46058 | B402: 15009 | D402: 447
A403: 46058 | B403: 15027 | D403: 648
A404: 46058 | B404: 16003 | D404: 642
A405: 46058 | B405: 16007 | D405: 720
A406: 46058 | B406: 19081 | D406: 331
A407: 46059 | B407: 1063 | D407: 765
A408: 46059 | B408: 3021 | D408: 496
... A595: 46073 | B595: 4014 | D595: 188
A596: 46073 | B596: 4015A | D596: 498
A597: 46073 | B597: 5004 | D597: 302
A598: 46073 | B598: 6101 | D598: 504
A599: 46073 | B599: 7053 | D599: 237
A600: 46073 | B600: 12009 | D600: 491
A601: 46073 | B601: 12025 | D601: 533
A602: 46073 | B602: 12050 | D602: 835
A603: 46073 | B603: 15001 | D603: 788
A604: 46073 | B604: 16014 | D604: 1108
A605: 46073 | B605: 19033 | D605: 178
A606: 46073 | B606: 19035 | D606: 262
A607: 46073 | B607: 19080 | D607: 413
A608: 46073 | B608: 19081 | D608: 489
... A740: 46084 | B740: 20092 | D740: 920
A741: 46085 | B741: 4015A | D741: 400
A742: 46085 | B742: 4027 | D742: 803
A743: 46085 | B743: 10001 | D743: 939
A744: 46085 | B744: 13011 | D744: 624
A745: 46085 | B745: 13015 | D745: 745
A746: 46085 | B746: 14008 | D746: 1425
A747: 46085 | B747: 15009 | D747: 305
A748: 46085 | B748: 15026 | D748: 386
A749: 46085 | B749: 15035 | D749: 1389
A750: 46085 | B750: 15041 | D750: 425
A751: 46085 | B751: 16007 | D751: 254
A752: 46085 | B752: 18001 | D752: 574
A753: 46085 | B753: 18003 | D753: 335
... A936: 46100 | B936: 3064 | D936: 625
A937: 46100 | B937: 4015A | D937: 501
A938: 46100 | B938: 13015 | D938: 664
A939: 46100 | B939: 15015 | D939: 321
A940: 46100 | B940: 15051 | D940: 346
A941: 46100 | B941: 18001 | D941: 561
A942: 46100 | B942: 18003 | D942: 327
A943: 46100 | B943: 19110 | D943: 421
A944: 46100 | B944: 19123 | D944: 421
A945: 46100 | B945: 20051 | D945: 227
A946: 46100 | B946: 21001 | D946: 1196
A947: 46101 | B947: 1000 | D947: 712
A948: 46101 | B948: 1018 | D948: 787
A949: 46101 | B949: 2073 | D949: 278
... A1106: 46113 | B1106: 3046 | D1106: 851
...

Sheet Client_List
A1: S&K CLIENT LIST — Edit Address, Lat, Lon, Tank Size and Product here
A2: YELLOW columns = edit freely. Changes here flow automatically into Optimizer_Input via VLOOKUP. Customer name in col B must match Delivery_Log exactly.
A3: ID | B3: Customer Name | C3: Zone | D3: Zone Code | E3: Street Address | F3: City | G3: State | H3: Latitude | I3: Longitude | J3: Tank Size (lbs) | K3: Product | O3: ANOVA | P3: Notes | Q3: Do_Not_Schedule | R3: RTU ID | S3: Anova Level (lbs) | T3: Anova % Full | U3: Anova Last Reading | V3: Anova Deliverable | W3: Anova Age (hrs) | X3: Anova Source
A4: 1 | B4: 51ST - 0001 - 51ST AVE CAFE | C4: 2 | D4: 2D | E4: 5511 N 51St Ave | F4: Glendale | G4: AZ | H4: 33.517199 | I4: -112.16811 | J4: 350 | K4: FRYERS CHOICE BLEND | N4: 254-237-3350 | R4: =IFERROR(_xlfn.XLOOKUP($A4,Anova_Live!$B$2:$B$60,Anova_Live!$A$2:$A$60,""),"") | S4: =IFERROR(_xlfn.XLOOKUP($A4,Anova_Live!$B$2:$B$60,Anova_Live!$E$2:$E$60,""),"") | T4: =IFERROR(_xlfn.XLOOKUP($A4,Anova_Live!$B$2:$B$60,Anova_Live!$K$2:$K$60,""),"") | U4: =IFERROR(_xlfn.XLOOKUP($A4,Anova_Live!$B$2:$B$60,Anova_Live!$H$2:$H$60,""),"") | V4: =IFERROR(_xlfn.XLOOKUP($A4,Anova_Live!$B$2:$B$60,Anova_Live!$L$2:$L$60,""),"") | W4: =IFERROR(_xlfn.XLOOKUP($A4,Anova_Live!$B$2:$B$60,Anova_Live!$M$2:$M$60,""),"") | X4: =IFERROR(_xlfn.XLOOKUP($A4,Anova_Live!$B$2:$B$60,Anova_Live!$N$2:$N$60,""),"")
A5: 1018 | B5: AJO - 1018 - AJO ALS BELL | C5: 2 | D5: 2C | E5: 7458 W Bell Rd | F5: Glendale | G5: AZ | H5: 33.639017 | I5: -112.21978 | J5: 950 | K5: CANOLA OIL | N5: 623-334-9899 | R5: =IFERROR(_xlfn.XLOOKUP($A5,Anova_Live!$B$2:$B$60,Anova_Live!$A$2:$A$60,""),"") | S5: =IFERROR(_xlfn.XLOOKUP($A5,Anova_Live!$B$2:$B$60,Anova_Live!$E$2:$E$60,""),"") | T5: =IFERROR(_xlfn.XLOOKUP($A5,Anova_Live!$B$2:$B$60,Anova_Live!$K$2:$K$60,""),"") | U5: =IFERROR(_xlfn.XLOOKUP($A5,Anova_Live!$B$2:$B$60,Anova_Live!$H$2:$H$60,""),"") | V5: =IFERROR(_xlfn.XLOOKUP($A5,Anova_Live!$B$2:$B$60,Anova_Live!$L$2:$L$60,""),"") | W5: =IFERROR(_xlfn.XLOOKUP($A5,Anova_Live!$B$2:$B$60,Anova_Live!$M$2:$M$60,""),"") | X5: =IFERROR(_xlfn.XLOOKUP($A5,Anova_Live!$B$2:$B$60,Anova_Live!$N$2:$N$60,""),"")
A6: 1063 | B6: ALL - 1063 - ALL AMERICAN MODERN SPORTS GRILL | C6: 4 | D6: 4C | E6: 20751 N PIMA RD #105 | F6: Scottsdale | G6: AZ | H6: 33.674519 | I6: -111.88803 | J6: 900 | K6: CANOLA OIL | N6: (480) 887-0652 | R6: =IFERROR(_xlfn.XLOOKUP($A6,Anova_Live!$B$2:$B$60,Anova_Live!$A$2:$A$60,""),"") | S6: =IFERROR(_xlfn.XLOOKUP($A6,Anova_Live!$B$2:$B$60,Anova_Live!$E$2:$E$60,""),"") | T6: =IFERROR(_xlfn.XLOOKUP($A6,Anova_Live!$B$2:$B$60,Anova_Live!$K$2:$K$60,""),"") | U6: =IFERROR(_xlfn.XLOOKUP($A6,Anova_Live!$B$2:$B$60,Anova_Live!$H$2:$H$60,""),"") | V6: =IFERROR(_xlfn.XLOOKUP($A6,Anova_Live!$B$2:$B$60,Anova_Live!$L$2:$L$60,""),"") | W6: =IFERROR(_xlfn.XLOOKUP($A6,Anova_Live!$B$2:$B$60,Anova_Live!$M$2:$M$60,""),"") | X6: =IFERROR(_xlfn.XLOOKUP($A6,Anova_Live!$B$2:$B$60,Anova_Live!$N$2:$N$60,""),"")
A7: 1073 | B7: AME - 1073 - AMELIO C ENTERPRISES, INC (CACTUS CANDY) | C7: 4 | D7: 4C | E7: 2656 N 37TH DR | F7: PHOENIX | G7: AZ | H7: 33.478277 | I7: -112.14051 | J7: 2000 | K7: CANOLA OIL | N7: (602) 956-4833 | P7: DO NOT PUT IN ROUTE SCHEDULE | Q7: Y | R7: =IFERROR(_xlfn.XLOOKUP($A7,Anova_Live!$B$2:$B$60,Anova_Live!$A$2:$A$60,""),"") | S7: =IFERROR(_xlfn.XLOOKUP($A7,Anova_Live!$B$2:$B$60,Anova_Live!$E$2:$E$60,""),"") | T7: =IFERROR(_xlfn.XLOOKUP($A7,Anova_Live!$B$2:$B$60,Anova_Live!$K$2:$K$60,""),"") | U7: =IFERROR(_xlfn.XLOOKUP($A7,Anova_Live!$B$2:$B$60,Anova_Live!$H$2:$H$60,""),"") | V7: =IFERROR(_xlfn.XLOOKUP($A7,Anova_Live!$B$2:$B$60,Anova_Live!$L$2:$L$60,""),"") | W7: =IFERROR(_xlfn.XLOOKUP($A7,Anova_Live!$B$2:$B$60,Anova_Live!$M$2:$M$60,""),"") | X7: =IFERROR(_xlfn.XLOOKUP($A7,Anova_Live!$B$2:$B$60,Anova_Live!$N$2:$N$60,""),"")
A8: 1054 | B8: ANG - 1054 - ANGRY CRAB SURPRISE | C8: 1 | D8: 1C | E8: 11340 W BELL RD SUITE 118 | F8: SURPRISE | G8: AZ | H8: 33.639939 | I8: -112.30419 | J8: 620 | K8: FRYERS CHOICE BLEND | N8: (623) 248-9190 | R8: =IFERROR(_xlfn.XLOOKUP($A8,Anova_Live!$B$2:$B$60,Anova_Live!$A$2:$A$60,""),"") -> 124697513 | S8: =IFERROR(_xlfn.XLOOKUP($A8,Anova_Live!$B$2:$B$60,Anova_Live!$E$2:$E$60,""),"") -> 325.48623 | T8: =IFERROR(_xlfn.XLOOKUP($A8,Anova_Live!$B$2:$B$60,Anova_Live!$K$2:$K$60,""),"") -> 52.5 | U8: =IFERROR(_xlfn.XLOOKUP($A8,Anova_Live!$B$2:$B$60,Anova_Live!$H$2:$H$60,""),"") -> 2026-05-06T11:00:25Z | V8: =IFERROR(_xlfn.XLOOKUP($A8,Anova_Live!$B$2:$B$60,Anova_Live!$L$2:$L$60,""),"") -> 295 | W8: =IFERROR(_xlfn.XLOOKUP($A8,Anova_Live!$B$2:$B$60,Anova_Live!$M$2:$M$60,""),"") | X8: =IFERROR(_xlfn.XLOOKUP($A8,Anova_Live!$B$2:$B$60,Anova_Live!$N$2:$N$60,""),"") -> push
A9: 1000 | B9: ARR79 - 1000 - ARRIBAS 79TH AVE. | C9: 2 | D9: 2C | E9: 17211 N 79Th Ave | F9: Glendale | G9: AZ | H9: 33.640214 | I9: -112.22941 | J9: 950 | K9: CANOLA OIL | N9: 623-878-5777 | R9: =IFERROR(_xlfn.XLOOKUP($A9,Anova_Live!$B$2:$B$60,Anova_Live!$A$2:$A$60,""),"") | S9: =IFERROR(_xlfn.XLOOKUP($A9,Anova_Live!$B$2:$B$60,Anova_Live!$E$2:$E$60,""),"") | T9: =IFERROR(_xlfn.XLOOKUP($A9,Anova_Live!$B$2:$B$60,Anova_Live!$K$2:$K$60,""),"") | U9: =IFERROR(_xlfn.XLOOKUP($A9,Anova_Live!$B$2:$B$60,Anova_Live!$H$2:$H$60,""),"") | V9: =IFERROR(_xlfn.XLOOKUP($A9,Anova_Live!$B$2:$B$60,Anova_Live!$L$2:$L$60,""),"") | W9: =IFERROR(_xlfn.XLOOKUP($A9,Anova_Live!$B$2:$B$60,Anova_Live!$M$2:$M$60,""),"") | X9: =IFERROR(_xlfn.XLOOKUP($A9,Anova_Live!$B$2:$B$60,Anova_Live!$N$2:$N$60,""),"")
A10: 1001 | B10: ARRC - 1001 - ARRIBAS CAMELBACK | C10: 3 | D10: 3D | E10: 1812 E Camelback Rd | F10: Phoenix | G10: AZ | H10: 33.50958 | I10: -112.04259 | J10: 700 | K10: CANOLA OIL | N10: 480-948-9969 | R10: =IFERROR(_xlfn.XLOOKUP($A10,Anova_Live!$B$2:$B$60,Anova_Live!$A$2:$A$60,""),"") | S10: =IFERROR(_xlfn.XLOOKUP($A10,Anova_Live!$B$2:$B$60,Anova_Live!$E$2:$E$60,""),"") | T10: =IFERROR(_xlfn.XLOOKUP($A10,Anova_Live!$B$2:$B$60,Anova_Live!$K$2:$K$60,""),"") | U10: =IFERROR(_xlfn.XLOOKUP($A10,Anova_Live!$B$2:$B$60,Anova_Live!$H$2:$H$60,""),"") | V10: =IFERROR(_xlfn.XLOOKUP($A10,Anova_Live!$B$2:$B$60,Anova_Live!$L$2:$L$60,""),"") | W10: =IFERROR(_xlfn.XLOOKUP($A10,Anova_Live!$B$2:$B$60,Anova_Live!$M$2:$M$60,""),"") | X10: =IFERROR(_xlfn.XLOOKUP($A10,Anova_Live!$B$2:$B$60,Anova_Live!$N$2:$N$60,""),"")
A11: 1011 | B11: ARRC - 1011 - ARRIBAS CHANDLER | C11: 4 | D11: 4F | E11: 4649 E Chandler Blvd | F11: Phoenix | G11: AZ | H11: 33.304826 | I11: -111.98161 | J11: 1000 | K11: CANOLA OIL | N11: 623-878-5777 | R11: =IFERROR(_xlfn.XLOOKUP($A11,Anova_Live!$B$2:$B$60,Anova_Live!$A$2:$A$60,""),"") | S11: =IFERROR(_xlfn.XLOOKUP($A11,Anova_Live!$B$2:$B$60,Anova_Live!$E$2:$E$60,""),"") | T11: =IFERROR(_xlfn.XLOOKUP($A11,Anova_Live!$B$2:$B$60,Anova_Live!$K$2:$K$60,""),"") | U11: =IFERROR(_xlfn.XLOOKUP($A11,Anova_Live!$B$2:$B$60,Anova_Live!$H$2:$H$60,""),"") | V11: =IFERROR(_xlfn.XLOOKUP($A11,Anova_Live!$B$2:$B$60,Anova_Live!$L$2:$L$60,""),"") | W11: =IFERROR(_xlfn.XLOOKUP($A11,Anova_Live!$B$2:$B$60,Anova_Live!$M$2:$M$60,""),"") | X11: =IFERROR(_xlfn.XLOOKUP($A11,Anova_Live!$B$2:$B$60,Anova_Live!$N$2:$N$60,""),"")
A12: 1014 | B12: ARRC - 1014 - ARRIBA GILBERT | C12: 5 | D12: 5F | E12: 2855 S Market St, Gilbert, AZ 85295 | F12: Gilbert | G12: AZ | H12: 33.29809 | I12: -111.74427 | J12: 900 | K12: CANOLA OIL | N12: 480-899-7337 | R12: =IFERROR(_xlfn.XLOOKUP($A12,Anova_Live!$B$2:$B$60,Anova_Live!$A$2:$A$60,""),"") | S12: =IFERROR(_xlfn.XLOOKUP($A12,Anova_Live!$B$2:$B$60,Anova_Live!$E$2:$E$60,""),"") | T12: =IFERROR(_xlfn.XLOOKUP($A12,Anova_Live!$B$2:$B$60,Anova_Live!$K$2:$K$60,""),"") | U12: =IFERROR(_xlfn.XLOOKUP($A12,Anova_Live!$B$2:$B$60,Anova_Live!$H$2:$H$60,""),"") | V12: =IFERROR(_xlfn.XLOOKUP($A12,Anova_Live!$B$2:$B$60,Anova_Live!$L$2:$L$60,""),"") | W12: =IFERROR(_xlfn.XLOOKUP($A12,Anova_Live!$B$2:$B$60,Anova_Live!$M$2:$M$60,""),"") | X12: =IFERROR(_xlfn.XLOOKUP($A12,Anova_Live!$B$2:$B$60,Anova_Live!$N$2:$N$60,""),"")
A13: 1013 | B13: ARRM - 1013 - ARRIBAS GOODYEAR | C13: 1 | D13: 1D | E13: 15370 W McDowell Rd | F13: Goodyear | G13: AZ | H13: 33.46499 | I13: -112.3899 | J13: 900 | K13: CANOLA OIL | N13: 623-223-1735 | P13: SCHEDULE 4/30 | R13: =IFERROR(_xlfn.XLOOKUP($A13,Anova_Live!$B$2:$B$60,Anova_Live!$A$2:$A$60,""),"") | S13: =IFERROR(_xlfn.XLOOKUP($A13,Anova_Live!$B$2:$B$60,Anova_Live!$E$2:$E$60,""),"") | T13: =IFERROR(_xlfn.XLOOKUP($A13,Anova_Live!$B$2:$B$60,Anova_Live!$K$2:$K$60,""),"") | U13: =IFERROR(_xlfn.XLOOKUP($A13,Anova_Live!$B$2:$B$60,Anova_Live!$H$2:$H$60,""),"") | V13: =IFERROR(_xlfn.XLOOKUP($A13,Anova_Live!$B$2:$B$60,Anova_Live!$L$2:$L$60,""),"") | W13: =IFERROR(_xlfn.XLOOKUP($A13,Anova_Live!$B$2:$B$60,Anova_Live!$M$2:$M$60,""),"") | X13: =IFERROR(_xlfn.XLOOKUP($A13,Anova_Live!$B$2:$B$60,Anova_Live!$N$2:$N$60,""),"")
A14: 1081 | B14: ATL - 1081 - ATL WINGS ROOSEVELT | C14: 3 | D14: 3D | E14: 330 E ROOSEVELT RD | F14: PHOENIX | G14: AZ | H14: 33.458941 | I14: -112.06855 | J14: 350 | K14: CANOLA OIL | N14: (602) 741-9554 | P14: SCHEDULE 4/29 | R14: =IFERROR(_xlfn.XLOOKUP($A14,Anova_Live!$B$2:$B$60,Anova_Live!$A$2:$A$60,""),"") | S14: =IFERROR(_xlfn.XLOOKUP($A14,Anova_Live!$B$2:$B$60,Anova_Live!$E$2:$E$60,""),"") | T14: =IFERROR(_xlfn.XLOOKUP($A14,Anova_Live!$B$2:$B$60,Anova_Live!$K$2:$K$60,""),"") | U14: =IFERROR(_xlfn.XLOOKUP($A14,Anova_Live!$B$2:$B$60,Anova_Live!$H$2:$H$60,""),"") | V14: =IFERROR(_xlfn.XLOOKUP($A14,Anova_Live!$B$2:$B$60,Anova_Live!$L$2:$L$60,""),"") | W14: =IFERROR(_xlfn.XLOOKUP($A14,Anova_Live!$B$2:$B$60,Anova_Live!$M$2:$M$60,""),"") | X14: =IFERROR(_xlfn.XLOOKUP($A14,Anova_Live!$B$2:$B$60,Anova_Live!$N$2:$N$60,""),"")
A15: 1083 | B15: ATL - 1083 - ATL WINGS MESA | C15: 5 | D15: 5D | E15: 6837 E MAIN ST | F15: Mesa | G15: AZ | H15: 33.415147 | I15: -111.68318 | J15: 425 | K15: CANOLA OIL | N15: (480) 722-9464 | P15: SCHEDULE 4/28 | R15: =IFERROR(_xlfn.XLOOKUP($A15,Anova_Live!$B$2:$B$60,Anova_Live!$A$2:$A$60,""),"") | S15: =IFERROR(_xlfn.XLOOKUP($A15,Anova_Live!$B$2:$B$60,Anova_Live!$E$2:$E$60,""),"") | T15: =IFERROR(_xlfn.XLOOKUP($A15,Anova_Live!$B$2:$B$60,Anova_Live!$K$2:$K$60,""),"") | U15: =IFERROR(_xlfn.XLOOKUP($A15,Anova_Live!$B$2:$B$60,Anova_Live!$H$2:$H$60,""),"") | V15: =IFERROR(_xlfn.XLOOKUP($A15,Anova_Live!$B$2:$B$60,Anova_Live!$L$2:$L$60,""),"") | W15: =IFERROR(_xlfn.XLOOKUP($A15,Anova_Live!$B$2:$B$60,Anova_Live!$M$2:$M$60,""),"") | X15: =IFERROR(_xlfn.XLOOKUP($A15,Anova_Live!$B$2:$B$60,Anova_Live!$N$2:$N$60,""),"")
A16: 19039 | B16: BAC - 19039 - BACKYARD GILBERT | C16: 5 | D16: 5F | E16: BACKYARD (SANDBAR) GILBERT | F16: Gilbert | G16: AZ | H16: 33.306216 | I16: -111.74755 | J16: 1050 | K16: FRYERS CHOICE BLEND | N16: 480-822-6921 | O16: Y | R16: =IFERROR(_xlfn.XLOOKUP($A16,Anova_Live!$B$2:$B$60,Anova_Live!$A$2:$A$60,""),"") | S16: =IFERROR(_xlfn.XLOOKUP($A16,Anova_Live!$B$2:$B$60,Anova_Live!$E$2:$E$60,""),"") | T16: =IFERROR(_xlfn.XLOOKUP($A16,Anova_Live!$B$2:$B$60,Anova_Live!$K$2:$K$60,""),"") | U16: =IFERROR(_xlfn.XLOOKUP($A16,Anova_Live!$B$2:$B$60,Anova_Live!$H$2:$H$60,""),"") | V16: =IFERROR(_xlfn.XLOOKUP($A16,Anova_Live!$B$2:$B$60,Anova_Live!$L$2:$L$60,""),"") | W16: =IFERROR(_xlfn.XLOOKUP($A16,Anova_Live!$B$2:$B$60,Anova_Live!$M$2:$M$60,""),"") | X16: =IFERROR(_xlfn.XLOOKUP($A16,Anova_Live!$B$2:$B$60,Anova_Live!$N$2:$N$60,""),"")
A17: 2067 | B17: BAC - 2067 - BACKYARD - DESERT RIDGE | C17: 5 | D17: 5F | E17: 21001 N Tatum Blvd | F17: Phoenix | G17: AZ | H17: 33.676643 | I17: -111.97461 | J17: 950 | K17: CANOLA OIL | N17: 480-585-5900 | O17: Y | R17: =IFERROR(_xlfn.XLOOKUP($A17,Anova_Live!$B$2:$B$60,Anova_Live!$A$2:$A$60,""),"") | S17: =IFERROR(_xlfn.XLOOKUP($A17,Anova_Live!$B$2:$B$60,Anova_Live!$E$2:$E$60,""),"") | T17: =IFERROR(_xlfn.XLOOKUP($A17,Anova_Live!$B$2:$B$60,Anova_Live!$K$2:$K$60,""),"") | U17: =IFERROR(_xlfn.XLOOKUP($A17,Anova_Live!$B$2:$B$60,Anova_Live!$H$2:$H$60,""),"") | V17: =IFERROR(_xlfn.XLOOKUP($A17,Anova_Live!$B$2:$B$60,Anova_Live!$L$2:$L$60,""),"") | W17: =IFERROR(_xlfn.XLOOKUP($A17,Anova_Live!$B$2:$B$60,Anova_Live!$M$2:$M$60,""),"") | X17: =IFERROR(_xlfn.XLOOKUP($A17,Anova_Live!$B$2:$B$60,Anova_Live!$N$2:$N$60,""),"")
A18: 2053 | B18: BAJ - 2053 - BAJA JOES | C18: 5 | D18: 5D | E18: 1927 N Gilbert Road | F18: Gilbert | G18: AZ | H18: 33.450725 | I18: -111.78643 | J18: 1050 | K18: CANOLA OIL | N18: (480) 655-1828 | O18: Y | R18: =IFERROR(_xlfn.XLOOKUP($A18,Anova_Live!$B$2:$B$60,Anova_Live!$A$2:$A$60,""),"") | S18: =IFERROR(_xlfn.XLOOKUP($A18,Anova_Live!$B$2:$B$60,Anova_Live!$E$2:$E$60,""),"") | T18: =IFERROR(_xlfn.XLOOKUP($A18,Anova_Live!$B$2:$B$60,Anova_Live!$K$2:$K$60,""),"") | U18: =IFERROR(_xlfn.XLOOKUP($A18,Anova_Live!$B$2:$B$60,Anova_Live!$H$2:$H$60,""),"") | V18: =IFERROR(_xlfn.XLOOKUP($A18,Anova_Live!$B$2:$B$60,Anova_Live!$L$2:$L$60,""),"") | W18: =IFERROR(_xlfn.XLOOKUP($A18,Anova_Live!$B$2:$B$60,Anova_Live!$M$2:$M$60,""),"") | X18: =IFERROR(_xlfn.XLOOKUP($A18,Anova_Live!$B$2:$B$60,Anova_Live!$N$2:$N$60,""),"")
A19: 2045 | B19: BAR - 2045 - BARRIO BREWING | C19: 5 | D19: 5F | E19: 5803 S Sossaman Rd | F19: Mesa | G19: AZ | H19: 33.310743 | I19: -111.66987 | J19: 350 | K19: CANOLA OIL | N19: (480) 988-7171 | R19: =IFERROR(_xlfn.XLOOKUP($A19,Anova_Live!$B$2:$B$60,Anova_Live!$A$2:$A$60,""),"") | S19: =IFERROR(_xlfn.XLOOKUP($A19,Anova_Live!$B$2:$B$60,Anova_Live!$E$2:$E$60,""),"") | T19: =IFERROR(_xlfn.XLOOKUP($A19,Anova_Live!$B$2:$B$60,Anova_Live!$K$2:$K$60,""),"") | U19: =IFERROR(_xlfn.XLOOKUP($A19,Anova_Live!$B$2:$B$60,Anova_Live!$H$2:$H$60,""),"") | V19: =IFERROR(_xlfn.XLOOKUP($A19,Anova_Live!$B$2:$B$60,Anova_Live!$L$2:$L$60,""),"") | W19: =IFERROR(_xlfn.XLOOKUP($A19,Anova_Live!$B$2:$B$60,Anova_Live!$M$2:$M$60,""),"") | X19: =IFERROR(_xlfn.XLOOKUP($A19,Anova_Live!$B$2:$B$60,Anova_Live!$N$2:$N$60,""),"")
A20: 2038 | B20: BEL - 2038 - BELLE'S NASHVILLE KITCHEN | C20: 4 | D20: 4D | E20: 7212 E MAIN ST | F20: Scottsdale | G20: A Z | H20: 33.493391 | I20: -111.92563 | J20: 620 | K20: CANOLA OIL | N20: (916) 730-3071 | R20: =IFERROR(_xlfn.XLOOKUP($A20,Anova_Live!$B$2:$B$60,Anova_Live!$A$2:$A$60,""),"") | S20: =IFERROR(_xlfn.XLOOKUP($A20,Anova_Live!$B$2:$B$60,Anova_Live!$E$2:$E$60,""),"") | T20: =IFERROR(_xlfn.XLOOKUP($A20,Anova_Live!$B$2:$B$60,Anova_Live!$K$2:$K$60,""),"") | U20: =IFERROR(_xlfn.XLOOKUP($A20,Anova_Live!$B$2:$B$60,Anova_Live!$H$2:$H$60,""),"") | V20: =IFERROR(_xlfn.XLOOKUP($A20,Anova_Live!$B$2:$B$60,Anova_Live!$L$2:$L$60,""),"") | W20: =IFERROR(_xlfn.XLOOKUP($A20,Anova_Live!$B$2:$B$60,Anova_Live!$M$2:$M$60,""),"") | X20: =IFERROR(_xlfn.XLOOKUP($A20,Anova_Live!$B$2:$B$60,Anova_Live!$N$2:$N$60,""),"")
A21: 2023 | B21: BOO - 2023 - BOOTY GOODYEAR | C21: 1 | D21: 1D | E21: 13375 W MCDOWELL RD STE 101 | F21: GOODYEAR | G21: AZ | H21: 33.463417 | I21: -112.3468 | J21: 620 | K21: CANOLA OIL | N21: 999-999-9999 | P21: SCHEDULE 4/29 | R21: =IFERROR(_xlfn.XLOOKUP($A21,Anova_Live!$B$2:$B$60,Anova_Live!$A$2:$A$60,""),"") | S21: =IFERROR(_xlfn.XLOOKUP($A21,Anova_Live!$B$2:$B$60,Anova_Live!$E$2:$E$60,""),"") | T21: =IFERROR(_xlfn.XLOOKUP($A21,Anova_Live!$B$2:$B$60,Anova_Live!$K$2:$K$60,""),"") | U21: =IFERROR(_xlfn.XLOOKUP($A21,Anova_Live!$B$2:$B$60,Anova_Live!$H$2:$H$60,""),"") | V21: =IFERROR(_xlfn.XLOOKUP($A21,Anova_Live!$B$2:$B$60,Anova_Live!$L$2:$L$60,""),"") | W21: =IFERROR(_xlfn.XLOOKUP($A21,Anova_Live!$B$2:$B$60,Anova_Live!$M$2:$M$60,""),"") | X21: =IFERROR(_xlfn.XLOOKUP($A21,Anova_Live!$B$2:$B$60,Anova_Live!$N$2:$N$60,""),"")
A22: 2017 | B22: BOOW - 2017 - BOOTY'S WATSON | C22: 1 | D22: 1D | E22: 1300 S Watson Rd Ste 109 | F22: Buckeye | G22: AZ | H22: 33.434781 | I22: -112.5586 | J22: 620 | K22: CANOLA OIL | N22: 623-386-3080 | O22: Y | R22: =IFERROR(_xlfn.XLOOKUP($A22,Anova_Live!$B$2:$B$60,Anova_Live!$A$2:$A$60,""),"") | S22: =IFERROR(_xlfn.XLOOKUP($A22,Anova_Live!$B$2:$B$60,Anova_Live!$E$2:$E$60,""),"") | T22: =IFERROR(_xlfn.XLOOKUP($A22,Anova_Live!$B$2:$B$60,Anova_Live!$K$2:$K$60,""),"") | U22: =IFERROR(_xlfn.XLOOKUP($A22,Anova_Live!$B$2:$B$60,Anova_Live!$H$2:$H$60,""),"") | V22: =IFERROR(_xlfn.XLOOKUP($A22,Anova_Live!$B$2:$B$60,Anova_Live!$L$2:$L$60,""),"") | W22: =IFERROR(_xlfn.XLOOKUP($A22,Anova_Live!$B$2:$B$60,Anova_Live!$M$2:$M$60,""),"") | X22: =IFERROR(_xlfn.XLOOKUP($A22,Anova_Live!$B$2:$B$60,Anova_Live!$N$2:$N$60,""),"")
A23: 2013 | B23: BOT - 2013 - BOTTLED BLONDE | C23: 4 | D23: 4D | E23: 7340 E Indian Plz | F23: Scottsdale | G23: AZ | H23: 33.501653 | I23: -111.92273 | J23: 500 | K23: CANOLA OIL | N23: 480-970-1112 | R23: =IFERROR(_xlfn.XLOOKUP($A23,Anova_Live!$B$2:$B$60,Anova_Live!$A$2:$A$60,""),"") | S23: =IFERROR(_xlfn.XLOOKUP($A23,Anova_Live!$B$2:$B$60,Anova_Live!$E$2:$E$60,""),"") | T23: =IFERROR(_xlfn.XLOOKUP($A23,Anova_Live!$B$2:$B$60,Anova_Live!$K$2:$K$60,""),"") | U23: =IFERROR(_xlfn.XLOOKUP($A23,Anova_Live!$B$2:$B$60,Anova_Live!$H$2:$H$60,""),"") | V23: =IFERROR(_xlfn.XLOOKUP($A23,Anova_Live!$B$2:$B$60,Anova_Live!$L$2:$L$60,""),"") | W23: =IFERROR(_xlfn.XLOOKUP($A23,Anova_Live!$B$2:$B$60,Anova_Live!$M$2:$M$60,""),"") | X23: =IFERROR(_xlfn.XLOOKUP($A23,Anova_Live!$B$2:$B$60,Anova_Live!$N$2:$N$60,""),"")
A24: 2078 | B24: BRO - 2078 - BROTHER'S PIZZA INDIAN SCHOOL | C24: 3 | D24: 3E | E24: 10720 W Indian School Rd | F24: Phoenix | G24: AZ | H24: 33.495318 | I24: -112.2907 | J24: 350 | K24: CANOLA OIL | N24: (602) 320-8496 | P24: CLOSED ON TUESDAYS | R24: =IFERROR(_xlfn.XLOOKUP($A24,Anova_Live!$B$2:$B$60,Anova_Live!$A$2:$A$60,""),"") | S24: =IFERROR(_xlfn.XLOOKUP($A24,Anova_Live!$B$2:$B$60,Anova_Live!$E$2:$E$60,""),"") | T24: =IFERROR(_xlfn.XLOOKUP($A24,Anova_Live!$B$2:$B$60,Anova_Live!$K$2:$K$60,""),"") | U24: =IFERROR(_xlfn.XLOOKUP($A24,Anova_Live!$B$2:$B$60,Anova_Live!$H$2:$H$60,""),"") | V24: =IFERROR(_xlfn.XLOOKUP($A24,Anova_Live!$B$2:$B$60,Anova_Live!$L$2:$L$60,""),"") | W24: =IFERROR(_xlfn.XLOOKUP($A24,Anova_Live!$B$2:$B$60,Anova_Live!$M$2:$M$60,""),"") | X24: =IFERROR(_xlfn.XLOOKUP($A24,Anova_Live!$B$2:$B$60,Anova_Live!$N$2:$N$60,""),"")
A25: 2073 | B25: BRU - 2073 - BRUNCH SNOB | C25: 4 | D25: 4D | E25: 1920 W GERMANN RD | F25: CHANDLER | G25: AZ | H25: 33.276945 | I25: -111.87477 | J25: 350 | K25: FRYERS CHOICE BLEND | N25: (816) 803-1258 | P25: SCHEDULE 4/28 | R25: =IFERROR(_xlfn.XLOOKUP($A25,Anova_Live!$B$2:$B$60,Anova_Live!$A$2:$A$60,""),"") | S25: =IFERROR(_xlfn.XLOOKUP($A25,Anova_Live!$B$2:$B$60,Anova_Live!$E$2:$E$60,""),"") | T25: =IFERROR(_xlfn.XLOOKUP($A25,Anova_Live!$B$2:$B$60,Anova_Live!$K$2:$K$60,""),"") | U25: =IFERROR(_xlfn.XLOOKUP($A25,Anova_Live!$B$2:$B$60,Anova_Live!$H$2:$H$60,""),"") | V25: =IFERROR(_xlfn.XLOOKUP($A25,Anova_Live!$B$2:$B$60,Anova_Live!$L$2:$L$60,""),"") | W25: =IFERROR(_xlfn.XLOOKUP($A25,Anova_Live!$B$2:$B$60,Anova_Live!$M$2:$M$60,""),"") | X25: =IFERROR(_xlfn.XLOOKUP($A25,Anova_Live!$B$2:$B$60,Anova_Live!$N$2:$N$60,""),"")
A26: 4038 | B26: BUR - 4038 - BURGERS & BREWS GLENDALE | C26: 2 | D26: 2C | E26: 6670 W CACTUS RD | F26: GLENDALE | G26: AZ | H26: 33.597456 | I26: -112.20202 | J26: 1050 | K26: CANOLA OIL | N26: (623) 776-2266 | O26: Y | R26: =IFERROR(_xlfn.XLOOKUP($A26,Anova_Live!$B$2:$B$60,Anova_Live!$A$2:$A$60,""),"") | S26: =IFERROR(_xlfn.XLOOKUP($A26,Anova_Live!$B$2:$B$60,Anova_Live!$E$2:$E$60,""),"") | T26: =IFERROR(_xlfn.XLOOKUP($A26,Anova_Live!$B$2:$B$60,Anova_Live!$K$2:$K$60,""),"") | U26: =IFERROR(_xlfn.XLOOKUP($A26,Anova_Live!$B$2:$B$60,Anova_Live!$H$2:$H$60,""),"") | V26: =IFERROR(_xlfn.XLOOKUP($A26,Anova_Live!$B$2:$B$60,Anova_Live!$L$2:$L$60,""),"") | W26: =IFERROR(_xlfn.XLOOKUP($A26,Anova_Live!$B$2:$B$60,Anova_Live!$M$2:$M$60,""),"") | X26: =IFERROR(_xlfn.XLOOKUP($A26,Anova_Live!$B$2:$B$60,Anova_Live!$N$2:$N$60,""),"")
A27: 3063 | B27: CAR - 3063 - CARDINAL STADIUM | C27: 2 | D27: 2D | E27: 1 CARDINAL DR | F27: GLENDALE | G27: ARIZONA | H27: 33.526233 | I27: -112.26611 | J27: 2500 | K27: CANOLA OIL | O27: Y | R27: =IFERROR(_xlfn.XLOOKUP($A27,Anova_Live!$B$2:$B$60,Anova_Live!$A$2:$A$60,""),"") | S27: =IFERROR(_xlfn.XLOOKUP($A27,Anova_Live!$B$2:$B$60,Anova_Live!$E$2:$E$60,""),"") | T27: =IFERROR(_xlfn.XLOOKUP($A27,Anova_Live!$B$2:$B$60,Anova_Live!$K$2:$K$60,""),"") | U27: =IFERROR(_xlfn.XLOOKUP($A27,Anova_Live!$B$2:$B$60,Anova_Live!$H$2:$H$60,""),"") | V27: =IFERROR(_xlfn.XLOOKUP($A27,Anova_Live!$B$2:$B$60,Anova_Live!$L$2:$L$60,""),"") | W27: =IFERROR(_xlfn.XLOOKUP($A27,Anova_Live!$B$2:$B$60,Anova_Live!$M$2:$M$60,""),"") | X27: =IFERROR(_xlfn.XLOOKUP($A27,Anova_Live!$B$2:$B$60,Anova_Live!$N$2:$N$60,""),"")
A28: 3069 | B28: CAS - 3069 - CASA DE FALAFEL | C28: 2 | D28: 2C | E28: 4920 W Thunderbird Rd | F28: Glendale | G28: AZ | H28: 33.611633 | I28: -112.16541 | J28: 1000 | K28: CANOLA OIL | N28: (480) 689-0514 | O28: Y | R28: =IFERROR(_xlfn.XLOOKUP($A28,Anova_Live!$B$2:$B$60,Anova_Live!$A$2:$A$60,""),"") | S28: =IFERROR(_xlfn.XLOOKUP($A28,Anova_Live!$B$2:$B$60,Anova_Live!$E$2:$E$60,""),"") | T28: =IFERROR(_xlfn.XLOOKUP($A28,Anova_Live!$B$2:$B$60,Anova_Live!$K$2:$K$60,""),"") | U28: =IFERROR(_xlfn.XLOOKUP($A28,Anova_Live!$B$2:$B$60,Anova_Live!$H$2:$H$60,""),"") | V28: =IFERROR(_xlfn.XLOOKUP($A28,Anova_Live!$B$2:$B$60,Anova_Live!$L$2:$L$60,""),"") | W28: =IFERROR(_xlfn.XLOOKUP($A28,Anova_Live!$B$2:$B$60,Anova_Live!$M$2:$M$60,""),"") | X28: =IFERROR(_xlfn.XLOOKUP($A28,Anova_Live!$B$2:$B$60,Anova_Live!$N$2:$N$60,""),"")
A29: 3021 | B29: CRA - 3021 - JC FOOD TRADING/GLEN | C29: 2 | D29: 2C | E29: CRAZY MIKES CHICKEN | F29: Glendale | G29: AZ | H29: 33.639787 | I29: -112.17386 | J29: 450 | K29: CANOLA OIL | N29: 623-463-6881 | R29: =IFERROR(_xlfn.XLOOKUP($A29,Anova_Live!$B$2:$B$60,Anova_Live!$A$2:$A$60,""),"") | S29: =IFERROR(_xlfn.XLOOKUP($A29,Anova_Live!$B$2:$B$60,Anova_Live!$E$2:$E$60,""),"") | T29: =IFERROR(_xlfn.XLOOKUP($A29,Anova_Live!$B$2:$B$60,Anova_Live!$K$2:$K$60,""),"") | U29: =IFERROR(_xlfn.XLOOKUP($A29,Anova_Live!$B$2:$B$60,Anova_Live!$H$2:$H$60,""),"") | V29: =IFERROR(_xlfn.XLOOKUP($A29,Anova_Live!$B$2:$B$60,Anova_Live!$L$2:$L$60,""),"") | W29: =IFERROR(_xlfn.XLOOKUP($A29,Anova_Live!$B$2:$B$60,Anova_Live!$M$2:$M$60,""),"") | X29: =IFERROR(_xlfn.XLOOKUP($A29,Anova_Live!$B$2:$B$60,Anova_Live!$N$2:$N$60,""),"")
A30: 3046 | B30: CRA - 3046 - JC FOOD TRADING /GOODYEAR | C30: 2 | D30: 2C | E30: CRAZY MIKE'S GOODYEAR | F30: Goodyear | G30: AZ | H30: 33.483996 | I30: -112.36512 | J30: 1000 | K30: CANOLA OIL | N30: 213-700-4092 | R30: =IFERROR(_xlfn.XLOOKUP($A30,Anova_Live!$B$2:$B$60,Anova_Live!$A$2:$A$60,""),"") | S30: =IFERROR(_xlfn.XLOOKUP($A30,Anova_Live!$B$2:$B$60,Anova_Live!$E$2:$E$60,""),"") | T30: =IFERROR(_xlfn.XLOOKUP($A30,Anova_Live!$B$2:$B$60,Anova_Live!$K$2:$K$60,""),"") | U30: =IFERROR(_xlfn.XLOOKUP($A30,Anova_Live!$B$2:$B$60,Anova_Live!$H$2:$H$60,""),"") | V30: =IFERROR(_xlfn.XLOOKUP($A30,Anova_Live!$B$2:$B$60,Anova_Live!$L$2:$L$60,""),"") | W30: =IFERROR(_xlfn.XLOOKUP($A30,Anova_Live!$B$2:$B$60,Anova_Live!$M$2:$M$60,""),"") | X30: =IFERROR(_xlfn.XLOOKUP($A30,Anova_Live!$B$2:$B$60,Anova_Live!$N$2:$N$60,""),"")
A31: 3065 | B31: CRA - 3065 - CRAFTED CUISINE | C31: 4 | D31: 4D | E31: 6736 E Avalon Dr | F31: Scottsdale | G31: AZ | H31: 33.483076 | I31: -111.93581 | J31: 350 | K31: CANOLA OIL | N31: (210) 529-1900 | R31: =IFERROR(_xlfn.XLOOKUP($A31,Anova_Live!$B$2:$B$60,Anova_Live!$A$2:$A$60,""),"") | S31: =IFERROR(_xlfn.XLOOKUP($A31,Anova_Live!$B$2:$B$60,Anova_Live!$E$2:$E$60,""),"") | T31: =IFERROR(_xlfn.XLOOKUP($A31,Anova_Live!$B$2:$B$60,Anova_Live!$K$2:$K$60,""),"") | U31: =IFERROR(_xlfn.XLOOKUP($A31,Anova_Live!$B$2:$B$60,Anova_Live!$H$2:$H$60,""),"") | V31: =IFERROR(_xlfn.XLOOKUP($A31,Anova_Live!$B$2:$B$60,Anova_Live!$L$2:$L$60,""),"") | W31: =IFERROR(_xlfn.XLOOKUP($A31,Anova_Live!$B$2:$B$60,Anova_Live!$M$2:$M$60,""),"") | X31: =IFERROR(_xlfn.XLOOKUP($A31,Anova_Live!$B$2:$B$60,Anova_Live!$N$2:$N$60,""),"")
A32: 3064 | B32: CRO - 3064 - CROWNE PLAZA RESORT | C32: 4 | D32: 4F | E32: One N San Marcos Pl | F32: Chandler | G32: Arizona | H32: 33.320637 | I32: -111.84377 | J32: 700 | K32: CANOLA OIL | N32: (480) 812-0900 | O32: Y | P32: DAI - 4015A - DAIRY QUEEN BELL | R32: =IFERROR(_xlfn.XLOOKUP($A32,Anova_Live!$B$2:$B$60,Anova_Live!$A$2:$A$60,""),"") | S32: =IFERROR(_xlfn.XLOOKUP($A32,Anova_Live!$B$2:$B$60,Anova_Live!$E$2:$E$60,""),"") | T32: =IFERROR(_xlfn.XLOOKUP($A32,Anova_Live!$B$2:$B$60,Anova_Live!$K$2:$K$60,""),"") | U32: =IFERROR(_xlfn.XLOOKUP($A32,Anova_Live!$B$2:$B$60,Anova_Live!$H$2:$H$60,""),"") | V32: =IFERROR(_xlfn.XLOOKUP($A32,Anova_Live!$B$2:$B$60,Anova_Live!$L$2:$L$60,""),"") | W32: =IFERROR(_xlfn.XLOOKUP($A32,Anova_Live!$B$2:$B$60,Anova_Live!$M$2:$M$60,""),"") | X32: =IFERROR(_xlfn.XLOOKUP($A32,Anova_Live!$B$2:$B$60,Anova_Live!$N$2:$N$60,""),"")
A33: 4015A | B33: DAI - 4015A - DAIRY QUEEN BELL | C33: 3 | D33: 3C | E33: 3550 E BELL ROAD | F33: PHOENIX | G33: AZ | H33: 33.641001 | I33: -112.00519 | J33: 500 | K33: CANOLA OIL | N33: 602-788-0261 (JACIE M | R33: =IFERROR(_xlfn.XLOOKUP($A33,Anova_Live!$B$2:$B$60,Anova_Live!$A$2:$A$60,""),"") | S33: =IFERROR(_xlfn.XLOOKUP($A33,Anova_Live!$B$2:$B$60,Anova_Live!$E$2:$E$60,""),"") | T33: =IFERROR(_xlfn.XLOOKUP($A33,Anova_Live!$B$2:$B$60,Anova_Live!$K$2:$K$60,""),"") | U33: =IFERROR(_xlfn.XLOOKUP($A33,Anova_Live!$B$2:$B$60,Anova_Live!$H$2:$H$60,""),"") | V33: =IFERROR(_xlfn.XLOOKUP($A33,Anova_Live!$B$2:$B$60,Anova_Live!$L$2:$L$60,""),"") | W33: =IFERROR(_xlfn.XLOOKUP($A33,Anova_Live!$B$2:$B$60,Anova_Live!$M$2:$M$60,""),"") | X33: =IFERROR(_xlfn.XLOOKUP($A33,Anova_Live!$B$2:$B$60,Anova_Live!$N$2:$N$60,""),"")
A34: 4026 | B34: DAR - 4026 - DARUMA BY RIE | C34: 4 | D34: 4E | E34: 1116 E DOBSON RD | F34: MESA | G34: AZ | H34: 33.39476 | I34: -111.87536 | J34: 350 | K34: CANOLA OIL | N34: (480) 590-7979 | P34: CLOSED EVERY TUESDAY | DAR 4037 - DARUMA RAMEN AND BOWL | CLOSED ON TUESDAY | R34: =IFERROR(_xlfn.XLOOKUP($A34,Anova_Live!$B$2:$B$60,Anova_Live!$A$2:$A$60,""),"") | S34: =IFERROR(_xlfn.XLOOKUP($A34,Anova_Live!$B$2:$B$60,Anova_Live!$E$2:$E$60,""),"") | T34: =IFERROR(_xlfn.XLOOKUP($A34,Anova_Live!$B$2:$B$60,Anova_Live!$K$2:$K$60,""),"") | U34: =IFERROR(_xlfn.XLOOKUP($A34,Anova_Live!$B$2:$B$60,Anova_Live!$H$2:$H$60,""),"") | V34: =IFERROR(_xlfn.XLOOKUP($A34,Anova_Live!$B$2:$B$60,Anova_Live!$L$2:$L$60,""),"") | W34: =IFERROR(_xlfn.XLOOKUP($A34,Anova_Live!$B$2:$B$60,Anova_Live!$M$2:$M$60,""),"") | X34: =IFERROR(_xlfn.XLOOKUP($A34,Anova_Live!$B$2:$B$60,Anova_Live!$N$2:$N$60,""),"")
A35: 4037 | B35: DAR - 4037 - DARUMA RAMEN AND BOWL | C35: 4 | D35: 4E | E35: 2650 E UNIVERSITY DR | F35: MESA | G35: AZ | H35: 33.423457 | I35: -111.7736 | J35: 350 | K35: CANOLA OIL | N35: (562) 760-8262 | R35: =IFERROR(_xlfn.XLOOKUP($A35,Anova_Live!$B$2:$B$60,Anova_Live!$A$2:$A$60,""),"") | S35: =IFERROR(_xlfn.XLOOKUP($A35,Anova_Live!$B$2:$B$60,Anova_Live!$E$2:$E$60,""),"") | T35: =IFERROR(_xlfn.XLOOKUP($A35,Anova_Live!$B$2:$B$60,Anova_Live!$K$2:$K$60,""),"") | U35: =IFERROR(_xlfn.XLOOKUP($A35,Anova_Live!$B$2:$B$60,Anova_Live!$H$2:$H$60,""),"") | V35: =IFERROR(_xlfn.XLOOKUP($A35,Anova_Live!$B$2:$B$60,Anova_Live!$L$2:$L$60,""),"") | W35: =IFERROR(_xlfn.XLOOKUP($A35,Anova_Live!$B$2:$B$60,Anova_Live!$M$2:$M$60,""),"") | X35: =IFERROR(_xlfn.XLOOKUP($A35,Anova_Live!$B$2:$B$60,Anova_Live!$N$2:$N$60,""),"")
A36: 4009 | B36: DIL - 4009 - DILLONS BBQ | C36: 1 | D36: 1D | E36: 16335 W Northern Ave | F36: Litchfield Pk | G36: AZ | H36: 33.549985 | I36: -112.41071 | J36: 1050 | K36: FRYERS CHOICE BLEND | N36: 623-535-4249 | R36: =IFERROR(_xlfn.XLOOKUP($A36,Anova_Live!$B$2:$B$60,Anova_Live!$A$2:$A$60,""),"") | S36: =IFERROR(_xlfn.XLOOKUP($A36,Anova_Live!$B$2:$B$60,Anova_Live!$E$2:$E$60,""),"") | T36: =IFERROR(_xlfn.XLOOKUP($A36,Anova_Live!$B$2:$B$60,Anova_Live!$K$2:$K$60,""),"") | U36: =IFERROR(_xlfn.XLOOKUP($A36,Anova_Live!$B$2:$B$60,Anova_Live!$H$2:$H$60,""),"") | V36: =IFERROR(_xlfn.XLOOKUP($A36,Anova_Live!$B$2:$B$60,Anova_Live!$L$2:$L$60,""),"") | W36: =IFERROR(_xlfn.XLOOKUP($A36,Anova_Live!$B$2:$B$60,Anova_Live!$M$2:$M$60,""),"") | X36: =IFERROR(_xlfn.XLOOKUP($A36,Anova_Live!$B$2:$B$60,Anova_Live!$N$2:$N$60,""),"")
A37: C173 | B37: PIN - 16058 - PINYON RESTAURANT | C37: 4 | D37: 4D | E37: 7363 E Scottsdale Mall | F37: Scottsdale | G37: AZ | H37: 33.4925 | I37: -111.92301 | J37: 950 | K37: FRYERS CHOICE | R37: =IFERROR(_xlfn.XLOOKUP($A37,Anova_Live!$B$2:$B$60,Anova_Live!$A$2:$A$60,""),"") | S37: =IFERROR(_xlfn.XLOOKUP($A37,Anova_Live!$B$2:$B$60,Anova_Live!$E$2:$E$60,""),"") | T37: =IFERROR(_xlfn.XLOOKUP($A37,Anova_Live!$B$2:$B$60,Anova_Live!$K$2:$K$60,""),"") | U37: =IFERROR(_xlfn.XLOOKUP($A37,Anova_Live!$B$2:$B$60,Anova_Live!$H$2:$H$60,""),"") | V37: =IFERROR(_xlfn.XLOOKUP($A37,Anova_Live!$B$2:$B$60,Anova_Live!$L$2:$L$60,""),"") | W37: =IFERROR(_xlfn.XLOOKUP($A37,Anova_Live!$B$2:$B$60,Anova_Live!$M$2:$M$60,""),"") | X37: =IFERROR(_xlfn.XLOOKUP($A37,Anova_Live!$B$2:$B$60,Anova_Live!$N$2:$N$60,""),"")
A38: 4014 | B38: DIL- 4014 - DILLONS BAYOU | C38: 2 | D38: 2A | E38: 40202 N 87Th Ave | F38: Peoria | G38: AZ | H38: 33.852793 | I38: -112.24698 | J38: 450 | K38: FRYERS CHOICE BLEND | N38: 623-498-5427 | R38: =IFERROR(_xlfn.XLOOKUP($A38,Anova_Live!$B$2:$B$60,Anova_Live!$A$2:$A$60,""),"") | S38: =IFERROR(_xlfn.XLOOKUP($A38,Anova_Live!$B$2:$B$60,Anova_Live!$E$2:$E$60,""),"") | T38: =IFERROR(_xlfn.XLOOKUP($A38,Anova_Live!$B$2:$B$60,Anova_Live!$K$2:$K$60,""),"") | U38: =IFERROR(_xlfn.XLOOKUP($A38,Anova_Live!$B$2:$B$60,Anova_Live!$H$2:$H$60,""),"") | V38: =IFERROR(_xlfn.XLOOKUP($A38,Anova_Live!$B$2:$B$60,Anova_Live!$L$2:$L$60,""),"") | W38: =IFERROR(_xlfn.XLOOKUP($A38,Anova_Live!$B$2:$B$60,Anova_Live!$M$2:$M$60,""),"") | X38: =IFERROR(_xlfn.XLOOKUP($A38,Anova_Live!$B$2:$B$60,Anova_Live!$N$2:$N$60,""),"")
A39: 4010 | B39: DIL59 - 4010 - DILLONS 59TH AVE | C39: 2 | D39: 2A | E39: 20585 N 59Th Ave | F39: Glendale | G39: AZ | H39: 33.67218 | I39: -112.18631 | J39: 500 | K39: FRYERS CHOICE BLEND | N39: 623-979-5353 | R39: =IFERROR(_xlfn.XLOOKUP($A39,Anova_Live!$B$2:$B$60,Anova_Live!$A$2:$A$60,""),"") | S39: =IFERROR(_xlfn.XLOOKUP($A39,Anova_Live!$B$2:$B$60,Anova_Live!$E$2:$E$60,""),"") | T39: =IFERROR(_xlfn.XLOOKUP($A39,Anova_Live!$B$2:$B$60,Anova_Live!$K$2:$K$60,""),"") | U39: =IFERROR(_xlfn.XLOOKUP($A39,Anova_Live!$B$2:$B$60,Anova_Live!$H$2:$H$60,""),"") | V39: =IFERROR(_xlfn.XLOOKUP($A39,Anova_Live!$B$2:$B$60,Anova_Live!$L$2:$L$60,""),"") | W39: =IFERROR(_xlfn.XLOOKUP($A39,Anova_Live!$B$2:$B$60,Anova_Live!$M$2:$M$60,""),"") | X39: =IFERROR(_xlfn.XLOOKUP($A39,Anova_Live!$B$2:$B$60,Anova_Live!$N$2:$N$60,""),"")
A40: 4027 | B40: DIR - 4027 - DIRTWATER | C40: 5 | D40: 5E | E40: 586 W APACHE | F40: APACHE JUNCTION | G40: AZ | H40: 33.415492 | I40: -111.55237 | J40: 900 | K40: FRYERS CHOICE BLEND | N40: 480-983-3478 | R40: =IFERROR(_xlfn.XLOOKUP($A40,Anova_Live!$B$2:$B$60,Anova_Live!$A$2:$A$60,""),"") | S40: =IFERROR(_xlfn.XLOOKUP($A40,Anova_Live!$B$2:$B$60,Anova_Live!$E$2:$E$60,""),"") | T40: =IFERROR(_xlfn.XLOOKUP($A40,Anova_Live!$B$2:$B$60,Anova_Live!$K$2:$K$60,""),"") | U40: =IFERROR(_xlfn.XLOOKUP($A40,Anova_Live!$B$2:$B$60,Anova_Live!$H$2:$H$60,""),"") | V40: =IFERROR(_xlfn.XLOOKUP($A40,Anova_Live!$B$2:$B$60,Anova_Live!$L$2:$L$60,""),"") | W40: =IFERROR(_xlfn.XLOOKUP($A40,Anova_Live!$B$2:$B$60,Anova_Live!$M$2:$M$60,""),"") | X40: =IFERROR(_xlfn.XLOOKUP($A40,Anova_Live!$B$2:$B$60,Anova_Live!$N$2:$N$60,""),"")
A41: 4029 | B41: DUR - 4029 - DURVILL FOODS | C41: 4 | D41: 4E | E41: DURVILL FOODS | F41: Phoenix | G41: AZ | H41: 33.406637 | I41: -112.01103 | J41: 2500 | K41: CANOLA OIL | P41: I AM NOT TYPICALLY PRIVY TO DELIVERIES SINCE FARAZ USUALLY DOES THEM | R41: =IFERROR(_xlfn.XLOOKUP($A41,Anova_Live!$B$2:$B$60,Anova_Live!$A$2:$A$60,""),"") | S41: =IFERROR(_xlfn.XLOOKUP($A41,Anova_Live!$B$2:$B$60,Anova_Live!$E$2:$E$60,""),"") | T41: =IFERROR(_xlfn.XLOOKUP($A41,Anova_Live!$B$2:$B$60,Anova_Live!$K$2:$K$60,""),"") | U41: =IFERROR(_xlfn.XLOOKUP($A41,Anova_Live!$B$2:$B$60,Anova_Live!$H$2:$H$60,""),"") | V41: =IFERROR(_xlfn.XLOOKUP($A41,Anova_Live!$B$2:$B$60,Anova_Live!$L$2:$L$60,""),"") | W41: =IFERROR(_xlfn.XLOOKUP($A41,Anova_Live!$B$2:$B$60,Anova_Live!$M$2:$M$60,""),"") | X41: =IFERROR(_xlfn.XLOOKUP($A41,Anova_Live!$B$2:$B$60,Anova_Live!$N$2:$N$60,""),"")
A42: 5006 | B42: ECH - 5006 - ECHO 5 SPORTS BAR | C42: 5 | D42: 5D | E42: ECHO 5 SPORTS BAR | F42: Mesa | G42: AZ | H42: 33.468258 | I42: -111.68292 | J42: 450 | K42: FRYERS CHOICE BLEND | N42: 602-391-7707 | P42: CLOSED PERMANENTLY 4/20/2026 | Q42: Y | R42: =IFERROR(_xlfn.XLOOKUP($A42,Anova_Live!$B$2:$B$60,Anova_Live!$A$2:$A$60,""),"") | S42: =IFERROR(_xlfn.XLOOKUP($A42,Anova_Live!$B$2:$B$60,Anova_Live!$E$2:$E$60,""),"") | T42: =IFERROR(_xlfn.XLOOKUP($A42,Anova_Live!$B$2:$B$60,Anova_Live!$K$2:$K$60,""),"") | U42: =IFERROR(_xlfn.XLOOKUP($A42,Anova_Live!$B$2:$B$60,Anova_Live!$H$2:$H$60,""),"") | V42: =IFERROR(_xlfn.XLOOKUP($A42,Anova_Live!$B$2:$B$60,Anova_Live!$L$2:$L$60,""),"") | W42: =IFERROR(_xlfn.XLOOKUP($A42,Anova_Live!$B$2:$B$60,Anova_Live!$M$2:$M$60,""),"") | X42: =IFERROR(_xlfn.XLOOKUP($A42,Anova_Live!$B$2:$B$60,Anova_Live!$N$2:$N$60,""),"")
A43: 5004 | B43: ELT - 5004 - EL TACO TOTE | C43: 3 | D43: 3D | E43: 3464 W Camelback Rd | F43: Phoenix | G43: AZ | H43: 33.509715 | I43: -112.13384 | J43: 500 | K43: CANOLA OIL | N43: 602-866-8683 | R43: =IFERROR(_xlfn.XLOOKUP($A43,Anova_Live!$B$2:$B$60,Anova_Live!$A$2:$A$60,""),"") | S43: =IFERROR(_xlfn.XLOOKUP($A43,Anova_Live!$B$2:$B$60,Anova_Live!$E$2:$E$60,""),"") | T43: =IFERROR(_xlfn.XLOOKUP($A43,Anova_Live!$B$2:$B$60,Anova_Live!$K$2:$K$60,""),"") | U43: =IFERROR(_xlfn.XLOOKUP($A43,Anova_Live!$B$2:$B$60,Anova_Live!$H$2:$H$60,""),"") | V43: =IFERROR(_xlfn.XLOOKUP($A43,Anova_Live!$B$2:$B$60,Anova_Live!$L$2:$L$60,""),"") | W43: =IFERROR(_xlfn.XLOOKUP($A43,Anova_Live!$B$2:$B$60,Anova_Live!$M$2:$M$60,""),"") | X43: =IFERROR(_xlfn.XLOOKUP($A43,Anova_Live!$B$2:$B$60,Anova_Live!$N$2:$N$60,""),"")
A44: 5018 | B44: ENR - 5018 - ENROUTE COFFEE AND TEA | C44: 1 | D44: 1D | E44: 15605 W ROOSEVELT ST | F44: GOODYEAR | G44: AZ | H44: 33.456415 | I44: -112.39449 | J44: 350 | K44: CANOLA OIL | N44: (253) 359-7081 | R44: =IFERROR(_xlfn.XLOOKUP($A44,Anova_Live!$B$2:$B$60,Anova_Live!$A$2:$A$60,""),"") | S44: =IFERROR(_xlfn.XLOOKUP($A44,Anova_Live!$B$2:$B$60,Anova_Live!$E$2:$E$60,""),"") | T44: =IFERROR(_xlfn.XLOOKUP($A44,Anova_Live!$B$2:$B$60,Anova_Live!$K$2:$K$60,""),"") | U44: =IFERROR(_xlfn.XLOOKUP($A44,Anova_Live!$B$2:$B$60,Anova_Live!$H$2:$H$60,""),"") | V44: =IFERROR(_xlfn.XLOOKUP($A44,Anova_Live!$B$2:$B$60,Anova_Live!$L$2:$L$60,""),"") | W44: =IFERROR(_xlfn.XLOOKUP($A44,Anova_Live!$B$2:$B$60,Anova_Live!$M$2:$M$60,""),"") | X44: =IFERROR(_xlfn.XLOOKUP($A44,Anova_Live!$B$2:$B$60,Anova_Live!$N$2:$N$60,""),"")
A45: 6101 | B45: FAT - 6101 - FATE BREWERY | C45: 4 | D45: 4D | E45: 1312 N SCOTTSDALE RD | F45: SCOTTSDALE | G45: AZ | H45: 33.462701 | I45: -111.92684 | J45: 700 | K45: CANOLA OIL | N45: 480-656-9100 | O45: Y | R45: =IFERROR(_xlfn.XLOOKUP($A45,Anova_Live!$B$2:$B$60,Anova_Live!$A$2:$A$60,""),"") | S45: =IFERROR(_xlfn.XLOOKUP($A45,Anova_Live!$B$2:$B$60,Anova_Live!$E$2:$E$60,""),"") | T45: =IFERROR(_xlfn.XLOOKUP($A45,Anova_Live!$B$2:$B$60,Anova_Live!$K$2:$K$60,""),"") | U45: =IFERROR(_xlfn.XLOOKUP($A45,Anova_Live!$B$2:$B$60,Anova_Live!$H$2:$H$60,""),"") | V45: =IFERROR(_xlfn.XLOOKUP($A45,Anova_Live!$B$2:$B$60,Anova_Live!$L$2:$L$60,""),"") | W45: =IFERROR(_xlfn.XLOOKUP($A45,Anova_Live!$B$2:$B$60,Anova_Live!$M$2:$M$60,""),"") | X45: =IFERROR(_xlfn.XLOOKUP($A45,Anova_Live!$B$2:$B$60,Anova_Live!$N$2:$N$60,""),"")
A46: 6109 | B46: FAT - 6109 - FATE BREWING TEMPE | C46: 4 | D46: 4E | E46: 201 E SOUTHERN AVE | F46: TEMPE | G46: AZ | H46: 33.392382 | I46: -111.93649 | J46: 700 | K46: CANOLA OIL | O46: Y | R46: =IFERROR(_xlfn.XLOOKUP($A46,Anova_Live!$B$2:$B$60,Anova_Live!$A$2:$A$60,""),"") | S46: =IFERROR(_xlfn.XLOOKUP($A46,Anova_Live!$B$2:$B$60,Anova_Live!$E$2:$E$60,""),"") | T46: =IFERROR(_xlfn.XLOOKUP($A46,Anova_Live!$B$2:$B$60,Anova_Live!$K$2:$K$60,""),"") | U46: =IFERROR(_xlfn.XLOOKUP($A46,Anova_Live!$B$2:$B$60,Anova_Live!$H$2:$H$60,""),"") | V46: =IFERROR(_xlfn.XLOOKUP($A46,Anova_Live!$B$2:$B$60,Anova_Live!$L$2:$L$60,""),"") | W46: =IFERROR(_xlfn.XLOOKUP($A46,Anova_Live!$B$2:$B$60,Anova_Live!$M$2:$M$60,""),"") | X46: =IFERROR(_xlfn.XLOOKUP($A46,Anova_Live!$B$2:$B$60,Anova_Live!$N$2:$N$60,""),"")
A47: 6077 | B47: FOU - 6077 - FOUR PEAKS BREWING | C47: 4 | D47: 4E | E47: 1340 E 8Th St | F47: Tempe | G47: AZ | H47: 33.41968 | I47: -111.91592 | J47: 2500 | K47: FRYERS CHOICE BLEND | N47: 480-303-9967 | O47: Y | R47: =IFERROR(_xlfn.XLOOKUP($A47,Anova_Live!$B$2:$B$60,Anova_Live!$A$2:$A$60,""),"") | S47: =IFERROR(_xlfn.XLOOKUP($A47,Anova_Live!$B$2:$B$60,Anova_Live!$E$2:$E$60,""),"") | T47: =IFERROR(_xlfn.XLOOKUP($A47,Anova_Live!$B$2:$B$60,Anova_Live!$K$2:$K$60,""),"") | U47: =IFERROR(_xlfn.XLOOKUP($A47,Anova_Live!$B$2:$B$60,Anova_Live!$H$2:$H$60,""),"") | V47: =IFERROR(_xlfn.XLOOKUP($A47,Anova_Live!$B$2:$B$60,Anova_Live!$L$2:$L$60,""),"") | W47: =IFERROR(_xlfn.XLOOKUP($A47,Anova_Live!$B$2:$B$60,Anova_Live!$M$2:$M$60,""),"") | X47: =IFERROR(_xlfn.XLOOKUP($A47,Anova_Live!$B$2:$B$60,Anova_Live!$N$2:$N$60,""),"")
A48: 12047 | B48: FUN - 12047 - FUNKY FRIDAS | C48: 3 | D48: 3C | E48: 4910 E Indian School Rd | F48: Phoenix | G48: AZ | H48: 33.494903 | I48: -111.97541 | J48: 630 | K48: CANOLA OIL | N48: (602) 955-0358 | O48: Y | R48: =IFERROR(_xlfn.XLOOKUP($A48,Anova_Live!$B$2:$B$60,Anova_Live!$A$2:$A$60,""),"") | S48: =IFERROR(_xlfn.XLOOKUP($A48,Anova_Live!$B$2:$B$60,Anova_Live!$E$2:$E$60,""),"") | T48: =IFERROR(_xlfn.XLOOKUP($A48,Anova_Live!$B$2:$B$60,Anova_Live!$K$2:$K$60,""),"") | U48: =IFERROR(_xlfn.XLOOKUP($A48,Anova_Live!$B$2:$B$60,Anova_Live!$H$2:$H$60,""),"") | V48: =IFERROR(_xlfn.XLOOKUP($A48,Anova_Live!$B$2:$B$60,Anova_Live!$L$2:$L$60,""),"") | W48: =IFERROR(_xlfn.XLOOKUP($A48,Anova_Live!$B$2:$B$60,Anova_Live!$M$2:$M$60,""),"") | X48: =IFERROR(_xlfn.XLOOKUP($A48,Anova_Live!$B$2:$B$60,Anova_Live!$N$2:$N$60,""),"")
A49: 7001 | B49: GAR - 7001 - GARCIAS MEXICAN RESTAURANT | C49: 3 | D49: 3D | E49: 2212 N 35Th Ave | F49: Phoenix | G49: AZ | H49: 33.471653 | I49: -112.13482 | J49: 1850 | K49: CANOLA OIL | N49: 602-272-5584 | R49: =IFERROR(_xlfn.XLOOKUP($A49,Anova_Live!$B$2:$B$60,Anova_Live!$A$2:$A$60,""),"") | S49: =IFERROR(_xlfn.XLOOKUP($A49,Anova_Live!$B$2:$B$60,Anova_Live!$E$2:$E$60,""),"") | T49: =IFERROR(_xlfn.XLOOKUP($A49,Anova_Live!$B$2:$B$60,Anova_Live!$K$2:$K$60,""),"") | U49: =IFERROR(_xlfn.XLOOKUP($A49,Anova_Live!$B$2:$B$60,Anova_Live!$H$2:$H$60,""),"") | V49: =IFERROR(_xlfn.XLOOKUP($A49,Anova_Live!$B$2:$B$60,Anova_Live!$L$2:$L$60,""),"") | W49: =IFERROR(_xlfn.XLOOKUP($A49,Anova_Live!$B$2:$B$60,Anova_Live!$M$2:$M$60,""),"") | X49: =IFERROR(_xlfn.XLOOKUP($A49,Anova_Live!$B$2:$B$60,Anova_Live!$N$2:$N$60,""),"")
A50: 7002 | B50: GIL - 7002 - GILBERT PIZZA | C50: 5 | D50: 5F | E50: GILBERT PIZZA | F50: Gilbert | G50: AZ | H50: 33.328977 | I50: -111.79051 | J50: 480 | K50: FRYERS CHOICE BLEND | N50: 999-999-9999 | R50: =IFERROR(_xlfn.XLOOKUP($A50,Anova_Live!$B$2:$B$60,Anova_Live!$A$2:$A$60,""),"") | S50: =IFERROR(_xlfn.XLOOKUP($A50,Anova_Live!$B$2:$B$60,Anova_Live!$E$2:$E$60,""),"") | T50: =IFERROR(_xlfn.XLOOKUP($A50,Anova_Live!$B$2:$B$60,Anova_Live!$K$2:$K$60,""),"") | U50: =IFERROR(_xlfn.XLOOKUP($A50,Anova_Live!$B$2:$B$60,Anova_Live!$H$2:$H$60,""),"") | V50: =IFERROR(_xlfn.XLOOKUP($A50,Anova_Live!$B$2:$B$60,Anova_Live!$L$2:$L$60,""),"") | W50: =IFERROR(_xlfn.XLOOKUP($A50,Anova_Live!$B$2:$B$60,Anova_Live!$M$2:$M$60,""),"") | X50: =IFERROR(_xlfn.XLOOKUP($A50,Anova_Live!$B$2:$B$60,Anova_Live!$N$2:$N$60,""),"")
A51: 7053 | B51: GLE - 7053 - GLENROSA | C51: 4 | D51: 4E | E51: 1415 N Mill Ave | F51: Tempe | G51: AZ | H51: 33.444866 | I51: -111.94796 | J51: 350 | K51: CANOLA OIL | N51: (480) 530-9880 | R51: =IFERROR(_xlfn.XLOOKUP($A51,Anova_Live!$B$2:$B$60,Anova_Live!$A$2:$A$60,""),"") | S51: =IFERROR(_xlfn.XLOOKUP($A51,Anova_Live!$B$2:$B$60,Anova_Live!$E$2:$E$60,""),"") | T51: =IFERROR(_xlfn.XLOOKUP($A51,Anova_Live!$B$2:$B$60,Anova_Live!$K$2:$K$60,""),"") | U51: =IFERROR(_xlfn.XLOOKUP($A51,Anova_Live!$B$2:$B$60,Anova_Live!$H$2:$H$60,""),"") | V51: =IFERROR(_xlfn.XLOOKUP($A51,Anova_Live!$B$2:$B$60,Anova_Live!$L$2:$L$60,""),"") | W51: =IFERROR(_xlfn.XLOOKUP($A51,Anova_Live!$B$2:$B$60,Anova_Live!$M$2:$M$60,""),"") | X51: =IFERROR(_xlfn.XLOOKUP($A51,Anova_Live!$B$2:$B$60,Anova_Live!$N$2:$N$60,""),"")
A52: 7052 | B52: GOL - 7052 - GOLD CANYON RESORT & SPA | C52: 5 | D52: 5E | E52: 6100 S Kings Ranch Road | F52: Gold Canyon | G52: AZ | H52: 33.361952 | I52: -111.4451 | J52: 350 | K52: CANOLA OIL | N52: (480) 671-5533 | R52: =IFERROR(_xlfn.XLOOKUP($A52,Anova_Live!$B$2:$B$60,Anova_Live!$A$2:$A$60,""),"") | S52: =IFERROR(_xlfn.XLOOKUP($A52,Anova_Live!$B$2:$B$60,Anova_Live!$E$2:$E$60,""),"") | T52: =IFERROR(_xlfn.XLOOKUP($A52,Anova_Live!$B$2:$B$60,Anova_Live!$K$2:$K$60,""),"") | U52: =IFERROR(_xlfn.XLOOKUP($A52,Anova_Live!$B$2:$B$60,Anova_Live!$H$2:$H$60,""),"") | V52: =IFERROR(_xlfn.XLOOKUP($A52,Anova_Live!$B$2:$B$60,Anova_Live!$L$2:$L$60,""),"") | W52: =IFERROR(_xlfn.XLOOKUP($A52,Anova_Live!$B$2:$B$60,Anova_Live!$M$2:$M$60,""),"") | X52: =IFERROR(_xlfn.XLOOKUP($A52,Anova_Live!$B$2:$B$60,Anova_Live!$N$2:$N$60,""),"")
A53: 8031 | B53: HAR - 8031 - HAROLDS | C53: 4 | D53: 4A | E53: 6895 E Cave Creek Rd | F53: Cave Creek | G53: AZ | H53: 33.830151 | I53: -111.93294 | J53: 1050 | K53: FRYERS CHOICE BLEND | O53: Y | R53: =IFERROR(_xlfn.XLOOKUP($A53,Anova_Live!$B$2:$B$60,Anova_Live!$A$2:$A$60,""),"") | S53: =IFERROR(_xlfn.XLOOKUP($A53,Anova_Live!$B$2:$B$60,Anova_Live!$E$2:$E$60,""),"") | T53: =IFERROR(_xlfn.XLOOKUP($A53,Anova_Live!$B$2:$B$60,Anova_Live!$K$2:$K$60,""),"") | U53: =IFERROR(_xlfn.XLOOKUP($A53,Anova_Live!$B$2:$B$60,Anova_Live!$H$2:$H$60,""),"") | V53: =IFERROR(_xlfn.XLOOKUP($A53,Anova_Live!$B$2:$B$60,Anova_Live!$L$2:$L$60,""),"") | W53: =IFERROR(_xlfn.XLOOKUP($A53,Anova_Live!$B$2:$B$60,Anova_Live!$M$2:$M$60,""),"") | X53: =IFERROR(_xlfn.XLOOKUP($A53,Anova_Live!$B$2:$B$60,Anova_Live!$N$2:$N$60,""),"")
A54: 8034 | B54: HOR - 8034 - HORNY TOAD | C54: 4 | D54: 4A | E54: 6738 E Cave Creek Rd | F54: Cave Creek | G54: AZ | H54: 33.833297 | I54: -111.9353 | J54: 900 | K54: FRYERS CHOICE BLEND | N54: (480) 488-9542 | O54: Y | R54: =IFERROR(_xlfn.XLOOKUP($A54,Anova_Live!$B$2:$B$60,Anova_Live!$A$2:$A$60,""),"") | S54: =IFERROR(_xlfn.XLOOKUP($A54,Anova_Live!$B$2:$B$60,Anova_Live!$E$2:$E$60,""),"") | T54: =IFERROR(_xlfn.XLOOKUP($A54,Anova_Live!$B$2:$B$60,Anova_Live!$K$2:$K$60,""),"") | U54: =IFERROR(_xlfn.XLOOKUP($A54,Anova_Live!$B$2:$B$60,Anova_Live!$H$2:$H$60,""),"") | V54: =IFERROR(_xlfn.XLOOKUP($A54,Anova_Live!$B$2:$B$60,Anova_Live!$L$2:$L$60,""),"") | W54: =IFERROR(_xlfn.XLOOKUP($A54,Anova_Live!$B$2:$B$60,Anova_Live!$M$2:$M$60,""),"") | X54: =IFERROR(_xlfn.XLOOKUP($A54,Anova_Live!$B$2:$B$60,Anova_Live!$N$2:$N$60,""),"")
A55: 8005 | B55: HUN - 8005 - HUNGRY MONK | C55: 4 | D55: 4F | E55: 1760 W Chandler Blvd | F55: Chandler | G55: AZ | H55: 33.306642 | I55: -111.87282 | J55: 950 | K55: CANOLA OIL | N55: 480-963-8000 - Jimmy | R55: =IFERROR(_xlfn.XLOOKUP($A55,Anova_Live!$B$2:$B$60,Anova_Live!$A$2:$A$60,""),"") | S55: =IFERROR(_xlfn.XLOOKUP($A55,Anova_Live!$B$2:$B$60,Anova_Live!$E$2:$E$60,""),"") | T55: =IFERROR(_xlfn.XLOOKUP($A55,Anova_Live!$B$2:$B$60,Anova_Live!$K$2:$K$60,""),"") | U55: =IFERROR(_xlfn.XLOOKUP($A55,Anova_Live!$B$2:$B$60,Anova_Live!$H$2:$H$60,""),"") | V55: =IFERROR(_xlfn.XLOOKUP($A55,Anova_Live!$B$2:$B$60,Anova_Live!$L$2:$L$60,""),"") | W55: =IFERROR(_xlfn.XLOOKUP($A55,Anova_Live!$B$2:$B$60,Anova_Live!$M$2:$M$60,""),"") | X55: =IFERROR(_xlfn.XLOOKUP($A55,Anova_Live!$B$2:$B$60,Anova_Live!$N$2:$N$60,""),"")
A56: 10001 | B56: JALS - 10001 - JALAPENOS INFERNO SCOTTS | C56: 4 | D56: 4B | E56: JALAPENO'S INFERNO BISTRO | F56: Scottsdale | G56: AZ | H56: 33.700678 | I56: -111.92342 | J56: 950 | K56: FRYERS CHOICE BLEND | N56: 480-585-6442 | R56: =IFERROR(_xlfn.XLOOKUP($A56,Anova_Live!$B$2:$B$60,Anova_Live!$A$2:$A$60,""),"") | S56: =IFERROR(_xlfn.XLOOKUP($A56,Anova_Live!$B$2:$B$60,Anova_Live!$E$2:$E$60,""),"") | T56: =IFERROR(_xlfn.XLOOKUP($A56,Anova_Live!$B$2:$B$60,Anova_Live!$K$2:$K$60,""),"") | U56: =IFERROR(_xlfn.XLOOKUP($A56,Anova_Live!$B$2:$B$60,Anova_Live!$H$2:$H$60,""),"") | V56: =IFERROR(_xlfn.XLOOKUP($A56,Anova_Live!$B$2:$B$60,Anova_Live!$L$2:$L$60,""),"") | W56: =IFERROR(_xlfn.XLOOKUP($A56,Anova_Live!$B$2:$B$60,Anova_Live!$M$2:$M$60,""),"") | X56: =IFERROR(_xlfn.XLOOKUP($A56,Anova_Live!$B$2:$B$60,Anova_Live!$N$2:$N$60,""),"")
A57: 10011 | B57: JIC - 10011 - JICKY JACKS | C57: 4 | D57: 4B | E57: 9611 W CAMELBACK, STE 101 | F57: PHOENIX | G57: AZ | H57: 33.507594 | I57: -112.26631 | J57: 620 | K57: FRYERS CHOICE BLEND | R57: =IFERROR(_xlfn.XLOOKUP($A57,Anova_Live!$B$2:$B$60,Anova_Live!$A$2:$A$60,""),"") | S57: =IFERROR(_xlfn.XLOOKUP($A57,Anova_Live!$B$2:$B$60,Anova_Live!$E$2:$E$60,""),"") | T57: =IFERROR(_xlfn.XLOOKUP($A57,Anova_Live!$B$2:$B$60,Anova_Live!$K$2:$K$60,""),"") | U57: =IFERROR(_xlfn.XLOOKUP($A57,Anova_Live!$B$2:$B$60,Anova_Live!$H$2:$H$60,""),"") | V57: =IFERROR(_xlfn.XLOOKUP($A57,Anova_Live!$B$2:$B$60,Anova_Live!$L$2:$L$60,""),"") | W57: =IFERROR(_xlfn.XLOOKUP($A57,Anova_Live!$B$2:$B$60,Anova_Live!$M$2:$M$60,""),"") | X57: =IFERROR(_xlfn.XLOOKUP($A57,Anova_Live!$B$2:$B$60,Anova_Live!$N$2:$N$60,""),"")
A58: 11005 | B58: KAR - 11005 - KARMA SUSHI | C58: 4 | D58: 4B | E58: 6 E Route 66 | F58: Flagstaff | G58: AZ | H58: 35.19768 | I58: -111.64881 | J58: 950 | K58: CANOLA OIL | N58: 928-774-6100 | R58: =IFERROR(_xlfn.XLOOKUP($A58,Anova_Live!$B$2:$B$60,Anova_Live!$A$2:$A$60,""),"") | S58: =IFERROR(_xlfn.XLOOKUP($A58,Anova_Live!$B$2:$B$60,Anova_Live!$E$2:$E$60,""),"") | T58: =IFERROR(_xlfn.XLOOKUP($A58,Anova_Live!$B$2:$B$60,Anova_Live!$K$2:$K$60,""),"") | U58: =IFERROR(_xlfn.XLOOKUP($A58,Anova_Live!$B$2:$B$60,Anova_Live!$H$2:$H$60,""),"") | V58: =IFERROR(_xlfn.XLOOKUP($A58,Anova_Live!$B$2:$B$60,Anova_Live!$L$2:$L$60,""),"") | W58: =IFERROR(_xlfn.XLOOKUP($A58,Anova_Live!$B$2:$B$60,Anova_Live!$M$2:$M$60,""),"") | X58: =IFERROR(_xlfn.XLOOKUP($A58,Anova_Live!$B$2:$B$60,Anova_Live!$N$2:$N$60,""),"")
A59: 11014 | B59: KAR - 11014 - KARIBU RESTAURANT | C59: 4 | D59: 4B | E59: 4935 W Glendale | F59: Glendale | G59: AZ | H59: 33.537963 | I59: -112.16595 | J59: 350 | K59: CANOLA OIL | R59: =IFERROR(_xlfn.XLOOKUP($A59,Anova_Live!$B$2:$B$60,Anova_Live!$A$2:$A$60,""),"") | S59: =IFERROR(_xlfn.XLOOKUP($A59,Anova_Live!$B$2:$B$60,Anova_Live!$E$2:$E$60,""),"") | T59: =IFERROR(_xlfn.XLOOKUP($A59,Anova_Live!$B$2:$B$60,Anova_Live!$K$2:$K$60,""),"") | U59: =IFERROR(_xlfn.XLOOKUP($A59,Anova_Live!$B$2:$B$60,Anova_Live!$H$2:$H$60,""),"") | V59: =IFERROR(_xlfn.XLOOKUP($A59,Anova_Live!$B$2:$B$60,Anova_Live!$L$2:$L$60,""),"") | W59: =IFERROR(_xlfn.XLOOKUP($A59,Anova_Live!$B$2:$B$60,Anova_Live!$M$2:$M$60,""),"") | X59: =IFERROR(_xlfn.XLOOKUP($A59,Anova_Live!$B$2:$B$60,Anova_Live!$N$2:$N$60,""),"")
A60: 11013 | B60: KOD - 11013 - K O'DONNELS SPORTS BAR & GRILL | C60: 4 | D60: 4B | E60: 14850 N Northsight Blvd | F60: Scottsdale | G60: AZ | H60: 33.620237 | I60: -111.89816 | J60: 1050 | K60: CANOLA OIL | N60: (480) 241-1533 | O60: Y | R60: =IFERROR(_xlfn.XLOOKUP($A60,Anova_Live!$B$2:$B$60,Anova_Live!$A$2:$A$60,""),"") | S60: =IFERROR(_xlfn.XLOOKUP($A60,Anova_Live!$B$2:$B$60,Anova_Live!$E$2:$E$60,""),"") | T60: =IFERROR(_xlfn.XLOOKUP($A60,Anova_Live!$B$2:$B$60,Anova_Live!$K$2:$K$60,""),"") | U60: =IFERROR(_xlfn.XLOOKUP($A60,Anova_Live!$B$2:$B$60,Anova_Live!$H$2:$H$60,""),"") | V60: =IFERROR(_xlfn.XLOOKUP($A60,Anova_Live!$B$2:$B$60,Anova_Live!$L$2:$L$60,""),"") | W60: =IFERROR(_xlfn.XLOOKUP($A60,Anova_Live!$B$2:$B$60,Anova_Live!$M$2:$M$60,""),"") | X60: =IFERROR(_xlfn.XLOOKUP($A60,Anova_Live!$B$2:$B$60,Anova_Live!$N$2:$N$60,""),"")
A61: 11016 | B61: KRI - 11016 - KRISPY KRUNCHY CHICKEN | C61: 4 | D61: 4C | E61: 3501 WEST PEORIA AVE | F61: PHOENIX | G61: AZ | H61: 33.581676 | I61: -112.13455 | J61: 350 | K61: CANOLA OIL | N61: (602) 621-7062 | R61: =IFERROR(_xlfn.XLOOKUP($A61,Anova_Live!$B$2:$B$60,Anova_Live!$A$2:$A$60,""),"") | S61: =IFERROR(_xlfn.XLOOKUP($A61,Anova_Live!$B$2:$B$60,Anova_Live!$E$2:$E$60,""),"") | T61: =IFERROR(_xlfn.XLOOKUP($A61,Anova_Live!$B$2:$B$60,Anova_Live!$K$2:$K$60,""),"") | U61: =IFERROR(_xlfn.XLOOKUP($A61,Anova_Live!$B$2:$B$60,Anova_Live!$H$2:$H$60,""),"") | V61: =IFERROR(_xlfn.XLOOKUP($A61,Anova_Live!$B$2:$B$60,Anova_Live!$L$2:$L$60,""),"") | W61: =IFERROR(_xlfn.XLOOKUP($A61,Anova_Live!$B$2:$B$60,Anova_Live!$M$2:$M$60,""),"") | X61: =IFERROR(_xlfn.XLOOKUP($A61,Anova_Live!$B$2:$B$60,Anova_Live!$N$2:$N$60,""),"")
A62: 12053 | B62: LA - 12053 - LA FIESTA CARNICERIA | C62: 4 | D62: 4C | E62: 7707 W MC 85 | F62: Buckeye | G62: Arizona | H62: 33.376237 | I62: -112.57168 | J62: 1050 | K62: FRYERS CHOICE BLEND | N62: (623) 474-0088 | O62: Y | R62: =IFERROR(_xlfn.XLOOKUP($A62,Anova_Live!$B$2:$B$60,Anova_Live!$A$2:$A$60,""),"") | S62: =IFERROR(_xlfn.XLOOKUP($A62,Anova_Live!$B$2:$B$60,Anova_Live!$E$2:$E$60,""),"") | T62: =IFERROR(_xlfn.XLOOKUP($A62,Anova_Live!$B$2:$B$60,Anova_Live!$K$2:$K$60,""),"") | U62: =IFERROR(_xlfn.XLOOKUP($A62,Anova_Live!$B$2:$B$60,Anova_Live!$H$2:$H$60,""),"") | V62: =IFERROR(_xlfn.XLOOKUP($A62,Anova_Live!$B$2:$B$60,Anova_Live!$L$2:$L$60,""),"") | W62: =IFERROR(_xlfn.XLOOKUP($A62,Anova_Live!$B$2:$B$60,Anova_Live!$M$2:$M$60,""),"") | X62: =IFERROR(_xlfn.XLOOKUP($A62,Anova_Live!$B$2:$B$60,Anova_Live!$N$2:$N$60,""),"")
A63: 2010 | B63: LIB - 2010 - LIBERTY TAVERN | C63: 3 | D63: 3E | E63: LIBERTY TAVERN | F63: Phoenix | G63: AZ | H63: 33.583028 | I63: -112.05167 | J63: 500 | K63: CANOLA OIL | R63: =IFERROR(_xlfn.XLOOKUP($A63,Anova_Live!$B$2:$B$60,Anova_Live!$A$2:$A$60,""),"") | S63: =IFERROR(_xlfn.XLOOKUP($A63,Anova_Live!$B$2:$B$60,Anova_Live!$E$2:$E$60,""),"") | T63: =IFERROR(_xlfn.XLOOKUP($A63,Anova_Live!$B$2:$B$60,Anova_Live!$K$2:$K$60,""),"") | U63: =IFERROR(_xlfn.XLOOKUP($A63,Anova_Live!$B$2:$B$60,Anova_Live!$H$2:$H$60,""),"") | V63: =IFERROR(_xlfn.XLOOKUP($A63,Anova_Live!$B$2:$B$60,Anova_Live!$L$2:$L$60,""),"") | W63: =IFERROR(_xlfn.XLOOKUP($A63,Anova_Live!$B$2:$B$60,Anova_Live!$M$2:$M$60,""),"") | X63: =IFERROR(_xlfn.XLOOKUP($A63,Anova_Live!$B$2:$B$60,Anova_Live!$N$2:$N$60,""),"")
A64: 12055 | B64: LIT - 12055 - LITTLE O'S CENTRAL | C64: 3 | D64: 3E | E64: 8525 N CENTRAL AVE | F64: PHOENIX | G64: ARIZONA | H64: 33.56126 | I64: -112.07367 | J64: 1050 | K64: CANOLA OIL | N64: DARRELL (602) 803-1875 | O64: Y | R64: =IFERROR(_xlfn.XLOOKUP($A64,Anova_Live!$B$2:$B$60,Anova_Live!$A$2:$A$60,""),"") | S64: =IFERROR(_xlfn.XLOOKUP($A64,Anova_Live!$B$2:$B$60,Anova_Live!$E$2:$E$60,""),"") | T64: =IFERROR(_xlfn.XLOOKUP($A64,Anova_Live!$B$2:$B$60,Anova_Live!$K$2:$K$60,""),"") | U64: =IFERROR(_xlfn.XLOOKUP($A64,Anova_Live!$B$2:$B$60,Anova_Live!$H$2:$H$60,""),"") | V64: =IFERROR(_xlfn.XLOOKUP($A64,Anova_Live!$B$2:$B$60,Anova_Live!$L$2:$L$60,""),"") | W64: =IFERROR(_xlfn.XLOOKUP($A64,Anova_Live!$B$2:$B$60,Anova_Live!$M$2:$M$60,""),"") | X64: =IFERROR(_xlfn.XLOOKUP($A64,Anova_Live!$B$2:$B$60,Anova_Live!$N$2:$N$60,""),"")
A65: 12048 | B65: LIV - 12048 - LIVING ROOM SCOTTSDALE | C65: 4 | D65: 4B | E65: 20751 N Pima Rd | F65: Scottsdale | G65: AZ | H65: 33.67552 | I65: -111.88833 | J65: 1050 | K65: CANOLA OIL | N65: (480) 404-7465 | O65: Y | R65: =IFERROR(_xlfn.XLOOKUP($A65,Anova_Live!$B$2:$B$60,Anova_Live!$A$2:$A$60,""),"") | S65: =IFERROR(_xlfn.XLOOKUP($A65,Anova_Live!$B$2:$B$60,Anova_Live!$E$2:$E$60,""),"") | T65: =IFERROR(_xlfn.XLOOKUP($A65,Anova_Live!$B$2:$B$60,Anova_Live!$K$2:$K$60,""),"") | U65: =IFERROR(_xlfn.XLOOKUP($A65,Anova_Live!$B$2:$B$60,Anova_Live!$H$2:$H$60,""),"") | V65: =IFERROR(_xlfn.XLOOKUP($A65,Anova_Live!$B$2:$B$60,Anova_Live!$L$2:$L$60,""),"") | W65: =IFERROR(_xlfn.XLOOKUP($A65,Anova_Live!$B$2:$B$60,Anova_Live!$M$2:$M$60,""),"") | X65: =IFERROR(_xlfn.XLOOKUP($A65,Anova_Live!$B$2:$B$60,Anova_Live!$N$2:$N$60,""),"")
A66: 12025 | B66: LOC - 12025 - LOCO PATRON | C66: 4 | D66: 4B | E66: 14950 N NORTHSIGHT BLVD | F66: SCOTTSDALE | G66: AZ | H66: 33.621628 | I66: -111.89778 | J66: 620 | K66: FRYERS CHOICE BLEND | N66: 480-699-7271 | O66: Y | R66: =IFERROR(_xlfn.XLOOKUP($A66,Anova_Live!$B$2:$B$60,Anova_Live!$A$2:$A$60,""),"") | S66: =IFERROR(_xlfn.XLOOKUP($A66,Anova_Live!$B$2:$B$60,Anova_Live!$E$2:$E$60,""),"") | T66: =IFERROR(_xlfn.XLOOKUP($A66,Anova_Live!$B$2:$B$60,Anova_Live!$K$2:$K$60,""),"") | U66: =IFERROR(_xlfn.XLOOKUP($A66,Anova_Live!$B$2:$B$60,Anova_Live!$H$2:$H$60,""),"") | V66: =IFERROR(_xlfn.XLOOKUP($A66,Anova_Live!$B$2:$B$60,Anova_Live!$L$2:$L$60,""),"") | W66: =IFERROR(_xlfn.XLOOKUP($A66,Anova_Live!$B$2:$B$60,Anova_Live!$M$2:$M$60,""),"") | X66: =IFERROR(_xlfn.XLOOKUP($A66,Anova_Live!$B$2:$B$60,Anova_Live!$N$2:$N$60,""),"")
A67: 12050 | B67: LON - 12050 - LONG WONG 35TH | C67: 3 | D67: 3E | E67: 6260 S 35TH AVE | F67: PHOENIX | G67: AZ | H67: 33.38939 | I67: -112.13427 | J67: 1050 | K67: CANOLA OIL | N67: (602) 268-3350 | O67: Y | R67: =IFERROR(_xlfn.XLOOKUP($A67,Anova_Live!$B$2:$B$60,Anova_Live!$A$2:$A$60,""),"") | S67: =IFERROR(_xlfn.XLOOKUP($A67,Anova_Live!$B$2:$B$60,Anova_Live!$E$2:$E$60,""),"") | T67: =IFERROR(_xlfn.XLOOKUP($A67,Anova_Live!$B$2:$B$60,Anova_Live!$K$2:$K$60,""),"") | U67: =IFERROR(_xlfn.XLOOKUP($A67,Anova_Live!$B$2:$B$60,Anova_Live!$H$2:$H$60,""),"") | V67: =IFERROR(_xlfn.XLOOKUP($A67,Anova_Live!$B$2:$B$60,Anova_Live!$L$2:$L$60,""),"") | W67: =IFERROR(_xlfn.XLOOKUP($A67,Anova_Live!$B$2:$B$60,Anova_Live!$M$2:$M$60,""),"") | X67: =IFERROR(_xlfn.XLOOKUP($A67,Anova_Live!$B$2:$B$60,Anova_Live!$N$2:$N$60,""),"")
A68: 12051 | B68: LON - 12051 - LONG WONG LOWER BUCKEYE | C68: 2 | D68: 2E | E68: 7625 W LOWER BUCKEYE RD | F68: PHOENIX | G68: AZ | H68: 33.420729 | I68: -112.22423 | J68: 1050 | K68: CANOLA OIL | N68: (623) 248-4165 | R68: =IFERROR(_xlfn.XLOOKUP($A68,Anova_Live!$B$2:$B$60,Anova_Live!$A$2:$A$60,""),"") | S68: =IFERROR(_xlfn.XLOOKUP($A68,Anova_Live!$B$2:$B$60,Anova_Live!$E$2:$E$60,""),"") | T68: =IFERROR(_xlfn.XLOOKUP($A68,Anova_Live!$B$2:$B$60,Anova_Live!$K$2:$K$60,""),"") | U68: =IFERROR(_xlfn.XLOOKUP($A68,Anova_Live!$B$2:$B$60,Anova_Live!$H$2:$H$60,""),"") | V68: =IFERROR(_xlfn.XLOOKUP($A68,Anova_Live!$B$2:$B$60,Anova_Live!$L$2:$L$60,""),"") | W68: =IFERROR(_xlfn.XLOOKUP($A68,Anova_Live!$B$2:$B$60,Anova_Live!$M$2:$M$60,""),"") | X68: =IFERROR(_xlfn.XLOOKUP($A68,Anova_Live!$B$2:$B$60,Anova_Live!$N$2:$N$60,""),"")
A69: 12009 | B69: LON75 - 12009 - LONG WONG 75/THOMAS | C69: 2 | D69: 2D | E69: 7415 W Thomas Rd | F69: Phoenix | G69: AZ | H69: 33.479681 | I69: -112.21933 | J69: 700 | K69: CANOLA OIL | N69: 623-247-5310 | O69: Y | R69: =IFERROR(_xlfn.XLOOKUP($A69,Anova_Live!$B$2:$B$60,Anova_Live!$A$2:$A$60,""),"") | S69: =IFERROR(_xlfn.XLOOKUP($A69,Anova_Live!$B$2:$B$60,Anova_Live!$E$2:$E$60,""),"") | T69: =IFERROR(_xlfn.XLOOKUP($A69,Anova_Live!$B$2:$B$60,Anova_Live!$K$2:$K$60,""),"") | U69: =IFERROR(_xlfn.XLOOKUP($A69,Anova_Live!$B$2:$B$60,Anova_Live!$H$2:$H$60,""),"") | V69: =IFERROR(_xlfn.XLOOKUP($A69,Anova_Live!$B$2:$B$60,Anova_Live!$L$2:$L$60,""),"") | W69: =IFERROR(_xlfn.XLOOKUP($A69,Anova_Live!$B$2:$B$60,Anova_Live!$M$2:$M$60,""),"") | X69: =IFERROR(_xlfn.XLOOKUP($A69,Anova_Live!$B$2:$B$60,Anova_Live!$N$2:$N$60,""),"")
A70: 13057 | B70: MAN - 13057 - MANUEL CHANDLER | C70: 4 | D70: 4F | E70: 4210 S Arizona Ave | F70: Chandler | G70: AZ | H70: 33.245573 | I70: -111.8426 | J70: 950 | K70: CANOLA OIL | O70: Y | R70: =IFERROR(_xlfn.XLOOKUP($A70,Anova_Live!$B$2:$B$60,Anova_Live!$A$2:$A$60,""),"") | S70: =IFERROR(_xlfn.XLOOKUP($A70,Anova_Live!$B$2:$B$60,Anova_Live!$E$2:$E$60,""),"") | T70: =IFERROR(_xlfn.XLOOKUP($A70,Anova_Live!$B$2:$B$60,Anova_Live!$K$2:$K$60,""),"") | U70: =IFERROR(_xlfn.XLOOKUP($A70,Anova_Live!$B$2:$B$60,Anova_Live!$H$2:$H$60,""),"") | V70: =IFERROR(_xlfn.XLOOKUP($A70,Anova_Live!$B$2:$B$60,Anova_Live!$L$2:$L$60,""),"") | W70: =IFERROR(_xlfn.XLOOKUP($A70,Anova_Live!$B$2:$B$60,Anova_Live!$M$2:$M$60,""),"") | X70: =IFERROR(_xlfn.XLOOKUP($A70,Anova_Live!$B$2:$B$60,Anova_Live!$N$2:$N$60,""),"")
A71: 13069 | B71: MAN - 13069 - MANUEL SHEA | C71: 3 | D71: 3C | E71: 3131 E Shea Blvd | F71: Phoenix | G71: AZ | H71: 33.582157 | I71: -112.01404 | J71: 900 | K71: CANOLA OIL | O71: Y | R71: =IFERROR(_xlfn.XLOOKUP($A71,Anova_Live!$B$2:$B$60,Anova_Live!$A$2:$A$60,""),"") | S71: =IFERROR(_xlfn.XLOOKUP($A71,Anova_Live!$B$2:$B$60,Anova_Live!$E$2:$E$60,""),"") | T71: =IFERROR(_xlfn.XLOOKUP($A71,Anova_Live!$B$2:$B$60,Anova_Live!$K$2:$K$60,""),"") | U71: =IFERROR(_xlfn.XLOOKUP($A71,Anova_Live!$B$2:$B$60,Anova_Live!$H$2:$H$60,""),"") | V71: =IFERROR(_xlfn.XLOOKUP($A71,Anova_Live!$B$2:$B$60,Anova_Live!$L$2:$L$60,""),"") | W71: =IFERROR(_xlfn.XLOOKUP($A71,Anova_Live!$B$2:$B$60,Anova_Live!$M$2:$M$60,""),"") | X71: =IFERROR(_xlfn.XLOOKUP($A71,Anova_Live!$B$2:$B$60,Anova_Live!$N$2:$N$60,""),"")
A72: 13012 | B72: MAN1 - 13012 - MANUEL MCDOWELL | C72: 1 | D72: 1D | E72: MANUEL MCDOWELL | F72: Goodyear | G72: AZ | H72: 33.463092 | I72: -112.34566 | J72: 950 | K72: CANOLA OIL | N72: 623-435-3793 | R72: =IFERROR(_xlfn.XLOOKUP($A72,Anova_Live!$B$2:$B$60,Anova_Live!$A$2:$A$60,""),"") | S72: =IFERROR(_xlfn.XLOOKUP($A72,Anova_Live!$B$2:$B$60,Anova_Live!$E$2:$E$60,""),"") | T72: =IFERROR(_xlfn.XLOOKUP($A72,Anova_Live!$B$2:$B$60,Anova_Live!$K$2:$K$60,""),"") | U72: =IFERROR(_xlfn.XLOOKUP($A72,Anova_Live!$B$2:$B$60,Anova_Live!$H$2:$H$60,""),"") | V72: =IFERROR(_xlfn.XLOOKUP($A72,Anova_Live!$B$2:$B$60,Anova_Live!$L$2:$L$60,""),"") | W72: =IFERROR(_xlfn.XLOOKUP($A72,Anova_Live!$B$2:$B$60,Anova_Live!$M$2:$M$60,""),"") | X72: =IFERROR(_xlfn.XLOOKUP($A72,Anova_Live!$B$2:$B$60,Anova_Live!$N$2:$N$60,""),"")
A73: 13011 | B73: MAN3 - 13011 - MANUEL INDIAN SCHOOL | C73: 3 | D73: 3D | E73: 2820 E Indian School Rd | F73: Phoenix | G73: AZ | H73: 33.495319 | I73: -112.02076 | J73: 1000 | K73: CANOLA OIL | N73: 602-957-7540 | R73: =IFERROR(_xlfn.XLOOKUP($A73,Anova_Live!$B$2:$B$60,Anova_Live!$A$2:$A$60,""),"") | S73: =IFERROR(_xlfn.XLOOKUP($A73,Anova_Live!$B$2:$B$60,Anova_Live!$E$2:$E$60,""),"") | T73: =IFERROR(_xlfn.XLOOKUP($A73,Anova_Live!$B$2:$B$60,Anova_Live!$K$2:$K$60,""),"") | U73: =IFERROR(_xlfn.XLOOKUP($A73,Anova_Live!$B$2:$B$60,Anova_Live!$H$2:$H$60,""),"") | V73: =IFERROR(_xlfn.XLOOKUP($A73,Anova_Live!$B$2:$B$60,Anova_Live!$L$2:$L$60,""),"") | W73: =IFERROR(_xlfn.XLOOKUP($A73,Anova_Live!$B$2:$B$60,Anova_Live!$M$2:$M$60,""),"") | X73: =IFERROR(_xlfn.XLOOKUP($A73,Anova_Live!$B$2:$B$60,Anova_Live!$N$2:$N$60,""),"")
A74: 13009 | B74: MAN6 - 13009 - MANUEL BELL | C74: 3 | D74: 3C | E74: MANUEL BELL | F74: PHOENIX | G74: AZ | H74: 33.639774 | I74: -112.08774 | J74: 1050 | K74: CANOLA OIL | N74: 602-993-8778 | O74: Y | R74: =IFERROR(_xlfn.XLOOKUP($A74,Anova_Live!$B$2:$B$60,Anova_Live!$A$2:$A$60,""),"") | S74: =IFERROR(_xlfn.XLOOKUP($A74,Anova_Live!$B$2:$B$60,Anova_Live!$E$2:$E$60,""),"") | T74: =IFERROR(_xlfn.XLOOKUP($A74,Anova_Live!$B$2:$B$60,Anova_Live!$K$2:$K$60,""),"") | U74: =IFERROR(_xlfn.XLOOKUP($A74,Anova_Live!$B$2:$B$60,Anova_Live!$H$2:$H$60,""),"") | V74: =IFERROR(_xlfn.XLOOKUP($A74,Anova_Live!$B$2:$B$60,Anova_Live!$L$2:$L$60,""),"") | W74: =IFERROR(_xlfn.XLOOKUP($A74,Anova_Live!$B$2:$B$60,Anova_Live!$M$2:$M$60,""),"") | X74: =IFERROR(_xlfn.XLOOKUP($A74,Anova_Live!$B$2:$B$60,Anova_Live!$N$2:$N$60,""),"")
A75: 13015 | B75: MAN7 - 13015 - MANUEL SOUTHERN | C75: 4 | D75: 4E | E75: 2350 E Southern Ave | F75: Tempe | G75: AZ | H75: 33.393508 | I75: -111.88826 | J75: 950 | K75: CANOLA OIL | N75: 480-345-1961 Ext. 1 | R75: =IFERROR(_xlfn.XLOOKUP($A75,Anova_Live!$B$2:$B$60,Anova_Live!$A$2:$A$60,""),"") | S75: =IFERROR(_xlfn.XLOOKUP($A75,Anova_Live!$B$2:$B$60,Anova_Live!$E$2:$E$60,""),"") | T75: =IFERROR(_xlfn.XLOOKUP($A75,Anova_Live!$B$2:$B$60,Anova_Live!$K$2:$K$60,""),"") | U75: =IFERROR(_xlfn.XLOOKUP($A75,Anova_Live!$B$2:$B$60,Anova_Live!$H$2:$H$60,""),"") | V75: =IFERROR(_xlfn.XLOOKUP($A75,Anova_Live!$B$2:$B$60,Anova_Live!$L$2:$L$60,""),"") | W75: =IFERROR(_xlfn.XLOOKUP($A75,Anova_Live!$B$2:$B$60,Anova_Live!$M$2:$M$60,""),"") | X75: =IFERROR(_xlfn.XLOOKUP($A75,Anova_Live!$B$2:$B$60,Anova_Live!$N$2:$N$60,""),"")
A76: 13014 | B76: MAN9 - 13014 - MANUEL SCOTTSDALE | C76: 4 | D76: 4C | E76: 8809 E Mountain View Rd | F76: Scottsdale | G76: AZ | H76: 33.575034 | I76: -111.88825 | J76: 900 | K76: CANOLA OIL | N76: 480-661-1587 | R76: =IFERROR(_xlfn.XLOOKUP($A76,Anova_Live!$B$2:$B$60,Anova_Live!$A$2:$A$60,""),"") | S76: =IFERROR(_xlfn.XLOOKUP($A76,Anova_Live!$B$2:$B$60,Anova_Live!$E$2:$E$60,""),"") | T76: =IFERROR(_xlfn.XLOOKUP($A76,Anova_Live!$B$2:$B$60,Anova_Live!$K$2:$K$60,""),"") | U76: =IFERROR(_xlfn.XLOOKUP($A76,Anova_Live!$B$2:$B$60,Anova_Live!$H$2:$H$60,""),"") | V76: =IFERROR(_xlfn.XLOOKUP($A76,Anova_Live!$B$2:$B$60,Anova_Live!$L$2:$L$60,""),"") | W76: =IFERROR(_xlfn.XLOOKUP($A76,Anova_Live!$B$2:$B$60,Anova_Live!$M$2:$M$60,""),"") | X76: =IFERROR(_xlfn.XLOOKUP($A76,Anova_Live!$B$2:$B$60,Anova_Live!$N$2:$N$60,""),"")
A77: 13013 | B77: MANP - 13013 - MANUEL PEORIA | C77: 2 | D77: 2C | E77: MANUEL PEORIA | F77: GLENDALE | G77: AZ | H77: 33.5823 | I77: -112.18071 | J77: 1050 | K77: CANOLA OIL | N77: 623-979-3500 | O77: Y | P77: SCHEDULE 4/29 | R77: =IFERROR(_xlfn.XLOOKUP($A77,Anova_Live!$B$2:$B$60,Anova_Live!$A$2:$A$60,""),"") | S77: =IFERROR(_xlfn.XLOOKUP($A77,Anova_Live!$B$2:$B$60,Anova_Live!$E$2:$E$60,""),"") | T77: =IFERROR(_xlfn.XLOOKUP($A77,Anova_Live!$B$2:$B$60,Anova_Live!$K$2:$K$60,""),"") | U77: =IFERROR(_xlfn.XLOOKUP($A77,Anova_Live!$B$2:$B$60,Anova_Live!$H$2:$H$60,""),"") | V77: =IFERROR(_xlfn.XLOOKUP($A77,Anova_Live!$B$2:$B$60,Anova_Live!$L$2:$L$60,""),"") | W77: =IFERROR(_xlfn.XLOOKUP($A77,Anova_Live!$B$2:$B$60,Anova_Live!$M$2:$M$60,""),"") | X77: =IFERROR(_xlfn.XLOOKUP($A77,Anova_Live!$B$2:$B$60,Anova_Live!$N$2:$N$60,""),"")
A78: 13086 | B78: MAS - 13086 - MASON'S FAMOUS LOBSTER ROLLS | C78: 4 | D78: 4C | E78: 15257 N Scottsdale Rd | F78: Scottsdale | G78: AZ | H78: 33.624666 | I78: -111.92412 | J78: 350 | K78: CANOLA OIL | N78: (646) 431-1315 | P78: SCHEDULE 4/28 | R78: =IFERROR(_xlfn.XLOOKUP($A78,Anova_Live!$B$2:$B$60,Anova_Live!$A$2:$A$60,""),"") | S78: =IFERROR(_xlfn.XLOOKUP($A78,Anova_Live!$B$2:$B$60,Anova_Live!$E$2:$E$60,""),"") | T78: =IFERROR(_xlfn.XLOOKUP($A78,Anova_Live!$B$2:$B$60,Anova_Live!$K$2:$K$60,""),"") | U78: =IFERROR(_xlfn.XLOOKUP($A78,Anova_Live!$B$2:$B$60,Anova_Live!$H$2:$H$60,""),"") | V78: =IFERROR(_xlfn.XLOOKUP($A78,Anova_Live!$B$2:$B$60,Anova_Live!$L$2:$L$60,""),"") | W78: =IFERROR(_xlfn.XLOOKUP($A78,Anova_Live!$B$2:$B$60,Anova_Live!$M$2:$M$60,""),"") | X78: =IFERROR(_xlfn.XLOOKUP($A78,Anova_Live!$B$2:$B$60,Anova_Live!$N$2:$N$60,""),"")
A79: 13061 | B79: MTV - 13061 - MOUNTAIN VIEW PUB | C79: 4 | D79: 4A | E79: 7033 E Cave Creek Rd | F79: Cave Creek | G79: AZ | H79: 33.829157 | I79: -111.92917 | J79: 620 | K79: FRYERS CHOICE BLEND | N79: (480) 575-7782 | R79: =IFERROR(_xlfn.XLOOKUP($A79,Anova_Live!$B$2:$B$60,Anova_Live!$A$2:$A$60,""),"") | S79: =IFERROR(_xlfn.XLOOKUP($A79,Anova_Live!$B$2:$B$60,Anova_Live!$E$2:$E$60,""),"") | T79: =IFERROR(_xlfn.XLOOKUP($A79,Anova_Live!$B$2:$B$60,Anova_Live!$K$2:$K$60,""),"") | U79: =IFERROR(_xlfn.XLOOKUP($A79,Anova_Live!$B$2:$B$60,Anova_Live!$H$2:$H$60,""),"") | V79: =IFERROR(_xlfn.XLOOKUP($A79,Anova_Live!$B$2:$B$60,Anova_Live!$L$2:$L$60,""),"") | W79: =IFERROR(_xlfn.XLOOKUP($A79,Anova_Live!$B$2:$B$60,Anova_Live!$M$2:$M$60,""),"") | X79: =IFERROR(_xlfn.XLOOKUP($A79,Anova_Live!$B$2:$B$60,Anova_Live!$N$2:$N$60,""),"")
A80: 2021 | B80: MVP - 2021 - MVP SPORTS BAR & GRILL | C80: 4 | D80: 4F | E80: 980 E PECOS RD SUITE 5 | F80: CHANDLER | G80: AZ | H80: 33.293138 | I80: -111.82496 | J80: 620 | K80: FRYERS CHOICE BLEND | O80: Y | P80: SCHEDULE 4/28 | R80: =IFERROR(_xlfn.XLOOKUP($A80,Anova_Live!$B$2:$B$60,Anova_Live!$A$2:$A$60,""),"") | S80: =IFERROR(_xlfn.XLOOKUP($A80,Anova_Live!$B$2:$B$60,Anova_Live!$E$2:$E$60,""),"") | T80: =IFERROR(_xlfn.XLOOKUP($A80,Anova_Live!$B$2:$B$60,Anova_Live!$K$2:$K$60,""),"") | U80: =IFERROR(_xlfn.XLOOKUP($A80,Anova_Live!$B$2:$B$60,Anova_Live!$H$2:$H$60,""),"") | V80: =IFERROR(_xlfn.XLOOKUP($A80,Anova_Live!$B$2:$B$60,Anova_Live!$L$2:$L$60,""),"") | W80: =IFERROR(_xlfn.XLOOKUP($A80,Anova_Live!$B$2:$B$60,Anova_Live!$M$2:$M$60,""),"") | X80: =IFERROR(_xlfn.XLOOKUP($A80,Anova_Live!$B$2:$B$60,Anova_Live!$N$2:$N$60,""),"")
A81: 14009 | B81: NEW - 14009 - NEW PENNY CAFE | C81: 1 | D81: 1E | E81: 735 N 114TH AVE | F81: AVONDALE | G81: AZ | H81: 33.453456 | I81: -112.30495 | J81: 1050 | K81: CANOLA OIL | N81: (623) 258-2546 | O81: Y | R81: =IFERROR(_xlfn.XLOOKUP($A81,Anova_Live!$B$2:$B$60,Anova_Live!$A$2:$A$60,""),"") | S81: =IFERROR(_xlfn.XLOOKUP($A81,Anova_Live!$B$2:$B$60,Anova_Live!$E$2:$E$60,""),"") | T81: =IFERROR(_xlfn.XLOOKUP($A81,Anova_Live!$B$2:$B$60,Anova_Live!$K$2:$K$60,""),"") | U81: =IFERROR(_xlfn.XLOOKUP($A81,Anova_Live!$B$2:$B$60,Anova_Live!$H$2:$H$60,""),"") | V81: =IFERROR(_xlfn.XLOOKUP($A81,Anova_Live!$B$2:$B$60,Anova_Live!$L$2:$L$60,""),"") | W81: =IFERROR(_xlfn.XLOOKUP($A81,Anova_Live!$B$2:$B$60,Anova_Live!$M$2:$M$60,""),"") | X81: =IFERROR(_xlfn.XLOOKUP($A81,Anova_Live!$B$2:$B$60,Anova_Live!$N$2:$N$60,""),"")
A82: 14008 | B82: NOU - 14008 - NOURISH KITCHEN | C82: 4 | D82: 4E | E82: 140 S. LINDON LN | F82: TEMPE | G82: AZ | H82: 33.428746 | I82: -111.96506 | J82: 2000 | K82: CANOLA OIL | N82: (480) 912-5143 | R82: =IFERROR(_xlfn.XLOOKUP($A82,Anova_Live!$B$2:$B$60,Anova_Live!$A$2:$A$60,""),"") | S82: =IFERROR(_xlfn.XLOOKUP($A82,Anova_Live!$B$2:$B$60,Anova_Live!$E$2:$E$60,""),"") | T82: =IFERROR(_xlfn.XLOOKUP($A82,Anova_Live!$B$2:$B$60,Anova_Live!$K$2:$K$60,""),"") | U82: =IFERROR(_xlfn.XLOOKUP($A82,Anova_Live!$B$2:$B$60,Anova_Live!$H$2:$H$60,""),"") | V82: =IFERROR(_xlfn.XLOOKUP($A82,Anova_Live!$B$2:$B$60,Anova_Live!$L$2:$L$60,""),"") | W82: =IFERROR(_xlfn.XLOOKUP($A82,Anova_Live!$B$2:$B$60,Anova_Live!$M$2:$M$60,""),"") | X82: =IFERROR(_xlfn.XLOOKUP($A82,Anova_Live!$B$2:$B$60,Anova_Live!$N$2:$N$60,""),"")
A83: 15000 | B83: OHS - 15000 - OHSO INDIAN SCHOOL | C83: 4 | D83: 4D | E83: 4900 E Indian School Rd | F83: Phoenix | G83: AZ | H83: 33.495008 | I83: -111.97586 | J83: 1050 | K83: CANOLA OIL | N83: 602-955-0358 | O83: Y | R83: =IFERROR(_xlfn.XLOOKUP($A83,Anova_Live!$B$2:$B$60,Anova_Live!$A$2:$A$60,""),"") | S83: =IFERROR(_xlfn.XLOOKUP($A83,Anova_Live!$B$2:$B$60,Anova_Live!$E$2:$E$60,""),"") | T83: =IFERROR(_xlfn.XLOOKUP($A83,Anova_Live!$B$2:$B$60,Anova_Live!$K$2:$K$60,""),"") | U83: =IFERROR(_xlfn.XLOOKUP($A83,Anova_Live!$B$2:$B$60,Anova_Live!$H$2:$H$60,""),"") | V83: =IFERROR(_xlfn.XLOOKUP($A83,Anova_Live!$B$2:$B$60,Anova_Live!$L$2:$L$60,""),"") | W83: =IFERROR(_xlfn.XLOOKUP($A83,Anova_Live!$B$2:$B$60,Anova_Live!$M$2:$M$60,""),"") | X83: =IFERROR(_xlfn.XLOOKUP($A83,Anova_Live!$B$2:$B$60,Anova_Live!$N$2:$N$60,""),"")
A84: 15035 | B84: OHS - 15035 - OHSO GILBERT | C84: 5 | D84: 5E | E84: OHSO GILBERT | F84: Gilbert | G84: AZ | H84: 33.356211 | I84: -111.78939 | J84: 1800 | K84: CANOLA OIL | N84: (602) 738-9894 | O84: Y | R84: =IFERROR(_xlfn.XLOOKUP($A84,Anova_Live!$B$2:$B$60,Anova_Live!$A$2:$A$60,""),"") | S84: =IFERROR(_xlfn.XLOOKUP($A84,Anova_Live!$B$2:$B$60,Anova_Live!$E$2:$E$60,""),"") | T84: =IFERROR(_xlfn.XLOOKUP($A84,Anova_Live!$B$2:$B$60,Anova_Live!$K$2:$K$60,""),"") | U84: =IFERROR(_xlfn.XLOOKUP($A84,Anova_Live!$B$2:$B$60,Anova_Live!$H$2:$H$60,""),"") | V84: =IFERROR(_xlfn.XLOOKUP($A84,Anova_Live!$B$2:$B$60,Anova_Live!$L$2:$L$60,""),"") | W84: =IFERROR(_xlfn.XLOOKUP($A84,Anova_Live!$B$2:$B$60,Anova_Live!$M$2:$M$60,""),"") | X84: =IFERROR(_xlfn.XLOOKUP($A84,Anova_Live!$B$2:$B$60,Anova_Live!$N$2:$N$60,""),"")
A85: 15001 | B85: OHSH - 15001 - OHSO SCOTTSDALE | C85: 4 | D85: 4C | E85: 15681 N Hayden Rd Ste 112 | F85: Scottsdale | G85: AZ | H85: 33.627866 | I85: -111.89344 | J85: 1050 | K85: CANOLA OIL | N85: 480-948-3159 | O85: Y | R85: =IFERROR(_xlfn.XLOOKUP($A85,Anova_Live!$B$2:$B$60,Anova_Live!$A$2:$A$60,""),"") | S85: =IFERROR(_xlfn.XLOOKUP($A85,Anova_Live!$B$2:$B$60,Anova_Live!$E$2:$E$60,""),"") | T85: =IFERROR(_xlfn.XLOOKUP($A85,Anova_Live!$B$2:$B$60,Anova_Live!$K$2:$K$60,""),"") | U85: =IFERROR(_xlfn.XLOOKUP($A85,Anova_Live!$B$2:$B$60,Anova_Live!$H$2:$H$60,""),"") | V85: =IFERROR(_xlfn.XLOOKUP($A85,Anova_Live!$B$2:$B$60,Anova_Live!$L$2:$L$60,""),"") | W85: =IFERROR(_xlfn.XLOOKUP($A85,Anova_Live!$B$2:$B$60,Anova_Live!$M$2:$M$60,""),"") | X85: =IFERROR(_xlfn.XLOOKUP($A85,Anova_Live!$B$2:$B$60,Anova_Live!$N$2:$N$60,""),"")
A86: 15007 | B86: OHST - 15007 - OHSO TATUM | C86: 4 | D86: 4C | E86: 10810 N Tatum Blvd Ste 126 | F86: Phoenix | G86: AZ | H86: 33.584163 | I86: -111.97955 | J86: 1050 | K86: CANOLA OIL | O86: Y | P86: OREGANO CORP | R86: =IFERROR(_xlfn.XLOOKUP($A86,Anova_Live!$B$2:$B$60,Anova_Live!$A$2:$A$60,""),"") | S86: =IFERROR(_xlfn.XLOOKUP($A86,Anova_Live!$B$2:$B$60,Anova_Live!$E$2:$E$60,""),"") | T86: =IFERROR(_xlfn.XLOOKUP($A86,Anova_Live!$B$2:$B$60,Anova_Live!$K$2:$K$60,""),"") | U86: =IFERROR(_xlfn.XLOOKUP($A86,Anova_Live!$B$2:$B$60,Anova_Live!$H$2:$H$60,""),"") | V86: =IFERROR(_xlfn.XLOOKUP($A86,Anova_Live!$B$2:$B$60,Anova_Live!$L$2:$L$60,""),"") | W86: =IFERROR(_xlfn.XLOOKUP($A86,Anova_Live!$B$2:$B$60,Anova_Live!$M$2:$M$60,""),"") | X86: =IFERROR(_xlfn.XLOOKUP($A86,Anova_Live!$B$2:$B$60,Anova_Live!$N$2:$N$60,""),"")
A87: 15041 | B87: ORE - 15041 - OREGANO PIMA | C87: 4 | D87: 4C | E87: OREGANO | F87: SCOTTSDALE | G87: AZ | H87: 33.627168 | I87: -111.89154 | J87: 630 | K87: CANOLA OIL | N87: 999-999-9999 | O87: Y | R87: =IFERROR(_xlfn.XLOOKUP($A87,Anova_Live!$B$2:$B$60,Anova_Live!$A$2:$A$60,""),"") | S87: =IFERROR(_xlfn.XLOOKUP($A87,Anova_Live!$B$2:$B$60,Anova_Live!$E$2:$E$60,""),"") | T87: =IFERROR(_xlfn.XLOOKUP($A87,Anova_Live!$B$2:$B$60,Anova_Live!$K$2:$K$60,""),"") | U87: =IFERROR(_xlfn.XLOOKUP($A87,Anova_Live!$B$2:$B$60,Anova_Live!$H$2:$H$60,""),"") | V87: =IFERROR(_xlfn.XLOOKUP($A87,Anova_Live!$B$2:$B$60,Anova_Live!$L$2:$L$60,""),"") | W87: =IFERROR(_xlfn.XLOOKUP($A87,Anova_Live!$B$2:$B$60,Anova_Live!$M$2:$M$60,""),"") | X87: =IFERROR(_xlfn.XLOOKUP($A87,Anova_Live!$B$2:$B$60,Anova_Live!$N$2:$N$60,""),"")
A88: 15003 | B88: OREB - 15003 - OREGANO BELL | C88: 2 | D88: 2C | E88: 6738 W Bell Rd | F88: Glendale | G88: AZ | H88: 33.638779 | I88: -112.2042 | J88: 1050 | K88: CANOLA OIL | N88: 623-223-1150 | O88: Y | R88: =IFERROR(_xlfn.XLOOKUP($A88,Anova_Live!$B$2:$B$60,Anova_Live!$A$2:$A$60,""),"") | S88: =IFERROR(_xlfn.XLOOKUP($A88,Anova_Live!$B$2:$B$60,Anova_Live!$E$2:$E$60,""),"") | T88: =IFERROR(_xlfn.XLOOKUP($A88,Anova_Live!$B$2:$B$60,Anova_Live!$K$2:$K$60,""),"") | U88: =IFERROR(_xlfn.XLOOKUP($A88,Anova_Live!$B$2:$B$60,Anova_Live!$H$2:$H$60,""),"") | V88: =IFERROR(_xlfn.XLOOKUP($A88,Anova_Live!$B$2:$B$60,Anova_Live!$L$2:$L$60,""),"") | W88: =IFERROR(_xlfn.XLOOKUP($A88,Anova_Live!$B$2:$B$60,Anova_Live!$M$2:$M$60,""),"") | X88: =IFERROR(_xlfn.XLOOKUP($A88,Anova_Live!$B$2:$B$60,Anova_Live!$N$2:$N$60,""),"")
A89: 15016 | B89: OREB - 15016 - OREGANO SURPRISE | C89: 1 | D89: 1C | E89: 16914 W Bell Rd | F89: Surprise | G89: AZ | H89: 33.639403 | I89: -112.42307 | J89: 630 | K89: CANOLA OIL | N89: 999-999-9999 | O89: Y | R89: =IFERROR(_xlfn.XLOOKUP($A89,Anova_Live!$B$2:$B$60,Anova_Live!$A$2:$A$60,""),"") | S89: =IFERROR(_xlfn.XLOOKUP($A89,Anova_Live!$B$2:$B$60,Anova_Live!$E$2:$E$60,""),"") | T89: =IFERROR(_xlfn.XLOOKUP($A89,Anova_Live!$B$2:$B$60,Anova_Live!$K$2:$K$60,""),"") | U89: =IFERROR(_xlfn.XLOOKUP($A89,Anova_Live!$B$2:$B$60,Anova_Live!$H$2:$H$60,""),"") | V89: =IFERROR(_xlfn.XLOOKUP($A89,Anova_Live!$B$2:$B$60,Anova_Live!$L$2:$L$60,""),"") | W89: =IFERROR(_xlfn.XLOOKUP($A89,Anova_Live!$B$2:$B$60,Anova_Live!$M$2:$M$60,""),"") | X89: =IFERROR(_xlfn.XLOOKUP($A89,Anova_Live!$B$2:$B$60,Anova_Live!$N$2:$N$60,""),"")
A90: 15020 | B90: OREC - 15020 - OREGANO CAMELBACK | C90: 3 | D90: 3D | E90: 1008 E Camelback Rd | F90: Phoenix | G90: AZ | H90: 33.509489 | I90: -112.06025 | J90: 450 | K90: CANOLA OIL | N90: 602-241-0707 | O90: Y | R90: =IFERROR(_xlfn.XLOOKUP($A90,Anova_Live!$B$2:$B$60,Anova_Live!$A$2:$A$60,""),"") | S90: =IFERROR(_xlfn.XLOOKUP($A90,Anova_Live!$B$2:$B$60,Anova_Live!$E$2:$E$60,""),"") | T90: =IFERROR(_xlfn.XLOOKUP($A90,Anova_Live!$B$2:$B$60,Anova_Live!$K$2:$K$60,""),"") | U90: =IFERROR(_xlfn.XLOOKUP($A90,Anova_Live!$B$2:$B$60,Anova_Live!$H$2:$H$60,""),"") | V90: =IFERROR(_xlfn.XLOOKUP($A90,Anova_Live!$B$2:$B$60,Anova_Live!$L$2:$L$60,""),"") | W90: =IFERROR(_xlfn.XLOOKUP($A90,Anova_Live!$B$2:$B$60,Anova_Live!$M$2:$M$60,""),"") | X90: =IFERROR(_xlfn.XLOOKUP($A90,Anova_Live!$B$2:$B$60,Anova_Live!$N$2:$N$60,""),"")
A91: 15026 | B91: OREC - 15026 - OREGANO PARADISE VALLEY | C91: 4 | D91: 4C | E91: 4602 E Cactus Rd | F91: Phoenix | G91: AZ | H91: 33.59967 | I91: -111.98231 | J91: 630 | K91: CANOLA OIL | N91: 602-482-0054 | R91: =IFERROR(_xlfn.XLOOKUP($A91,Anova_Live!$B$2:$B$60,Anova_Live!$A$2:$A$60,""),"") | S91: =IFERROR(_xlfn.XLOOKUP($A91,Anova_Live!$B$2:$B$60,Anova_Live!$E$2:$E$60,""),"") | T91: =IFERROR(_xlfn.XLOOKUP($A91,Anova_Live!$B$2:$B$60,Anova_Live!$K$2:$K$60,""),"") | U91: =IFERROR(_xlfn.XLOOKUP($A91,Anova_Live!$B$2:$B$60,Anova_Live!$H$2:$H$60,""),"") | V91: =IFERROR(_xlfn.XLOOKUP($A91,Anova_Live!$B$2:$B$60,Anova_Live!$L$2:$L$60,""),"") | W91: =IFERROR(_xlfn.XLOOKUP($A91,Anova_Live!$B$2:$B$60,Anova_Live!$M$2:$M$60,""),"") | X91: =IFERROR(_xlfn.XLOOKUP($A91,Anova_Live!$B$2:$B$60,Anova_Live!$N$2:$N$60,""),"")
A92: 15002 | B92: ORECC - 15002 - OREGANO CAVE CREEK | C92: 4 | D92: 4A | E92: 37645 N Cave Creek Rd | F92: Cave Creek | G92: AZ | H92: 33.827916 | I92: -111.95469 | J92: 480 | K92: CANOLA OIL | N92: 480-889-0386 | R92: =IFERROR(_xlfn.XLOOKUP($A92,Anova_Live!$B$2:$B$60,Anova_Live!$A$2:$A$60,""),"") | S92: =IFERROR(_xlfn.XLOOKUP($A92,Anova_Live!$B$2:$B$60,Anova_Live!$E$2:$E$60,""),"") | T92: =IFERROR(_xlfn.XLOOKUP($A92,Anova_Live!$B$2:$B$60,Anova_Live!$K$2:$K$60,""),"") | U92: =IFERROR(_xlfn.XLOOKUP($A92,Anova_Live!$B$2:$B$60,Anova_Live!$H$2:$H$60,""),"") | V92: =IFERROR(_xlfn.XLOOKUP($A92,Anova_Live!$B$2:$B$60,Anova_Live!$L$2:$L$60,""),"") | W92: =IFERROR(_xlfn.XLOOKUP($A92,Anova_Live!$B$2:$B$60,Anova_Live!$M$2:$M$60,""),"") | X92: =IFERROR(_xlfn.XLOOKUP($A92,Anova_Live!$B$2:$B$60,Anova_Live!$N$2:$N$60,""),"")
A93: 15025 | B93: OREE - 15025 - OREGANO ELLIOT | C93: 4 | D93: 4E | E93: 1475 W Elliot Rd | F93: Tempe | G93: AZ | H93: 33.348653 | I93: -111.96262 | J93: 630 | K93: CANOLA OIL | N93: 480-966-0401 | O93: Y | R93: =IFERROR(_xlfn.XLOOKUP($A93,Anova_Live!$B$2:$B$60,Anova_Live!$A$2:$A$60,""),"") | S93: =IFERROR(_xlfn.XLOOKUP($A93,Anova_Live!$B$2:$B$60,Anova_Live!$E$2:$E$60,""),"") | T93: =IFERROR(_xlfn.XLOOKUP($A93,Anova_Live!$B$2:$B$60,Anova_Live!$K$2:$K$60,""),"") | U93: =IFERROR(_xlfn.XLOOKUP($A93,Anova_Live!$B$2:$B$60,Anova_Live!$H$2:$H$60,""),"") | V93: =IFERROR(_xlfn.XLOOKUP($A93,Anova_Live!$B$2:$B$60,Anova_Live!$L$2:$L$60,""),"") | W93: =IFERROR(_xlfn.XLOOKUP($A93,Anova_Live!$B$2:$B$60,Anova_Live!$M$2:$M$60,""),"") | X93: =IFERROR(_xlfn.XLOOKUP($A93,Anova_Live!$B$2:$B$60,Anova_Live!$N$2:$N$60,""),"")
A94: 15024 | B94: OREG - 15024 - OREGANO GILBERT | C94: 5 | D94: 5E | E94: 328 N Gilbert Rd | F94: Gilbert | G94: AZ | H94: 33.355856 | I94: -111.78996 | J94: 450 | K94: CANOLA OIL | N94: 480-882-9336 | R94: =IFERROR(_xlfn.XLOOKUP($A94,Anova_Live!$B$2:$B$60,Anova_Live!$A$2:$A$60,""),"") | S94: =IFERROR(_xlfn.XLOOKUP($A94,Anova_Live!$B$2:$B$60,Anova_Live!$E$2:$E$60,""),"") | T94: =IFERROR(_xlfn.XLOOKUP($A94,Anova_Live!$B$2:$B$60,Anova_Live!$K$2:$K$60,""),"") | U94: =IFERROR(_xlfn.XLOOKUP($A94,Anova_Live!$B$2:$B$60,Anova_Live!$H$2:$H$60,""),"") | V94: =IFERROR(_xlfn.XLOOKUP($A94,Anova_Live!$B$2:$B$60,Anova_Live!$L$2:$L$60,""),"") | W94: =IFERROR(_xlfn.XLOOKUP($A94,Anova_Live!$B$2:$B$60,Anova_Live!$M$2:$M$60,""),"") | X94: =IFERROR(_xlfn.XLOOKUP($A94,Anova_Live!$B$2:$B$60,Anova_Live!$N$2:$N$60,""),"")
A95: 15027 | B95: OREG - 15027 - OREGANO CHANDLER | C95: 4 | D95: 4F | E95: 1960 W Germann Rd Ste 5 Bldg G | F95: Chandler | G95: AZ | H95: 33.277746 | I95: -111.87567 | J95: 660 | K95: CANOLA OIL | N95: 480-265-4580 | O95: Y | R95: =IFERROR(_xlfn.XLOOKUP($A95,Anova_Live!$B$2:$B$60,Anova_Live!$A$2:$A$60,""),"") | S95: =IFERROR(_xlfn.XLOOKUP($A95,Anova_Live!$B$2:$B$60,Anova_Live!$E$2:$E$60,""),"") | T95: =IFERROR(_xlfn.XLOOKUP($A95,Anova_Live!$B$2:$B$60,Anova_Live!$K$2:$K$60,""),"") | U95: =IFERROR(_xlfn.XLOOKUP($A95,Anova_Live!$B$2:$B$60,Anova_Live!$H$2:$H$60,""),"") | V95: =IFERROR(_xlfn.XLOOKUP($A95,Anova_Live!$B$2:$B$60,Anova_Live!$L$2:$L$60,""),"") | W95: =IFERROR(_xlfn.XLOOKUP($A95,Anova_Live!$B$2:$B$60,Anova_Live!$M$2:$M$60,""),"") | X95: =IFERROR(_xlfn.XLOOKUP($A95,Anova_Live!$B$2:$B$60,Anova_Live!$N$2:$N$60,""),"")
R96: =IFERROR(_xlfn.XLOOKUP($A96,Anova_Live!$B$2:$B$60,Anova_Live!$A$2:$A$60,""),"") -> 124677515 | S96: =IFERROR(_xlfn.XLOOKUP($A96,Anova_Live!$B$2:$B$60,Anova_Live!$E$2:$E$60,""),"") -> 825.94075 | T96: =IFERROR(_xlfn.XLOOKUP($A96,Anova_Live!$B$2:$B$60,Anova_Live!$K$2:$K$60,""),"") | U96: =IFERROR(_xlfn.XLOOKUP($A96,Anova_Live!$B$2:$B$60,Anova_Live!$H$2:$H$60,""),"") -> 2026-05-06T11:00:42Z | V96: =IFERROR(_xlfn.XLOOKUP($A96,Anova_Live!$B$2:$B$60,Anova_Live!$L$2:$L$60,""),"") -> -826 | W96: =IFERROR(_xlfn.XLOOKUP($A96,Anova_Live!$B$2:$B$60,Anova_Live!$M$2:$M$60,""),"") | X96: =IFERROR(_xlfn.XLOOKUP($A96,Anova_Live!$B$2:$B$60,Anova_Live!$N$2:$N$60,""),"") -> push
A97: 15005 | B97: OREM - 15005 - OREGANO GOODYEAR | C97: 1 | D97: 1D | E97: 15280 W Mcdowell Rd | F97: Goodyear | G97: AZ | H97: 33.46494 | I97: -112.38793 | J97: 660 | K97: CANOLA OIL | N97: 623-760-9588 | O97: Y | R97: =IFERROR(_xlfn.XLOOKUP($A97,Anova_Live!$B$2:$B$60,Anova_Live!$A$2:$A$60,""),"") | S97: =IFERROR(_xlfn.XLOOKUP($A97,Anova_Live!$B$2:$B$60,Anova_Live!$E$2:$E$60,""),"") | T97: =IFERROR(_xlfn.XLOOKUP($A97,Anova_Live!$B$2:$B$60,Anova_Live!$K$2:$K$60,""),"") | U97: =IFERROR(_xlfn.XLOOKUP($A97,Anova_Live!$B$2:$B$60,Anova_Live!$H$2:$H$60,""),"") | V97: =IFERROR(_xlfn.XLOOKUP($A97,Anova_Live!$B$2:$B$60,Anova_Live!$L$2:$L$60,""),"") | W97: =IFERROR(_xlfn.XLOOKUP($A97,Anova_Live!$B$2:$B$60,Anova_Live!$M$2:$M$60,""),"") | X97: =IFERROR(_xlfn.XLOOKUP($A97,Anova_Live!$B$2:$B$60,Anova_Live!$N$2:$N$60,""),"")
A98: 15009 | B98: OREM - 15009 - OREGANO QUEEN CREEK | C98: 5 | D98: 5F | E98: 20677 E Maya Rd | F98: Queen Creek | G98: AZ | H98: 33.253678 | I98: -111.63724 | J98: 500 | K98: CANOLA OIL | N98: 480-355-0750 | R98: =IFERROR(_xlfn.XLOOKUP($A98,Anova_Live!$B$2:$B$60,Anova_Live!$A$2:$A$60,""),"") | S98: =IFERROR(_xlfn.XLOOKUP($A98,Anova_Live!$B$2:$B$60,Anova_Live!$E$2:$E$60,""),"") | T98: =IFERROR(_xlfn.XLOOKUP($A98,Anova_Live!$B$2:$B$60,Anova_Live!$K$2:$K$60,""),"") | U98: =IFERROR(_xlfn.XLOOKUP($A98,Anova_Live!$B$2:$B$60,Anova_Live!$H$2:$H$60,""),"") | V98: =IFERROR(_xlfn.XLOOKUP($A98,Anova_Live!$B$2:$B$60,Anova_Live!$L$2:$L$60,""),"") | W98: =IFERROR(_xlfn.XLOOKUP($A98,Anova_Live!$B$2:$B$60,Anova_Live!$M$2:$M$60,""),"") | X98: =IFERROR(_xlfn.XLOOKUP($A98,Anova_Live!$B$2:$B$60,Anova_Live!$N$2:$N$60,""),"")
A99: 15023 | B99: OREM - 15023 - OREGANO MESA | C99: 4 | D99: 4E | E99: OREGANO MESA | F99: Mesa | G99: AZ | H99: 33.39394 | I99: -111.87508 | J99: 630 | K99: CANOLA OIL | N99: 480-962-0036 | R99: =IFERROR(_xlfn.XLOOKUP($A99,Anova_Live!$B$2:$B$60,Anova_Live!$A$2:$A$60,""),"") | S99: =IFERROR(_xlfn.XLOOKUP($A99,Anova_Live!$B$2:$B$60,Anova_Live!$E$2:$E$60,""),"") | T99: =IFERROR(_xlfn.XLOOKUP($A99,Anova_Live!$B$2:$B$60,Anova_Live!$K$2:$K$60,""),"") | U99: =IFERROR(_xlfn.XLOOKUP($A99,Anova_Live!$B$2:$B$60,Anova_Live!$H$2:$H$60,""),"") | V99: =IFERROR(_xlfn.XLOOKUP($A99,Anova_Live!$B$2:$B$60,Anova_Live!$L$2:$L$60,""),"") | W99: =IFERROR(_xlfn.XLOOKUP($A99,Anova_Live!$B$2:$B$60,Anova_Live!$M$2:$M$60,""),"") | X99: =IFERROR(_xlfn.XLOOKUP($A99,Anova_Live!$B$2:$B$60,Anova_Live!$N$2:$N$60,""),"")
A100: 15015 | B100: ORES - 15015 - OREGANO SUPERSTITION | C100: 5 | D100: 5E | E100: 6821 E Superstition Springs Blvd | F100: Mesa | G100: AZ | H100: 33.38322 | I100: -111.68381 | J100: 500 | K100: CANOLA OIL | N100: 999-999-9999 | R100: =IFERROR(_xlfn.XLOOKUP($A100,Anova_Live!$B$2:$B$60,Anova_Live!$A$2:$A$60,""),"") | S100: =IFERROR(_xlfn.XLOOKUP($A100,Anova_Live!$B$2:$B$60,Anova_Live!$E$2:$E$60,""),"") | T100: =IFERROR(_xlfn.XLOOKUP($A100,Anova_Live!$B$2:$B$60,Anova_Live!$K$2:$K$60,""),"") | U100: =IFERROR(_xlfn.XLOOKUP($A100,Anova_Live!$B$2:$B$60,Anova_Live!$H$2:$H$60,""),"") | V100: =IFERROR(_xlfn.XLOOKUP($A100,Anova_Live!$B$2:$B$60,Anova_Live!$L$2:$L$60,""),"") | W100: =IFERROR(_xlfn.XLOOKUP($A100,Anova_Live!$B$2:$B$60,Anova_Live!$M$2:$M$60,""),"") | X100: =IFERROR(_xlfn.XLOOKUP($A100,Anova_Live!$B$2:$B$60,Anova_Live!$N$2:$N$60,""),"")
...

Sheet Optimizer_Input
B1: S&K OIL SALES — OPTIMIZER INPUT (all calculations auto-update from Delivery_Log)
B2: Min Oil % | C2: 0.15 | D2: Visit Window (days) | E2: 7 | F2: Shift Min | G2: 600 | H2: Svc Min/Stop | I2: 20 | O2: # of Deliveries since: | Q2: 46023
B3: ■ Red=Critical(≤2d) ■ Amber=Urgent(3–5d) ■ Green=Normal(6–7d) ■ Grey=Not needed │ Blue italic = live formula pulling from Delivery_Log
B4: CLIENT & LOCATION | G4: TANK & CONSUMPTION | J4: LAST DELIVERY ← from log | L4: CALCULATED
A5: Num. | B5: ID | C5: Customer | D5: Zone | E5: Address | F5: Lat / Lon | G5: Tank (lbs) | H5: Last Per Day Cons (lbs/day) | I5: Product | J5: Last Delivery | K5: Days Since | L5: Est. Current (lbs) | M5: Refill (lbs) | N5: Days Until Empty | O5: Next Delivery By: | P5: ="Next "&E2& " Days?" -> Next 7 Days? | Q5: ="# Deliveries since "& TEXT(Q2,"mm/dd/yyyy") -> # Deliveries since 01/01/2026 | R5: Notes | S5: Anova Level (lbs) | T5: Anova Updated | U5: Anova Status
A6: 1 | B6: 0001 | C6: 51ST - 0001 - 51ST AVE CAFE | D6: 2 | E6: =IFERROR(VLOOKUP(C6,Client_List!$B:$K,4,0)&", "&VLOOKUP(C6,Client_List!$B:$K,5,0)&" AZ","") -> 5511 N 51St Ave, Glendale AZ | F6: =IFERROR(VLOOKUP(C6,Client_List!$B:$K,7,0)&", "&VLOOKUP(C6,Client_List!$B:$K,8,0),"") -> 33.5171994, -112.1681115 | G6: =IFERROR(VLOOKUP(C6,Client_List!$B:$K,9,0),"") -> 350 | H6: =IFERROR(LOOKUP(2,1/((Delivery_Log!$B$4:$B$4998=B6)*(ISNUMBER(Delivery_Log!$J$4:$J$4998))*(Delivery_Log!$J$4:$J$4998>0)),Delivery_Log!$J$4:$J$4998),"") | I6: =IFERROR(VLOOKUP(C6,Client_List!$B:$K,10,0),"") -> FRYERS CHOICE BLEND | J6: =IFERROR(_xlfn.MAXIFS(Delivery_Log!$A$4:$A$4998,Delivery_Log!$B$4:$B$4998,B6),"—") -> 46084 | K6: =IFERROR(IF(J6="—","",TODAY()-J6),"") -> 64 | L6: =IFERROR(IF(OR(K6="",H6=""),"",MAX(G6*0.03,G6-K6*H6)),"") | M6: =IFERROR(IF(L6="","",G6-L6),"") | N6: =IFERROR(IF(OR(L6="",H6=""),"",MIN(21,MAX(0,(L6-G6*$C$2)/H6))),"") | O6: =TODAY()+ROUNDUP(N6,0) -> #VALUE! | P6: =IFERROR(IF(N6="","—",IF(N6<=$E$2,"YES","—")),"—") -> — | Q6: =COUNTIFS(Delivery_Log!$B$4:$B$5998,B6,Delivery_Log!$A$4:$A$5998,">="&$Q$2) -> 2 | S6: =IFERROR(_xlfn.XLOOKUP(B6,Client_List!$A$4:$A$200,Client_List!$S$4:$S$200,""),"") | T6: =IFERROR(_xlfn.XLOOKUP(B6,Client_List!$A$4:$A$200,Client_List!$U$4:$U$200,""),"") | U6: =IFERROR(IF(S6="","",IF(_xlfn.XLOOKUP(B6,Client_List!$A$4:$A$200,Client_List!$W$4:$W$200,999)<=24,"LIVE",IF(_xlfn.XLOOKUP(B6,Client_List!$A$4:$A$200,Client_List!$W$4:$W$200,999)<=72,"STALE","OLD"))),"")
A7: 2 | B7: 1018 | C7: AJO - 1018 - AJO ALS BELL | D7: 2 | E7: =IFERROR(VLOOKUP(C7,Client_List!$B:$K,4,0)&", "&VLOOKUP(C7,Client_List!$B:$K,5,0)&" AZ","") -> 7458 W Bell Rd, Glendale AZ | F7: =IFERROR(VLOOKUP(C7,Client_List!$B:$K,7,0)&", "&VLOOKUP(C7,Client_List!$B:$K,8,0),"") -> 33.6390173, -112.2197838 | G7: =IFERROR(VLOOKUP(C7,Client_List!$B:$K,9,0),"") -> 950 | H7: =IFERROR(LOOKUP(2,1/((Delivery_Log!$B$4:$B$4998=B7)*(ISNUMBER(Delivery_Log!$J$4:$J$4998))*(Delivery_Log!$J$4:$J$4998>0)),Delivery_Log!$J$4:$J$4998),"") | I7: =IFERROR(VLOOKUP(C7,Client_List!$B:$K,10,0),"") -> CANOLA OIL | J7: =IFERROR(_xlfn.MAXIFS(Delivery_Log!$A$4:$A$4998,Delivery_Log!$B$4:$B$4998,B7),"—") -> 46141 | K7: =IFERROR(IF(J7="—","",TODAY()-J7),"") -> 7 | L7: =IFERROR(IF(OR(K7="",H7=""),"",MAX(G7*0.03,G7-K7*H7)),"") | M7: =IFERROR(IF(L7="","",G7-L7),"") | N7: =IFERROR(IF(OR(L7="",H7=""),"",MIN(21,MAX(0,(L7-G7*$C$2)/H7))),"") | O7: =TODAY()+ROUNDUP(N7,0) -> #VALUE! | P7: =IFERROR(IF(N7="","—",IF(N7<=$E$2,"YES","—")),"—") -> — | Q7: =COUNTIFS(Delivery_Log!$B$4:$B$5998,B7,Delivery_Log!$A$4:$A$5998,">="&$Q$2) -> 12 | S7: =IFERROR(_xlfn.XLOOKUP(B7,Client_List!$A$4:$A$200,Client_List!$S$4:$S$200,""),"") | T7: =IFERROR(_xlfn.XLOOKUP(B7,Client_List!$A$4:$A$200,Client_List!$U$4:$U$200,""),"") | U7: =IFERROR(IF(S7="","",IF(_xlfn.XLOOKUP(B7,Client_List!$A$4:$A$200,Client_List!$W$4:$W$200,999)<=24,"LIVE",IF(_xlfn.XLOOKUP(B7,Client_List!$A$4:$A$200,Client_List!$W$4:$W$200,999)<=72,"STALE","OLD"))),"")
A8: 3 | B8: 1063 | C8: ALL - 1063 - ALL AMERICAN MODERN SPORTS GRILL | D8: 4 | E8: =IFERROR(VLOOKUP(C8,Client_List!$B:$K,4,0)&", "&VLOOKUP(C8,Client_List!$B:$K,5,0)&" AZ","") -> 20751 N PIMA RD #105, Scottsdale AZ | F8: =IFERROR(VLOOKUP(C8,Client_List!$B:$K,7,0)&", "&VLOOKUP(C8,Client_List!$B:$K,8,0),"") -> 33.674519, -111.8880329 | G8: =IFERROR(VLOOKUP(C8,Client_List!$B:$K,9,0),"") -> 900 | H8: =IFERROR(LOOKUP(2,1/((Delivery_Log!$B$4:$B$4998=B8)*(ISNUMBER(Delivery_Log!$J$4:$J$4998))*(Delivery_Log!$J$4:$J$4998>0)),Delivery_Log!$J$4:$J$4998),"") | I8: =IFERROR(VLOOKUP(C8,Client_List!$B:$K,10,0),"") -> CANOLA OIL | J8: =IFERROR(_xlfn.MAXIFS(Delivery_Log!$A$4:$A$4998,Delivery_Log!$B$4:$B$4998,B8),"—") -> 46143 | K8: =IFERROR(IF(J8="—","",TODAY()-J8),"") -> 5 | L8: =IFERROR(IF(OR(K8="",H8=""),"",MAX(G8*0.03,G8-K8*H8)),"") | M8: =IFERROR(IF(L8="","",G8-L8),"") | N8: =IFERROR(IF(OR(L8="",H8=""),"",MIN(21,MAX(0,(L8-G8*$C$2)/H8))),"") | O8: =TODAY()+ROUNDUP(N8,0) -> #VALUE! | P8: =IFERROR(IF(N8="","—",IF(N8<=$E$2,"YES","—")),"—") -> — | Q8: =COUNTIFS(Delivery_Log!$B$4:$B$5998,B8,Delivery_Log!$A$4:$A$5998,">="&$Q$2) -> 9 | S8: =IFERROR(_xlfn.XLOOKUP(B8,Client_List!$A$4:$A$200,Client_List!$S$4:$S$200,""),"") | T8: =IFERROR(_xlfn.XLOOKUP(B8,Client_List!$A$4:$A$200,Client_List!$U$4:$U$200,""),"") | U8: =IFERROR(IF(S8="","",IF(_xlfn.XLOOKUP(B8,Client_List!$A$4:$A$200,Client_List!$W$4:$W$200,999)<=24,"LIVE",IF(_xlfn.XLOOKUP(B8,Client_List!$A$4:$A$200,Client_List!$W$4:$W$200,999)<=72,"STALE","OLD"))),"")
A9: 4 | B9: 1073 | C9: AME - 1073 - AMELIO C ENTERPRISES, INC (CACTUS CANDY) | D9: 4 | E9: =IFERROR(VLOOKUP(C9,Client_List!$B:$K,4,0)&", "&VLOOKUP(C9,Client_List!$B:$K,5,0)&" AZ","") -> 2656 N 37TH DR, PHOENIX AZ | F9: =IFERROR(VLOOKUP(C9,Client_List!$B:$K,7,0)&", "&VLOOKUP(C9,Client_List!$B:$K,8,0),"") -> 33.4782767, -112.140515 | G9: =IFERROR(VLOOKUP(C9,Client_List!$B:$K,9,0),"") -> 2000 | H9: =IFERROR(LOOKUP(2,1/((Delivery_Log!$B$4:$B$4998=B9)*(ISNUMBER(Delivery_Log!$J$4:$J$4998))*(Delivery_Log!$J$4:$J$4998>0)),Delivery_Log!$J$4:$J$4998),"") | I9: =IFERROR(VLOOKUP(C9,Client_List!$B:$K,10,0),"") -> CANOLA OIL | J9: =IFERROR(_xlfn.MAXIFS(Delivery_Log!$A$4:$A$4998,Delivery_Log!$B$4:$B$4998,B9),"—") -> 46099 | K9: =IFERROR(IF(J9="—","",TODAY()-J9),"") -> 49 | L9: =IFERROR(IF(OR(K9="",H9=""),"",MAX(G9*0.03,G9-K9*H9)),"") | M9: =IFERROR(IF(L9="","",G9-L9),"") | N9: =IFERROR(IF(OR(L9="",H9=""),"",MIN(21,MAX(0,(L9-G9*$C$2)/H9))),"") | O9: =TODAY()+ROUNDUP(N9,0) -> #VALUE! | P9: =IFERROR(IF(N9="","—",IF(N9<=$E$2,"YES","—")),"—") -> — | Q9: =COUNTIFS(Delivery_Log!$B$4:$B$5998,B9,Delivery_Log!$A$4:$A$5998,">="&$Q$2) -> 1 | S9: =IFERROR(_xlfn.XLOOKUP(B9,Client_List!$A$4:$A$200,Client_List!$S$4:$S$200,""),"") | T9: =IFERROR(_xlfn.XLOOKUP(B9,Client_List!$A$4:$A$200,Client_List!$U$4:$U$200,""),"") | U9: =IFERROR(IF(S9="","",IF(_xlfn.XLOOKUP(B9,Client_List!$A$4:$A$200,Client_List!$W$4:$W$200,999)<=24,"LIVE",IF(_xlfn.XLOOKUP(B9,Client_List!$A$4:$A$200,Client_List!$W$4:$W$200,999)<=72,"STALE","OLD"))),"")
A10: 5 | B10: 1054 | C10: ANG - 1054 - ANGRY CRAB SURPRISE | D10: 1 | E10: =IFERROR(VLOOKUP(C10,Client_List!$B:$K,4,0)&", "&VLOOKUP(C10,Client_List!$B:$K,5,0)&" AZ","") -> 11340 W BELL RD SUITE 118, SURPRISE AZ | F10: =IFERROR(VLOOKUP(C10,Client_List!$B:$K,7,0)&", "&VLOOKUP(C10,Client_List!$B:$K,8,0),"") -> 33.6399393, -112.3041939 | G10: =IFERROR(VLOOKUP(C10,Client_List!$B:$K,9,0),"") -> 620 | H10: =IFERROR(LOOKUP(2,1/((Delivery_Log!$B$4:$B$4998=B10)*(ISNUMBER(Delivery_Log!$J$4:$J$4998))*(Delivery_Log!$J$4:$J$4998>0)),Delivery_Log!$J$4:$J$4998),"") | I10: =IFERROR(VLOOKUP(C10,Client_List!$B:$K,10,0),"") -> FRYERS CHOICE BLEND | J10: =IFERROR(_xlfn.MAXIFS(Delivery_Log!$A$4:$A$4998,Delivery_Log!$B$4:$B$4998,B10),"—") -> 46141 | K10: =IFERROR(IF(J10="—","",TODAY()-J10),"") -> 7 | L10: =IFERROR(IF(OR(K10="",H10=""),"",MAX(G10*0.03,G10-K10*H10)),"") | M10: =IFERROR(IF(L10="","",G10-L10),"") | N10: =IFERROR(IF(OR(L10="",H10=""),"",MIN(21,MAX(0,(L10-G10*$C$2)/H10))),"") | O10: =TODAY()+ROUNDUP(N10,0) -> #VALUE! | P10: =IFERROR(IF(N10="","—",IF(N10<=$E$2,"YES","—")),"—") -> — | Q10: =COUNTIFS(Delivery_Log!$B$4:$B$5998,B10,Delivery_Log!$A$4:$A$5998,">="&$Q$2) -> 11 | S10: =IFERROR(_xlfn.XLOOKUP(B10,Client_List!$A$4:$A$200,Client_List!$S$4:$S$200,""),"") -> 325.48623 | T10: =IFERROR(_xlfn.XLOOKUP(B10,Client_List!$A$4:$A$200,Client_List!$U$4:$U$200,""),"") -> 2026-05-06T11:00:25Z | U10: =IFERROR(IF(S10="","",IF(_xlfn.XLOOKUP(B10,Client_List!$A$4:$A$200,Client_List!$W$4:$W$200,999)<=24,"LIVE",IF(_xlfn.XLOOKUP(B10,Client_List!$A$4:$A$200,Client_List!$W$4:$W$200,999)<=72,"STALE","OLD"))),"") -> OLD
A11: 6 | B11: 1000 | C11: ARR79 - 1000 - ARRIBAS 79TH AVE. | D11: 2 | E11: =IFERROR(VLOOKUP(C11,Client_List!$B:$K,4,0)&", "&VLOOKUP(C11,Client_List!$B:$K,5,0)&" AZ","") -> 17211 N 79Th Ave, Glendale AZ | F11: =IFERROR(VLOOKUP(C11,Client_List!$B:$K,7,0)&", "&VLOOKUP(C11,Client_List!$B:$K,8,0),"") -> 33.6402137, -112.2294109 | G11: =IFERROR(VLOOKUP(C11,Client_List!$B:$K,9,0),"") -> 950 | H11: =IFERROR(LOOKUP(2,1/((Delivery_Log!$B$4:$B$4998=B11)*(ISNUMBER(Delivery_Log!$J$4:$J$4998))*(Delivery_Log!$J$4:$J$4998>0)),Delivery_Log!$J$4:$J$4998),"") | I11: =IFERROR(VLOOKUP(C11,Client_List!$B:$K,10,0),"") -> CANOLA OIL | J11: =IFERROR(_xlfn.MAXIFS(Delivery_Log!$A$4:$A$4998,Delivery_Log!$B$4:$B$4998,B11),"—") -> 46143 | K11: =IFERROR(IF(J11="—","",TODAY()-J11),"") -> 5 | L11: =IFERROR(IF(OR(K11="",H11=""),"",MAX(G11*0.03,G11-K11*H11)),"") | M11: =IFERROR(IF(L11="","",G11-L11),"") | N11: =IFERROR(IF(OR(L11="",H11=""),"",MIN(21,MAX(0,(L11-G11*$C$2)/H11))),"") | O11: =TODAY()+ROUNDUP(N11,0) -> #VALUE! | P11: =IFERROR(IF(N11="","—",IF(N11<=$E$2,"YES","—")),"—") -> — | Q11: =COUNTIFS(Delivery_Log!$B$4:$B$5998,B11,Delivery_Log!$A$4:$A$5998,">="&$Q$2) -> 12 | S11: =IFERROR(_xlfn.XLOOKUP(B11,Client_List!$A$4:$A$200,Client_List!$S$4:$S$200,""),"") | T11: =IFERROR(_xlfn.XLOOKUP(B11,Client_List!$A$4:$A$200,Client_List!$U$4:$U$200,""),"") | U11: =IFERROR(IF(S11="","",IF(_xlfn.XLOOKUP(B11,Client_List!$A$4:$A$200,Client_List!$W$4:$W$200,999)<=24,"LIVE",IF(_xlfn.XLOOKUP(B11,Client_List!$A$4:$A$200,Client_List!$W$4:$W$200,999)<=72,"STALE","OLD"))),"")
A12: 7 | B12: 1001 | C12: ARRC - 1001 - ARRIBAS CAMELBACK | D12: 3 | E12: =IFERROR(VLOOKUP(C12,Client_List!$B:$K,4,0)&", "&VLOOKUP(C12,Client_List!$B:$K,5,0)&" AZ","") -> 1812 E Camelback Rd, Phoenix AZ | F12: =IFERROR(VLOOKUP(C12,Client_List!$B:$K,7,0)&", "&VLOOKUP(C12,Client_List!$B:$K,8,0),"") -> 33.50958, -112.042591 | G12: =IFERROR(VLOOKUP(C12,Client_List!$B:$K,9,0),"") -> 700 | H12: =IFERROR(LOOKUP(2,1/((Delivery_Log!$B$4:$B$4998=B12)*(ISNUMBER(Delivery_Log!$J$4:$J$4998))*(Delivery_Log!$J$4:$J$4998>0)),Delivery_Log!$J$4:$J$4998),"") | I12: =IFERROR(VLOOKUP(C12,Client_List!$B:$K,10,0),"") -> CANOLA OIL | J12: =IFERROR(_xlfn.MAXIFS(Delivery_Log!$A$4:$A$4998,Delivery_Log!$B$4:$B$4998,B12),"—") -> 46140 | K12: =IFERROR(IF(J12="—","",TODAY()-J12),"") -> 8 | L12: =IFERROR(IF(OR(K12="",H12=""),"",MAX(G12*0.03,G12-K12*H12)),"") | M12: =IFERROR(IF(L12="","",G12-L12),"") | N12: =IFERROR(IF(OR(L12="",H12=""),"",MIN(21,MAX(0,(L12-G12*$C$2)/H12))),"") | O12: =TODAY()+ROUNDUP(N12,0) -> #VALUE! | P12: =IFERROR(IF(N12="","—",IF(N12<=$E$2,"YES","—")),"—") -> — | Q12: =COUNTIFS(Delivery_Log!$B$4:$B$5998,B12,Delivery_Log!$A$4:$A$5998,">="&$Q$2) -> 11 | S12: =IFERROR(_xlfn.XLOOKUP(B12,Client_List!$A$4:$A$200,Client_List!$S$4:$S$200,""),"") | T12: =IFERROR(_xlfn.XLOOKUP(B12,Client_List!$A$4:$A$200,Client_List!$U$4:$U$200,""),"") | U12: =IFERROR(IF(S12="","",IF(_xlfn.XLOOKUP(B12,Client_List!$A$4:$A$200,Client_List!$W$4:$W$200,999)<=24,"LIVE",IF(_xlfn.XLOOKUP(B12,Client_List!$A$4:$A$200,Client_List!$W$4:$W$200,999)<=72,"STALE","OLD"))),"")
A13: 8 | B13: 1011 | C13: ARRC - 1011 - ARRIBAS CHANDLER | D13: 4 | E13: =IFERROR(VLOOKUP(C13,Client_List!$B:$K,4,0)&", "&VLOOKUP(C13,Client_List!$B:$K,5,0)&" AZ","") -> 4649 E Chandler Blvd, Phoenix AZ | F13: =IFERROR(VLOOKUP(C13,Client_List!$B:$K,7,0)&", "&VLOOKUP(C13,Client_List!$B:$K,8,0),"") -> 33.3048264, -111.9816146 | G13: =IFERROR(VLOOKUP(C13,Client_List!$B:$K,9,0),"") -> 1000 | H13: =IFERROR(LOOKUP(2,1/((Delivery_Log!$B$4:$B$4998=B13)*(ISNUMBER(Delivery_Log!$J$4:$J$4998))*(Delivery_Log!$J$4:$J$4998>0)),Delivery_Log!$J$4:$J$4998),"") | I13: =IFERROR(VLOOKUP(C13,Client_List!$B:$K,10,0),"") -> CANOLA OIL | J13: =IFERROR(_xlfn.MAXIFS(Delivery_Log!$A$4:$A$4998,Delivery_Log!$B$4:$B$4998,B13),"—") -> 46144 | K13: =IFERROR(IF(J13="—","",TODAY()-J13),"") -> 4 | L13: =IFERROR(IF(OR(K13="",H13=""),"",MAX(G13*0.03,G13-K13*H13)),"") | M13: =IFERROR(IF(L13="","",G13-L13),"") | N13: =IFERROR(IF(OR(L13="",H13=""),"",MIN(21,MAX(0,(L13-G13*$C$2)/H13))),"") | O13: =TODAY()+ROUNDUP(N13,0) -> #VALUE! | P13: =IFERROR(IF(N13="","—",IF(N13<=$E$2,"YES","—")),"—") -> — | Q13: =COUNTIFS(Delivery_Log!$B$4:$B$5998,B13,Delivery_Log!$A$4:$A$5998,">="&$Q$2) -> 10 | S13: =IFERROR(_xlfn.XLOOKUP(B13,Client_List!$A$4:$A$200,Client_List!$S$4:$S$200,""),"") | T13: =IFERROR(_xlfn.XLOOKUP(B13,Client_List!$A$4:$A$200,Client_List!$U$4:$U$200,""),"") | U13: =IFERROR(IF(S13="","",IF(_xlfn.XLOOKUP(B13,Client_List!$A$4:$A$200,Client_List!$W$4:$W$200,999)<=24,"LIVE",IF(_xlfn.XLOOKUP(B13,Client_List!$A$4:$A$200,Client_List!$W$4:$W$200,999)<=72,"STALE","OLD"))),"")
A14: 9 | B14: 1014 | C14: ARRC - 1014 - ARRIBA GILBERT | D14: 5 | E14: =IFERROR(VLOOKUP(C14,Client_List!$B:$K,4,0)&", "&VLOOKUP(C14,Client_List!$B:$K,5,0)&" AZ","") -> 2855 S Market St, Gilbert, AZ 85295, Gilbert AZ | F14: =IFERROR(VLOOKUP(C14,Client_List!$B:$K,7,0)&", "&VLOOKUP(C14,Client_List!$B:$K,8,0),"") -> 33.29809, -111.744273 | G14: =IFERROR(VLOOKUP(C14,Client_List!$B:$K,9,0),"") -> 900 | H14: =IFERROR(LOOKUP(2,1/((Delivery_Log!$B$4:$B$4998=B14)*(ISNUMBER(Delivery_Log!$J$4:$J$4998))*(Delivery_Log!$J$4:$J$4998>0)),Delivery_Log!$J$4:$J$4998),"") | I14: =IFERROR(VLOOKUP(C14,Client_List!$B:$K,10,0),"") -> CANOLA OIL | J14: =IFERROR(_xlfn.MAXIFS(Delivery_Log!$A$4:$A$4998,Delivery_Log!$B$4:$B$4998,B14),"—") -> 46142 | K14: =IFERROR(IF(J14="—","",TODAY()-J14),"") -> 6 | L14: =IFERROR(IF(OR(K14="",H14=""),"",MAX(G14*0.03,G14-K14*H14)),"") | M14: =IFERROR(IF(L14="","",G14-L14),"") | N14: =IFERROR(IF(OR(L14="",H14=""),"",MIN(21,MAX(0,(L14-G14*$C$2)/H14))),"") | O14: =TODAY()+ROUNDUP(N14,0) -> #VALUE! | P14: =IFERROR(IF(N14="","—",IF(N14<=$E$2,"YES","—")),"—") -> — | Q14: =COUNTIFS(Delivery_Log!$B$4:$B$5998,B14,Delivery_Log!$A$4:$A$5998,">="&$Q$2) -> 10 | S14: =IFERROR(_xlfn.XLOOKUP(B14,Client_List!$A$4:$A$200,Client_List!$S$4:$S$200,""),"") | T14: =IFERROR(_xlfn.XLOOKUP(B14,Client_List!$A$4:$A$200,Client_List!$U$4:$U$200,""),"") | U14: =IFERROR(IF(S14="","",IF(_xlfn.XLOOKUP(B14,Client_List!$A$4:$A$200,Client_List!$W$4:$W$200,999)<=24,"LIVE",IF(_xlfn.XLOOKUP(B14,Client_List!$A$4:$A$200,Client_List!$W$4:$W$200,999)<=72,"STALE","OLD"))),"")
A15: 10 | B15: 1013 | C15: ARRM - 1013 - ARRIBAS GOODYEAR | D15: 1 | E15: =IFERROR(VLOOKUP(C15,Client_List!$B:$K,4,0)&", "&VLOOKUP(C15,Client_List!$B:$K,5,0)&" AZ","") -> 15370 W McDowell Rd, Goodyear AZ | F15: =IFERROR(VLOOKUP(C15,Client_List!$B:$K,7,0)&", "&VLOOKUP(C15,Client_List!$B:$K,8,0),"") -> 33.46499, -112.389902 | G15: =IFERROR(VLOOKUP(C15,Client_List!$B:$K,9,0),"") -> 900 | H15: =IFERROR(LOOKUP(2,1/((Delivery_Log!$B$4:$B$4998=B15)*(ISNUMBER(Delivery_Log!$J$4:$J$4998))*(Delivery_Log!$J$4:$J$4998>0)),Delivery_Log!$J$4:$J$4998),"") | I15: =IFERROR(VLOOKUP(C15,Client_List!$B:$K,10,0),"") -> CANOLA OIL | J15: =IFERROR(_xlfn.MAXIFS(Delivery_Log!$A$4:$A$4998,Delivery_Log!$B$4:$B$4998,B15),"—") -> 46141 | K15: =IFERROR(IF(J15="—","",TODAY()-J15),"") -> 7 | L15: =IFERROR(IF(OR(K15="",H15=""),"",MAX(G15*0.03,G15-K15*H15)),"") | M15: =IFERROR(IF(L15="","",G15-L15),"") | N15: =IFERROR(IF(OR(L15="",H15=""),"",MIN(21,MAX(0,(L15-G15*$C$2)/H15))),"") | O15: =TODAY()+ROUNDUP(N15,0) -> #VALUE! | P15: =IFERROR(IF(N15="","—",IF(N15<=$E$2,"YES","—")),"—") -> — | Q15: =COUNTIFS(Delivery_Log!$B$4:$B$5998,B15,Delivery_Log!$A$4:$A$5998,">="&$Q$2) -> 13 | S15: =IFERROR(_xlfn.XLOOKUP(B15,Client_List!$A$4:$A$200,Client_List!$S$4:$S$200,""),"") | T15: =IFERROR(_xlfn.XLOOKUP(B15,Client_List!$A$4:$A$200,Client_List!$U$4:$U$200,""),"") | U15: =IFERROR(IF(S15="","",IF(_xlfn.XLOOKUP(B15,Client_List!$A$4:$A$200,Client_List!$W$4:$W$200,999)<=24,"LIVE",IF(_xlfn.XLOOKUP(B15,Client_List!$A$4:$A$200,Client_List!$W$4:$W$200,999)<=72,"STALE","OLD"))),"")
A16: 11 | B16: 1081 | C16: ATL - 1081 - ATL WINGS ROOSEVELT | D16: 3 | E16: =IFERROR(VLOOKUP(C16,Client_List!$B:$K,4,0)&", "&VLOOKUP(C16,Client_List!$B:$K,5,0)&" AZ","") -> 330 E ROOSEVELT RD, PHOENIX AZ | F16: =IFERROR(VLOOKUP(C16,Client_List!$B:$K,7,0)&", "&VLOOKUP(C16,Client_List!$B:$K,8,0),"") -> 33.4589406, -112.0685493 | G16: =IFERROR(VLOOKUP(C16,Client_List!$B:$K,9,0),"") -> 350 | H16: =IFERROR(LOOKUP(2,1/((Delivery_Log!$B$4:$B$4998=B16)*(ISNUMBER(Delivery_Log!$J$4:$J$4998))*(Delivery_Log!$J$4:$J$4998>0)),Delivery_Log!$J$4:$J$4998),"") | I16: =IFERROR(VLOOKUP(C16,Client_List!$B:$K,10,0),"") -> CANOLA OIL | J16: =IFERROR(_xlfn.MAXIFS(Delivery_Log!$A$4:$A$4998,Delivery_Log!$B$4:$B$4998,B16),"—") -> 46141 | K16: =IFERROR(IF(J16="—","",TODAY()-J16),"") -> 7 | L16: =IFERROR(IF(OR(K16="",H16=""),"",MAX(G16*0.03,G16-K16*H16)),"") | M16: =IFERROR(IF(L16="","",G16-L16),"") | N16: =IFERROR(IF(OR(L16="",H16=""),"",MIN(21,MAX(0,(L16-G16*$C$2)/H16))),"") | O16: =TODAY()+ROUNDUP(N16,0) -> #VALUE! | P16: =IFERROR(IF(N16="","—",IF(N16<=$E$2,"YES","—")),"—") -> — | Q16: =COUNTIFS(Delivery_Log!$B$4:$B$5998,B16,Delivery_Log!$A$4:$A$5998,">="&$Q$2) -> 16 | S16: =IFERROR(_xlfn.XLOOKUP(B16,Client_List!$A$4:$A$200,Client_List!$S$4:$S$200,""),"") | T16: =IFERROR(_xlfn.XLOOKUP(B16,Client_List!$A$4:$A$200,Client_List!$U$4:$U$200,""),"") | U16: =IFERROR(IF(S16="","",IF(_xlfn.XLOOKUP(B16,Client_List!$A$4:$A$200,Client_List!$W$4:$W$200,999)<=24,"LIVE",IF(_xlfn.XLOOKUP(B16,Client_List!$A$4:$A$200,Client_List!$W$4:$W$200,999)<=72,"STALE","OLD"))),"")
A17: 12 | B17: 1083 | C17: ATL - 1083 - ATL WINGS MESA | D17: 5 | E17: =IFERROR(VLOOKUP(C17,Client_List!$B:$K,4,0)&", "&VLOOKUP(C17,Client_List!$B:$K,5,0)&" AZ","") -> 6837 E MAIN ST, Mesa AZ | F17: =IFERROR(VLOOKUP(C17,Client_List!$B:$K,7,0)&", "&VLOOKUP(C17,Client_List!$B:$K,8,0),"") -> 33.4151472, -111.6831813 | G17: =IFERROR(VLOOKUP(C17,Client_List!$B:$K,9,0),"") -> 425 | H17: =IFERROR(LOOKUP(2,1/((Delivery_Log!$B$4:$B$4998=B17)*(ISNUMBER(Delivery_Log!$J$4:$J$4998))*(Delivery_Log!$J$4:$J$4998>0)),Delivery_Log!$J$4:$J$4998),"") | I17: =IFERROR(VLOOKUP(C17,Client_List!$B:$K,10,0),"") -> CANOLA OIL | J17: =IFERROR(_xlfn.MAXIFS(Delivery_Log!$A$4:$A$4998,Delivery_Log!$B$4:$B$4998,B17),"—") -> 46140 | K17: =IFERROR(IF(J17="—","",TODAY()-J17),"") -> 8 | L17: =IFERROR(IF(OR(K17="",H17=""),"",MAX(G17*0.03,G17-K17*H17)),"") | M17: =IFERROR(IF(L17="","",G17-L17),"") | N17: =IFERROR(IF(OR(L17="",H17=""),"",MIN(21,MAX(0,(L17-G17*$C$2)/H17))),"") | O17: =TODAY()+ROUNDUP(N17,0) -> #VALUE! | P17: =IFERROR(IF(N17="","—",IF(N17<=$E$2,"YES","—")),"—") -> — | Q17: =COUNTIFS(Delivery_Log!$B$4:$B$5998,B17,Delivery_Log!$A$4:$A$5998,">="&$Q$2) -> 18 | S17: =IFERROR(_xlfn.XLOOKUP(B17,Client_List!$A$4:$A$200,Client_List!$S$4:$S$200,""),"") | T17: =IFERROR(_xlfn.XLOOKUP(B17,Client_List!$A$4:$A$200,Client_List!$U$4:$U$200,""),"") | U17: =IFERROR(IF(S17="","",IF(_xlfn.XLOOKUP(B17,Client_List!$A$4:$A$200,Client_List!$W$4:$W$200,999)<=24,"LIVE",IF(_xlfn.XLOOKUP(B17,Client_List!$A$4:$A$200,Client_List!$W$4:$W$200,999)<=72,"STALE","OLD"))),"")
A18: 13 | B18: 19039 | C18: BAC - 19039 - BACKYARD GILBERT | D18: 5 | E18: =IFERROR(VLOOKUP(C18,Client_List!$B:$K,4,0)&", "&VLOOKUP(C18,Client_List!$B:$K,5,0)&" AZ","") -> BACKYARD (SANDBAR) GILBERT, Gilbert AZ | F18: =IFERROR(VLOOKUP(C18,Client_List!$B:$K,7,0)&", "&VLOOKUP(C18,Client_List!$B:$K,8,0),"") -> 33.3062162, -111.7475515 | G18: =IFERROR(VLOOKUP(C18,Client_List!$B:$K,9,0),"") -> 1050 | H18: =IFERROR(LOOKUP(2,1/((Delivery_Log!$B$4:$B$4998=B18)*(ISNUMBER(Delivery_Log!$J$4:$J$4998))*(Delivery_Log!$J$4:$J$4998>0)),Delivery_Log!$J$4:$J$4998),"") | I18: =IFERROR(VLOOKUP(C18,Client_List!$B:$K,10,0),"") -> FRYERS CHOICE BLEND | J18: =IFERROR(_xlfn.MAXIFS(Delivery_Log!$A$4:$A$4998,Delivery_Log!$B$4:$B$4998,B18),"—") -> 46137 | K18: =IFERROR(IF(J18="—","",TODAY()-J18),"") -> 11 | L18: =IFERROR(IF(OR(K18="",H18=""),"",MAX(G18*0.03,G18-K18*H18)),"") | M18: =IFERROR(IF(L18="","",G18-L18),"") | N18: =IFERROR(IF(OR(L18="",H18=""),"",MIN(21,MAX(0,(L18-G18*$C$2)/H18))),"") | O18: =TODAY()+ROUNDUP(N18,0) -> #VALUE! | P18: =IFERROR(IF(N18="","—",IF(N18<=$E$2,"YES","—")),"—") -> — | Q18: =COUNTIFS(Delivery_Log!$B$4:$B$5998,B18,Delivery_Log!$A$4:$A$5998,">="&$Q$2) -> 8 | S18: =IFERROR(_xlfn.XLOOKUP(B18,Client_List!$A$4:$A$200,Client_List!$S$4:$S$200,""),"") | T18: =IFERROR(_xlfn.XLOOKUP(B18,Client_List!$A$4:$A$200,Client_List!$U$4:$U$200,""),"") | U18: =IFERROR(IF(S18="","",IF(_xlfn.XLOOKUP(B18,Client_List!$A$4:$A$200,Client_List!$W$4:$W$200,999)<=24,"LIVE",IF(_xlfn.XLOOKUP(B18,Client_List!$A$4:$A$200,Client_List!$W$4:$W$200,999)<=72,"STALE","OLD"))),"")
... A33: 28 | B33: 3064 | C33: CRO - 3064 - CROWNE PLAZA RESORT | D33: 4 | E33: =IFERROR(VLOOKUP(C33,Client_List!$B:$K,4,0)&", "&VLOOKUP(C33,Client_List!$B:$K,5,0)&" AZ","") -> One N San Marcos Pl, Chandler AZ | F33: =IFERROR(VLOOKUP(C33,Client_List!$B:$K,7,0)&", "&VLOOKUP(C33,Client_List!$B:$K,8,0),"") -> 33.3206372, -111.8437719 | G33: =IFERROR(VLOOKUP(C33,Client_List!$B:$K,9,0),"") -> 700 | H33: =IFERROR(LOOKUP(2,1/((Delivery_Log!$B$4:$B$4998=B33)*(ISNUMBER(Delivery_Log!$J$4:$J$4998))*(Delivery_Log!$J$4:$J$4998>0)),Delivery_Log!$J$4:$J$4998),"") | I33: =IFERROR(VLOOKUP(C33,Client_List!$B:$K,10,0),"") -> CANOLA OIL | J33: =IFERROR(_xlfn.MAXIFS(Delivery_Log!$A$4:$A$4998,Delivery_Log!$B$4:$B$4998,B33),"—") -> 46142 | K33: =IFERROR(IF(J33="—","",TODAY()-J33),"") -> 6 | L33: =IFERROR(IF(OR(K33="",H33=""),"",MAX(G33*0.03,G33-K33*H33)),"") | M33: =IFERROR(IF(L33="","",G33-L33),"") | N33: =IFERROR(IF(OR(L33="",H33=""),"",MIN(21,MAX(0,(L33-G33*$C$2)/H33))),"") | O33: =TODAY()+ROUNDUP(N33,0) -> #VALUE! | P33: =IFERROR(IF(N33="","—",IF(N33<=$E$2,"YES","—")),"—") -> — | Q33: =COUNTIFS(Delivery_Log!$B$4:$B$5998,B33,Delivery_Log!$A$4:$A$5998,">="&$Q$2) -> 6 | S33: =IFERROR(_xlfn.XLOOKUP(B33,Client_List!$A$4:$A$200,Client_List!$S$4:$S$200,""),"") | T33: =IFERROR(_xlfn.XLOOKUP(B33,Client_List!$A$4:$A$200,Client_List!$U$4:$U$200,""),"") | U33: =IFERROR(IF(S33="","",IF(_xlfn.XLOOKUP(B33,Client_List!$A$4:$A$200,Client_List!$W$4:$W$200,999)<=24,"LIVE",IF(_xlfn.XLOOKUP(B33,Client_List!$A$4:$A$200,Client_List!$W$4:$W$200,999)<=72,"STALE","OLD"))),"")
A34: 29 | B34: 4015A | C34: DAI - 4015A - DAIRY QUEEN BELL | D34: 3 | E34: =IFERROR(VLOOKUP(C34,Client_List!$B:$K,4,0)&", "&VLOOKUP(C34,Client_List!$B:$K,5,0)&" AZ","") -> 3550 E BELL ROAD, PHOENIX AZ | F34: =IFERROR(VLOOKUP(C34,Client_List!$B:$K,7,0)&", "&VLOOKUP(C34,Client_List!$B:$K,8,0),"") -> 33.6410013, -112.0051915 | G34: =IFERROR(VLOOKUP(C34,Client_List!$B:$K,9,0),"") -> 500 | H34: =IFERROR(LOOKUP(2,1/((Delivery_Log!$B$4:$B$4998=B34)*(ISNUMBER(Delivery_Log!$J$4:$J$4998))*(Delivery_Log!$J$4:$J$4998>0)),Delivery_Log!$J$4:$J$4998),"") | I34: =IFERROR(VLOOKUP(C34,Client_List!$B:$K,10,0),"") -> CANOLA OIL | J34: =IFERROR(_xlfn.MAXIFS(Delivery_Log!$A$4:$A$4998,Delivery_Log!$B$4:$B$4998,B34),"—") -> 46135 | K34: =IFERROR(IF(J34="—","",TODAY()-J34),"") -> 13 | L34: =IFERROR(IF(OR(K34="",H34=""),"",MAX(G34*0.03,G34-K34*H34)),"") | M34: =IFERROR(IF(L34="","",G34-L34),"") | N34: =IFERROR(IF(OR(L34="",H34=""),"",MIN(21,MAX(0,(L34-G34*$C$2)/H34))),"") | O34: =TODAY()+ROUNDUP(N34,0) -> #VALUE! | P34: =IFERROR(IF(N34="","—",IF(N34<=$E$2,"YES","—")),"—") -> — | Q34: =COUNTIFS(Delivery_Log!$B$4:$B$5998,B34,Delivery_Log!$A$4:$A$5998,">="&$Q$2) -> 9 | S34: =IFERROR(_xlfn.XLOOKUP(B34,Client_List!$A$4:$A$200,Client_List!$S$4:$S$200,""),"") | T34: =IFERROR(_xlfn.XLOOKUP(B34,Client_List!$A$4:$A$200,Client_List!$U$4:$U$200,""),"") | U34: =IFERROR(IF(S34="","",IF(_xlfn.XLOOKUP(B34,Client_List!$A$4:$A$200,Client_List!$W$4:$W$200,999)<=24,"LIVE",IF(_xlfn.XLOOKUP(B34,Client_List!$A$4:$A$200,Client_List!$W$4:$W$200,999)<=72,"STALE","OLD"))),"")
A35: 30 | B35: 4026 | C35: DAR - 4026 - DARUMA BY RIE | D35: 4 | E35: =IFERROR(VLOOKUP(C35,Client_List!$B:$K,4,0)&", "&VLOOKUP(C35,Client_List!$B:$K,5,0)&" AZ","") -> 1116 E DOBSON RD, MESA AZ | F35: =IFERROR(VLOOKUP(C35,Client_List!$B:$K,7,0)&", "&VLOOKUP(C35,Client_List!$B:$K,8,0),"") -> 33.3947597, -111.8753592 | G35: =IFERROR(VLOOKUP(C35,Client_List!$B:$K,9,0),"") -> 350 | H35: =IFERROR(LOOKUP(2,1/((Delivery_Log!$B$4:$B$4998=B35)*(ISNUMBER(Delivery_Log!$J$4:$J$4998))*(Delivery_Log!$J$4:$J$4998>0)),Delivery_Log!$J$4:$J$4998),"") | I35: =IFERROR(VLOOKUP(C35,Client_List!$B:$K,10,0),"") -> CANOLA OIL | J35: =IFERROR(_xlfn.MAXIFS(Delivery_Log!$A$4:$A$4998,Delivery_Log!$B$4:$B$4998,B35),"—") -> 46134 | K35: =IFERROR(IF(J35="—","",TODAY()-J35),"") -> 14 | L35: =IFERROR(IF(OR(K35="",H35=""),"",MAX(G35*0.03,G35-K35*H35)),"") | M35: =IFERROR(IF(L35="","",G35-L35),"") | N35: =IFERROR(IF(OR(L35="",H35=""),"",MIN(21,MAX(0,(L35-G35*$C$2)/H35))),"") | O35: =TODAY()+ROUNDUP(N35,0) -> #VALUE! | P35: =IFERROR(IF(N35="","—",IF(N35<=$E$2,"YES","—")),"—") -> — | Q35: =COUNTIFS(Delivery_Log!$B$4:$B$5998,B35,Delivery_Log!$A$4:$A$5998,">="&$Q$2) -> 7 | S35: =IFERROR(_xlfn.XLOOKUP(B35,Client_List!$A$4:$A$200,Client_List!$S$4:$S$200,""),"") | T35: =IFERROR(_xlfn.XLOOKUP(B35,Client_List!$A$4:$A$200,Client_List!$U$4:$U$200,""),"") | U35: =IFERROR(IF(S35="","",IF(_xlfn.XLOOKUP(B35,Client_List!$A$4:$A$200,Client_List!$W$4:$W$200,999)<=24,"LIVE",IF(_xlfn.XLOOKUP(B35,Client_List!$A$4:$A$200,Client_List!$W$4:$W$200,999)<=72,"STALE","OLD"))),"")
A36: 31 | B36: 4037 | C36: DAR - 4037 - DARUMA RAMEN AND BOWL | D36: 4 | E36: =IFERROR(VLOOKUP(C36,Client_List!$B:$K,4,0)&", "&VLOOKUP(C36,Client_List!$B:$K,5,0)&" AZ","") -> 2650 E UNIVERSITY DR, MESA AZ | F36: =IFERROR(VLOOKUP(C36,Client_List!$B:$K,7,0)&", "&VLOOKUP(C36,Client_List!$B:$K,8,0),"") -> 33.4234572, -111.7735998 | G36: =IFERROR(VLOOKUP(C36,Client_List!$B:$K,9,0),"") -> 350 | H36: =IFERROR(LOOKUP(2,1/((Delivery_Log!$B$4:$B$4998=B36)*(ISNUMBER(Delivery_Log!$J$4:$J$4998))*(Delivery_Log!$J$4:$J$4998>0)),Delivery_Log!$J$4:$J$4998),"") | I36: =IFERROR(VLOOKUP(C36,Client_List!$B:$K,10,0),"") -> CANOLA OIL | J36: =IFERROR(_xlfn.MAXIFS(Delivery_Log!$A$4:$A$4998,Delivery_Log!$B$4:$B$4998,B36),"—") -> 46137 | K36: =IFERROR(IF(J36="—","",TODAY()-J36),"") -> 11 | L36: =IFERROR(IF(OR(K36="",H36=""),"",MAX(G36*0.03,G36-K36*H36)),"") | M36: =IFERROR(IF(L36="","",G36-L36),"") | N36: =IFERROR(IF(OR(L36="",H36=""),"",MIN(21,MAX(0,(L36-G36*$C$2)/H36))),"") | O36: =TODAY()+ROUNDUP(N36,0) -> #VALUE! | P36: =IFERROR(IF(N36="","—",IF(N36<=$E$2,"YES","—")),"—") -> — | Q36: =COUNTIFS(Delivery_Log!$B$4:$B$5998,B36,Delivery_Log!$A$4:$A$5998,">="&$Q$2) -> 7 | S36: =IFERROR(_xlfn.XLOOKUP(B36,Client_List!$A$4:$A$200,Client_List!$S$4:$S$200,""),"") | T36: =IFERROR(_xlfn.XLOOKUP(B36,Client_List!$A$4:$A$200,Client_List!$U$4:$U$200,""),"") | U36: =IFERROR(IF(S36="","",IF(_xlfn.XLOOKUP(B36,Client_List!$A$4:$A$200,Client_List!$W$4:$W$200,999)<=24,"LIVE",IF(_xlfn.XLOOKUP(B36,Client_List!$A$4:$A$200,Client_List!$W$4:$W$200,999)<=72,"STALE","OLD"))),"")
A37: 32 | B37: 4009 | C37: DIL - 4009 - DILLONS BBQ | D37: 1 | E37: =IFERROR(VLOOKUP(C37,Client_List!$B:$K,4,0)&", "&VLOOKUP(C37,Client_List!$B:$K,5,0)&" AZ","") -> 16335 W Northern Ave, Litchfield Pk AZ | F37: =IFERROR(VLOOKUP(C37,Client_List!$B:$K,7,0)&", "&VLOOKUP(C37,Client_List!$B:$K,8,0),"") -> 33.5499854, -112.4107069 | G37: =IFERROR(VLOOKUP(C37,Client_List!$B:$K,9,0),"") -> 1050 | H37: =IFERROR(LOOKUP(2,1/((Delivery_Log!$B$4:$B$4998=B37)*(ISNUMBER(Delivery_Log!$J$4:$J$4998))*(Delivery_Log!$J$4:$J$4998>0)),Delivery_Log!$J$4:$J$4998),"") | I37: =IFERROR(VLOOKUP(C37,Client_List!$B:$K,10,0),"") -> FRYERS CHOICE BLEND | J37: =IFERROR(_xlfn.MAXIFS(Delivery_Log!$A$4:$A$4998,Delivery_Log!$B$4:$B$4998,B37),"—") -> 46136 | K37: =IFERROR(IF(J37="—","",TODAY()-J37),"") -> 12 | L37: =IFERROR(IF(OR(K37="",H37=""),"",MAX(G37*0.03,G37-K37*H37)),"") | M37: =IFERROR(IF(L37="","",G37-L37),"") | N37: =IFERROR(IF(OR(L37="",H37=""),"",MIN(21,MAX(0,(L37-G37*$C$2)/H37))),"") | O37: =TODAY()+ROUNDUP(N37,0) -> #VALUE! | P37: =IFERROR(IF(N37="","—",IF(N37<=$E$2,"YES","—")),"—") -> — | Q37: =COUNTIFS(Delivery_Log!$B$4:$B$5998,B37,Delivery_Log!$A$4:$A$5998,">="&$Q$2) -> 8 | S37: =IFERROR(_xlfn.XLOOKUP(B37,Client_List!$A$4:$A$200,Client_List!$S$4:$S$200,""),"") | T37: =IFERROR(_xlfn.XLOOKUP(B37,Client_List!$A$4:$A$200,Client_List!$U$4:$U$200,""),"") | U37: =IFERROR(IF(S37="","",IF(_xlfn.XLOOKUP(B37,Client_List!$A$4:$A$200,Client_List!$W$4:$W$200,999)<=24,"LIVE",IF(_xlfn.XLOOKUP(B37,Client_List!$A$4:$A$200,Client_List!$W$4:$W$200,999)<=72,"STALE","OLD"))),"")
A38: 33 | B38: 4025 | C38: DIL - 4025 - DILLON WESTERN TRAILS | D38: 1 | E38: =IFERROR(VLOOKUP(C38,Client_List!$B:$K,4,0)&", "&VLOOKUP(C38,Client_List!$B:$K,5,0)&" AZ","") -> 37838 W GRAND AVE, MORISTOWN AZ | F38: =IFERROR(VLOOKUP(C38,Client_List!$B:$K,7,0)&", "&VLOOKUP(C38,Client_List!$B:$K,8,0),"") -> 33.8290398, -112.5948689 | G38: =IFERROR(VLOOKUP(C38,Client_List!$B:$K,9,0),"") -> 1050 | H38: =IFERROR(LOOKUP(2,1/((Delivery_Log!$B$4:$B$4998=B38)*(ISNUMBER(Delivery_Log!$J$4:$J$4998))*(Delivery_Log!$J$4:$J$4998>0)),Delivery_Log!$J$4:$J$4998),"") | I38: =IFERROR(VLOOKUP(C38,Client_List!$B:$K,10,0),"") -> FRYERS CHOICE BLEND | J38: =IFERROR(_xlfn.MAXIFS(Delivery_Log!$A$4:$A$4998,Delivery_Log!$B$4:$B$4998,B38),"—") -> 46136 | K38: =IFERROR(IF(J38="—","",TODAY()-J38),"") -> 12 | L38: =IFERROR(IF(OR(K38="",H38=""),"",MAX(G38*0.03,G38-K38*H38)),"") | M38: =IFERROR(IF(L38="","",G38-L38),"") | N38: =IFERROR(IF(OR(L38="",H38=""),"",MIN(21,MAX(0,(L38-G38*$C$2)/H38))),"") | O38: =TODAY()+ROUNDUP(N38,0) -> #VALUE! | P38: =IFERROR(IF(N38="","—",IF(N38<=$E$2,"YES","—")),"—") -> — | Q38: =COUNTIFS(Delivery_Log!$B$4:$B$5998,B38,Delivery_Log!$A$4:$A$5998,">="&$Q$2) -> 6 | S38: =IFERROR(_xlfn.XLOOKUP(B38,Client_List!$A$4:$A$200,Client_List!$S$4:$S$200,""),"") | T38: =IFERROR(_xlfn.XLOOKUP(B38,Client_List!$A$4:$A$200,Client_List!$U$4:$U$200,""),"") | U38: =IFERROR(IF(S38="","",IF(_xlfn.XLOOKUP(B38,Client_List!$A$4:$A$200,Client_List!$W$4:$W$200,999)<=24,"LIVE",IF(_xlfn.XLOOKUP(B38,Client_List!$A$4:$A$200,Client_List!$W$4:$W$200,999)<=72,"STALE","OLD"))),"")
A39: 34 | B39: 4014 | C39: DIL- 4014 - DILLONS BAYOU | D39: 2 | E39: =IFERROR(VLOOKUP(C39,Client_List!$B:$K,4,0)&", "&VLOOKUP(C39,Client_List!$B:$K,5,0)&" AZ","") -> 40202 N 87Th Ave, Peoria AZ | F39: =IFERROR(VLOOKUP(C39,Client_List!$B:$K,7,0)&", "&VLOOKUP(C39,Client_List!$B:$K,8,0),"") -> 33.852793, -112.246978 | G39: =IFERROR(VLOOKUP(C39,Client_List!$B:$K,9,0),"") -> 450 | H39: =IFERROR(LOOKUP(2,1/((Delivery_Log!$B$4:$B$4998=B39)*(ISNUMBER(Delivery_Log!$J$4:$J$4998))*(Delivery_Log!$J$4:$J$4998>0)),Delivery_Log!$J$4:$J$4998),"") | I39: =IFERROR(VLOOKUP(C39,Client_List!$B:$K,10,0),"") -> FRYERS CHOICE BLEND | J39: =IFERROR(_xlfn.MAXIFS(Delivery_Log!$A$4:$A$4998,Delivery_Log!$B$4:$B$4998,B39),"—") -> 46135 | K39: =IFERROR(IF(J39="—","",TODAY()-J39),"") -> 13 | L39: =IFERROR(IF(OR(K39="",H39=""),"",MAX(G39*0.03,G39-K39*H39)),"") | M39: =IFERROR(IF(L39="","",G39-L39),"") | N39: =IFERROR(IF(OR(L39="",H39=""),"",MIN(21,MAX(0,(L39-G39*$C$2)/H39))),"") | O39: =TODAY()+ROUNDUP(N39,0) -> #VALUE! | P39: =IFERROR(IF(N39="","—",IF(N39<=$E$2,"YES","—")),"—") -> — | Q39: =COUNTIFS(Delivery_Log!$B$4:$B$5998,B39,Delivery_Log!$A$4:$A$5998,">="&$Q$2) -> 9 | S39: =IFERROR(_xlfn.XLOOKUP(B39,Client_List!$A$4:$A$200,Client_List!$S$4:$S$200,""),"") | T39: =IFERROR(_xlfn.XLOOKUP(B39,Client_List!$A$4:$A$200,Client_List!$U$4:$U$200,""),"") | U39: =IFERROR(IF(S39="","",IF(_xlfn.XLOOKUP(B39,Client_List!$A$4:$A$200,Client_List!$W$4:$W$200,999)<=24,"LIVE",IF(_xlfn.XLOOKUP(B39,Client_List!$A$4:$A$200,Client_List!$W$4:$W$200,999)<=72,"STALE","OLD"))),"")
A40: 35 | B40: 4010 | C40: DIL59 - 4010 - DILLONS 59TH AVE | D40: 2 | E40: =IFERROR(VLOOKUP(C40,Client_List!$B:$K,4,0)&", "&VLOOKUP(C40,Client_List!$B:$K,5,0)&" AZ","") -> 20585 N 59Th Ave, Glendale AZ | F40: =IFERROR(VLOOKUP(C40,Client_List!$B:$K,7,0)&", "&VLOOKUP(C40,Client_List!$B:$K,8,0),"") -> 33.67218, -112.1863112 | G40: =IFERROR(VLOOKUP(C40,Client_List!$B:$K,9,0),"") -> 500 | H40: =IFERROR(LOOKUP(2,1/((Delivery_Log!$B$4:$B$4998=B40)*(ISNUMBER(Delivery_Log!$J$4:$J$4998))*(Delivery_Log!$J$4:$J$4998>0)),Delivery_Log!$J$4:$J$4998),"") | I40: =IFERROR(VLOOKUP(C40,Client_List!$B:$K,10,0),"") -> FRYERS CHOICE BLEND | J40: =IFERROR(_xlfn.MAXIFS(Delivery_Log!$A$4:$A$4998,Delivery_Log!$B$4:$B$4998,B40),"—") -> 46134 | K40: =IFERROR(IF(J40="—","",TODAY()-J40),"") -> 14 | L40: =IFERROR(IF(OR(K40="",H40=""),"",MAX(G40*0.03,G40-K40*H40)),"") | M40: =IFERROR(IF(L40="","",G40-L40),"") | N40: =IFERROR(IF(OR(L40="",H40=""),"",MIN(21,MAX(0,(L40-G40*$C$2)/H40))),"") | O40: =TODAY()+ROUNDUP(N40,0) -> #VALUE! | P40: =IFERROR(IF(N40="","—",IF(N40<=$E$2,"YES","—")),"—") -> — | Q40: =COUNTIFS(Delivery_Log!$B$4:$B$5998,B40,Delivery_Log!$A$4:$A$5998,">="&$Q$2) -> 9 | S40: =IFERROR(_xlfn.XLOOKUP(B40,Client_List!$A$4:$A$200,Client_List!$S$4:$S$200,""),"") | T40: =IFERROR(_xlfn.XLOOKUP(B40,Client_List!$A$4:$A$200,Client_List!$U$4:$U$200,""),"") | U40: =IFERROR(IF(S40="","",IF(_xlfn.XLOOKUP(B40,Client_List!$A$4:$A$200,Client_List!$W$4:$W$200,999)<=24,"LIVE",IF(_xlfn.XLOOKUP(B40,Client_List!$A$4:$A$200,Client_List!$W$4:$W$200,999)<=72,"STALE","OLD"))),"")
A41: 36 | B41: 4027 | C41: DIR - 4027 - DIRTWATER | D41: 5 | E41: =IFERROR(VLOOKUP(C41,Client_List!$B:$K,4,0)&", "&VLOOKUP(C41,Client_List!$B:$K,5,0)&" AZ","") -> 586 W APACHE, APACHE JUNCTION AZ | F41: =IFERROR(VLOOKUP(C41,Client_List!$B:$K,7,0)&", "&VLOOKUP(C41,Client_List!$B:$K,8,0),"") -> 33.4154921, -111.5523658 | G41: =IFERROR(VLOOKUP(C41,Client_List!$B:$K,9,0),"") -> 900 | H41: =IFERROR(LOOKUP(2,1/((Delivery_Log!$B$4:$B$4998=B41)*(ISNUMBER(Delivery_Log!$J$4:$J$4998))*(Delivery_Log!$J$4:$J$4998>0)),Delivery_Log!$J$4:$J$4998),"") | I41: =IFERROR(VLOOKUP(C41,Client_List!$B:$K,10,0),"") -> FRYERS CHOICE BLEND | J41: =IFERROR(_xlfn.MAXIFS(Delivery_Log!$A$4:$A$4998,Delivery_Log!$B$4:$B$4998,B41),"—") -> 46130 | K41: =IFERROR(IF(J41="—","",TODAY()-J41),"") -> 18 | L41: =IFERROR(IF(OR(K41="",H41=""),"",MAX(G41*0.03,G41-K41*H41)),"") | M41: =IFERROR(IF(L41="","",G41-L41),"") | N41: =IFERROR(IF(OR(L41="",H41=""),"",MIN(21,MAX(0,(L41-G41*$C$2)/H41))),"") | O41: =TODAY()+ROUNDUP(N41,0) -> #VALUE! | P41: =IFERROR(IF(N41="","—",IF(N41<=$E$2,"YES","—")),"—") -> — | Q41: =COUNTIFS(Delivery_Log!$B$4:$B$5998,B41,Delivery_Log!$A$4:$A$5998,">="&$Q$2) -> 5 | S41: =IFERROR(_xlfn.XLOOKUP(B41,Client_List!$A$4:$A$200,Client_List!$S$4:$S$200,""),"") | T41: =IFERROR(_xlfn.XLOOKUP(B41,Client_List!$A$4:$A$200,Client_List!$U$4:$U$200,""),"") | U41: =IFERROR(IF(S41="","",IF(_xlfn.XLOOKUP(B41,Client_List!$A$4:$A$200,Client_List!$W$4:$W$200,999)<=24,"LIVE",IF(_xlfn.XLOOKUP(B41,Client_List!$A$4:$A$200,Client_List!$W$4:$W$200,999)<=72,"STALE","OLD"))),"")
A42: 37 | B42: 4029 | C42: DUR - 4029 - DURVILL FOODS | D42: 4 | E42: =IFERROR(VLOOKUP(C42,Client_List!$B:$K,4,0)&", "&VLOOKUP(C42,Client_List!$B:$K,5,0)&" AZ","") -> DURVILL FOODS, Phoenix AZ | F42: =IFERROR(VLOOKUP(C42,Client_List!$B:$K,7,0)&", "&VLOOKUP(C42,Client_List!$B:$K,8,0),"") -> 33.4066366, -112.0110289 | G42: =IFERROR(VLOOKUP(C42,Client_List!$B:$K,9,0),"") -> 2500 | H42: =IFERROR(LOOKUP(2,1/((Delivery_Log!$B$4:$B$4998=B42)*(ISNUMBER(Delivery_Log!$J$4:$J$4998))*(Delivery_Log!$J$4:$J$4998>0)),Delivery_Log!$J$4:$J$4998),"") | I42: =IFERROR(VLOOKUP(C42,Client_List!$B:$K,10,0),"") -> CANOLA OIL | J42: =IFERROR(_xlfn.MAXIFS(Delivery_Log!$A$4:$A$4998,Delivery_Log!$B$4:$B$4998,B42),"—") -> 46129 | K42: =IFERROR(IF(J42="—","",TODAY()-J42),"") -> 19 | L42: =IFERROR(IF(OR(K42="",H42=""),"",MAX(G42*0.03,G42-K42*H42)),"") | M42: =IFERROR(IF(L42="","",G42-L42),"") | N42: =IFERROR(IF(OR(L42="",H42=""),"",MIN(21,MAX(0,(L42-G42*$C$2)/H42))),"") | O42: =TODAY()+ROUNDUP(N42,0) -> #VALUE! | P42: =IFERROR(IF(N42="","—",IF(N42<=$E$2,"YES","—")),"—") -> — | Q42: =COUNTIFS(Delivery_Log!$B$4:$B$5998,B42,Delivery_Log!$A$4:$A$5998,">="&$Q$2) -> 12 | S42: =IFERROR(_xlfn.XLOOKUP(B42,Client_List!$A$4:$A$200,Client_List!$S$4:$S$200,""),"") | T42: =IFERROR(_xlfn.XLOOKUP(B42,Client_List!$A$4:$A$200,Client_List!$U$4:$U$200,""),"") | U42: =IFERROR(IF(S42="","",IF(_xlfn.XLOOKUP(B42,Client_List!$A$4:$A$200,Client_List!$W$4:$W$200,999)<=24,"LIVE",IF(_xlfn.XLOOKUP(B42,Client_List!$A$4:$A$200,Client_List!$W$4:$W$200,999)<=72,"STALE","OLD"))),"")
A43: 38 | B43: 5006 | C43: ECH - 5006 - ECHO 5 SPORTS BAR | D43: 5 | E43: =IFERROR(VLOOKUP(C43,Client_List!$B:$K,4,0)&", "&VLOOKUP(C43,Client_List!$B:$K,5,0)&" AZ","") -> ECHO 5 SPORTS BAR, Mesa AZ | F43: =IFERROR(VLOOKUP(C43,Client_List!$B:$K,7,0)&", "&VLOOKUP(C43,Client_List!$B:$K,8,0),"") -> 33.468258, -111.6829244 | G43: =IFERROR(VLOOKUP(C43,Client_List!$B:$K,9,0),"") -> 450 | H43: =IFERROR(LOOKUP(2,1/((Delivery_Log!$B$4:$B$4998=B43)*(ISNUMBER(Delivery_Log!$J$4:$J$4998))*(Delivery_Log!$J$4:$J$4998>0)),Delivery_Log!$J$4:$J$4998),"") | I43: =IFERROR(VLOOKUP(C43,Client_List!$B:$K,10,0),"") -> FRYERS CHOICE BLEND | J43: =IFERROR(_xlfn.MAXIFS(Delivery_Log!$A$4:$A$4998,Delivery_Log!$B$4:$B$4998,B43),"—") -> 46133 | K43: =IFERROR(IF(J43="—","",TODAY()-J43),"") -> 15 | L43: =IFERROR(IF(OR(K43="",H43=""),"",MAX(G43*0.03,G43-K43*H43)),"") | M43: =IFERROR(IF(L43="","",G43-L43),"") | N43: =IFERROR(IF(OR(L43="",H43=""),"",MIN(21,MAX(0,(L43-G43*$C$2)/H43))),"") | O43: =TODAY()+ROUNDUP(N43,0) -> #VALUE! | P43: =IFERROR(IF(N43="","—",IF(N43<=$E$2,"YES","—")),"—") -> — | Q43: =COUNTIFS(Delivery_Log!$B$4:$B$5998,B43,Delivery_Log!$A$4:$A$5998,">="&$Q$2) -> 12 | S43: =IFERROR(_xlfn.XLOOKUP(B43,Client_List!$A$4:$A$200,Client_List!$S$4:$S$200,""),"") | T43: =IFERROR(_xlfn.XLOOKUP(B43,Client_List!$A$4:$A$200,Client_List!$U$4:$U$200,""),"") | U43: =IFERROR(IF(S43="","",IF(_xlfn.XLOOKUP(B43,Client_List!$A$4:$A$200,Client_List!$W$4:$W$200,999)<=24,"LIVE",IF(_xlfn.XLOOKUP(B43,Client_List!$A$4:$A$200,Client_List!$W$4:$W$200,999)<=72,"STALE","OLD"))),"")
A44: 39 | B44: 5004 | C44: ELT - 5004 - EL TACO TOTE | D44: 3 | E44: =IFERROR(VLOOKUP(C44,Client_List!$B:$K,4,0)&", "&VLOOKUP(C44,Client_List!$B:$K,5,0)&" AZ","") -> 3464 W Camelback Rd, Phoenix AZ | F44: =IFERROR(VLOOKUP(C44,Client_List!$B:$K,7,0)&", "&VLOOKUP(C44,Client_List!$B:$K,8,0),"") -> 33.5097147, -112.1338391 | G44: =IFERROR(VLOOKUP(C44,Client_List!$B:$K,9,0),"") -> 500 | H44: =IFERROR(LOOKUP(2,1/((Delivery_Log!$B$4:$B$4998=B44)*(ISNUMBER(Delivery_Log!$J$4:$J$4998))*(Delivery_Log!$J$4:$J$4998>0)),Delivery_Log!$J$4:$J$4998),"") | I44: =IFERROR(VLOOKUP(C44,Client_List!$B:$K,10,0),"") -> CANOLA OIL | J44: =IFERROR(_xlfn.MAXIFS(Delivery_Log!$A$4:$A$4998,Delivery_Log!$B$4:$B$4998,B44),"—") -> 46136 | K44: =IFERROR(IF(J44="—","",TODAY()-J44),"") -> 12 | L44: =IFERROR(IF(OR(K44="",H44=""),"",MAX(G44*0.03,G44-K44*H44)),"") | M44: =IFERROR(IF(L44="","",G44-L44),"") | N44: =IFERROR(IF(OR(L44="",H44=""),"",MIN(21,MAX(0,(L44-G44*$C$2)/H44))),"") | O44: =TODAY()+ROUNDUP(N44,0) -> #VALUE! | P44: =IFERROR(IF(N44="","—",IF(N44<=$E$2,"YES","—")),"—") -> — | Q44: =COUNTIFS(Delivery_Log!$B$4:$B$5998,B44,Delivery_Log!$A$4:$A$5998,">="&$Q$2) -> 7 | S44: =IFERROR(_xlfn.XLOOKUP(B44,Client_List!$A$4:$A$200,Client_List!$S$4:$S$200,""),"") | T44: =IFERROR(_xlfn.XLOOKUP(B44,Client_List!$A$4:$A$200,Client_List!$U$4:$U$200,""),"") | U44: =IFERROR(IF(S44="","",IF(_xlfn.XLOOKUP(B44,Client_List!$A$4:$A$200,Client_List!$W$4:$W$200,999)<=24,"LIVE",IF(_xlfn.XLOOKUP(B44,Client_List!$A$4:$A$200,Client_List!$W$4:$W$200,999)<=72,"STALE","OLD"))),"")
A45: 40 | B45: 5018 | C45: ENR - 5018 - ENROUTE COFFEE AND TEA | D45: 1 | E45: =IFERROR(VLOOKUP(C45,Client_List!$B:$K,4,0)&", "&VLOOKUP(C45,Client_List!$B:$K,5,0)&" AZ","") -> 15605 W ROOSEVELT ST, GOODYEAR AZ | F45: =IFERROR(VLOOKUP(C45,Client_List!$B:$K,7,0)&", "&VLOOKUP(C45,Client_List!$B:$K,8,0),"") -> 33.4564151, -112.3944877 | G45: =IFERROR(VLOOKUP(C45,Client_List!$B:$K,9,0),"") -> 350 | H45: =IFERROR(LOOKUP(2,1/((Delivery_Log!$B$4:$B$4998=B45)*(ISNUMBER(Delivery_Log!$J$4:$J$4998))*(Delivery_Log!$J$4:$J$4998>0)),Delivery_Log!$J$4:$J$4998),"") | I45: =IFERROR(VLOOKUP(C45,Client_List!$B:$K,10,0),"") -> CANOLA OIL | J45: =IFERROR(_xlfn.MAXIFS(Delivery_Log!$A$4:$A$4998,Delivery_Log!$B$4:$B$4998,B45),"—") -> 46113 | K45: =IFERROR(IF(J45="—","",TODAY()-J45),"") -> 35 | L45: =IFERROR(IF(OR(K45="",H45=""),"",MAX(G45*0.03,G45-K45*H45)),"") | M45: =IFERROR(IF(L45="","",G45-L45),"") | N45: =IFERROR(IF(OR(L45="",H45=""),"",MIN(21,MAX(0,(L45-G45*$C$2)/H45))),"") | O45: =TODAY()+ROUNDUP(N45,0) -> #VALUE! | P45: =IFERROR(IF(N45="","—",IF(N45<=$E$2,"YES","—")),"—") -> — | Q45: =COUNTIFS(Delivery_Log!$B$4:$B$5998,B45,Delivery_Log!$A$4:$A$5998,">="&$Q$2) -> 4 | S45: =IFERROR(_xlfn.XLOOKUP(B45,Client_List!$A$4:$A$200,Client_List!$S$4:$S$200,""),"") | T45: =IFERROR(_xlfn.XLOOKUP(B45,Client_List!$A$4:$A$200,Client_List!$U$4:$U$200,""),"") | U45: =IFERROR(IF(S45="","",IF(_xlfn.XLOOKUP(B45,Client_List!$A$4:$A$200,Client_List!$W$4:$W$200,999)<=24,"LIVE",IF(_xlfn.XLOOKUP(B45,Client_List!$A$4:$A$200,Client_List!$W$4:$W$200,999)<=72,"STALE","OLD"))),"")
A46: 41 | B46: 6101 | C46: FAT - 6101 - FATE BREWERY | D46: 4 | E46: =IFERROR(VLOOKUP(C46,Client_List!$B:$K,4,0)&", "&VLOOKUP(C46,Client_List!$B:$K,5,0)&" AZ","") -> 1312 N SCOTTSDALE RD, SCOTTSDALE AZ | F46: =IFERROR(VLOOKUP(C46,Client_List!$B:$K,7,0)&", "&VLOOKUP(C46,Client_List!$B:$K,8,0),"") -> 33.4627014, -111.926838 | G46: =IFERROR(VLOOKUP(C46,Client_List!$B:$K,9,0),"") -> 700 | H46: =IFERROR(LOOKUP(2,1/((Delivery_Log!$B$4:$B$4998=B46)*(ISNUMBER(Delivery_Log!$J$4:$J$4998))*(Delivery_Log!$J$4:$J$4998>0)),Delivery_Log!$J$4:$J$4998),"") | I46: =IFERROR(VLOOKUP(C46,Client_List!$B:$K,10,0),"") -> CANOLA OIL | J46: =IFERROR(_xlfn.MAXIFS(Delivery_Log!$A$4:$A$4998,Delivery_Log!$B$4:$B$4998,B46),"—") -> 46143 | K46: =IFERROR(IF(J46="—","",TODAY()-J46),"") -> 5 | L46: =IFERROR(IF(OR(K46="",H46=""),"",MAX(G46*0.03,G46-K46*H46)),"") | M46: =IFERROR(IF(L46="","",G46-L46),"") | N46: =IFERROR(IF(OR(L46="",H46=""),"",MIN(21,MAX(0,(L46-G46*$C$2)/H46))),"") | O46: =TODAY()+ROUNDUP(N46,0) -> #VALUE! | P46: =IFERROR(IF(N46="","—",IF(N46<=$E$2,"YES","—")),"—") -> — | Q46: =COUNTIFS(Delivery_Log!$B$4:$B$5998,B46,Delivery_Log!$A$4:$A$5998,">="&$Q$2) -> 18 | S46: =IFERROR(_xlfn.XLOOKUP(B46,Client_List!$A$4:$A$200,Client_List!$S$4:$S$200,""),"") | T46: =IFERROR(_xlfn.XLOOKUP(B46,Client_List!$A$4:$A$200,Client_List!$U$4:$U$200,""),"") | U46: =IFERROR(IF(S46="","",IF(_xlfn.XLOOKUP(B46,Client_List!$A$4:$A$200,Client_List!$W$4:$W$200,999)<=24,"LIVE",IF(_xlfn.XLOOKUP(B46,Client_List!$A$4:$A$200,Client_List!$W$4:$W$200,999)<=72,"STALE","OLD"))),"")
A47: 42 | B47: 6109 | C47: FAT - 6109 - FATE BREWING TEMPE | D47: 4 | E47: =IFERROR(VLOOKUP(C47,Client_List!$B:$K,4,0)&", "&VLOOKUP(C47,Client_List!$B:$K,5,0)&" AZ","") -> 201 E SOUTHERN AVE, TEMPE AZ | F47: =IFERROR(VLOOKUP(C47,Client_List!$B:$K,7,0)&", "&VLOOKUP(C47,Client_List!$B:$K,8,0),"") -> 33.3923823, -111.9364861 | G47: =IFERROR(VLOOKUP(C47,Client_List!$B:$K,9,0),"") -> 700 | H47: =IFERROR(LOOKUP(2,1/((Delivery_Log!$B$4:$B$4998=B47)*(ISNUMBER(Delivery_Log!$J$4:$J$4998))*(Delivery_Log!$J$4:$J$4998>0)),Delivery_Log!$J$4:$J$4998),"") | I47: =IFERROR(VLOOKUP(C47,Client_List!$B:$K,10,0),"") -> CANOLA OIL | J47: =IFERROR(_xlfn.MAXIFS(Delivery_Log!$A$4:$A$4998,Delivery_Log!$B$4:$B$4998,B47),"—") -> 46140 | K47: =IFERROR(IF(J47="—","",TODAY()-J47),"") -> 8 | L47: =IFERROR(IF(OR(K47="",H47=""),"",MAX(G47*0.03,G47-K47*H47)),"") | M47: =IFERROR(IF(L47="","",G47-L47),"") | N47: =IFERROR(IF(OR(L47="",H47=""),"",MIN(21,MAX(0,(L47-G47*$C$2)/H47))),"") | O47: =TODAY()+ROUNDUP(N47,0) -> #VALUE! | P47: =IFERROR(IF(N47="","—",IF(N47<=$E$2,"YES","—")),"—") -> — | Q47: =COUNTIFS(Delivery_Log!$B$4:$B$5998,B47,Delivery_Log!$A$4:$A$5998,">="&$Q$2) -> 17 | S47: =IFERROR(_xlfn.XLOOKUP(B47,Client_List!$A$4:$A$200,Client_List!$S$4:$S$200,""),"") | T47: =IFERROR(_xlfn.XLOOKUP(B47,Client_List!$A$4:$A$200,Client_List!$U$4:$U$200,""),"") | U47: =IFERROR(IF(S47="","",IF(_xlfn.XLOOKUP(B47,Client_List!$A$4:$A$200,Client_List!$W$4:$W$200,999)<=24,"LIVE",IF(_xlfn.XLOOKUP(B47,Client_List!$A$4:$A$200,Client_List!$W$4:$W$200,999)<=72,"STALE","OLD"))),"")
A48: 43 | B48: 6077 | C48: FOU - 6077 - FOUR PEAKS BREWING | D48: 4 | E48: =IFERROR(VLOOKUP(C48,Client_List!$B:$K,4,0)&", "&VLOOKUP(C48,Client_List!$B:$K,5,0)&" AZ","") -> 1340 E 8Th St, Tempe AZ | F48: =IFERROR(VLOOKUP(C48,Client_List!$B:$K,7,0)&", "&VLOOKUP(C48,Client_List!$B:$K,8,0),"") -> 33.4196799, -111.915919 | G48: =IFERROR(VLOOKUP(C48,Client_List!$B:$K,9,0),"") -> 2500 | H48: =IFERROR(LOOKUP(2,1/((Delivery_Log!$B$4:$B$4998=B48)*(ISNUMBER(Delivery_Log!$J$4:$J$4998))*(Delivery_Log!$J$4:$J$4998>0)),Delivery_Log!$J$4:$J$4998),"") | I48: =IFERROR(VLOOKUP(C48,Client_List!$B:$K,10,0),"") -> FRYERS CHOICE BLEND | J48: =IFERROR(_xlfn.MAXIFS(Delivery_Log!$A$4:$A$4998,Delivery_Log!$B$4:$B$4998,B48),"—") -> 46144 | K48: =IFERROR(IF(J48="—","",TODAY()-J48),"") -> 4 | L48: =IFERROR(IF(OR(K48="",H48=""),"",MAX(G48*0.03,G48-K48*H48)),"") | M48: =IFERROR(IF(L48="","",G48-L48),"") | N48: =IFERROR(IF(OR(L48="",H48=""),"",MIN(21,MAX(0,(L48-G48*$C$2)/H48))),"") | O48: =TODAY()+ROUNDUP(N48,0) -> #VALUE! | P48: =IFERROR(IF(N48="","—",IF(N48<=$E$2,"YES","—")),"—") -> — | Q48: =COUNTIFS(Delivery_Log!$B$4:$B$5998,B48,Delivery_Log!$A$4:$A$5998,">="&$Q$2) -> 8 | S48: =IFERROR(_xlfn.XLOOKUP(B48,Client_List!$A$4:$A$200,Client_List!$S$4:$S$200,""),"") | T48: =IFERROR(_xlfn.XLOOKUP(B48,Client_List!$A$4:$A$200,Client_List!$U$4:$U$200,""),"") | U48: =IFERROR(IF(S48="","",IF(_xlfn.XLOOKUP(B48,Client_List!$A$4:$A$200,Client_List!$W$4:$W$200,999)<=24,"LIVE",IF(_xlfn.XLOOKUP(B48,Client_List!$A$4:$A$200,Client_List!$W$4:$W$200,999)<=72,"STALE","OLD"))),"")
... A62: 57 | B62: 11016 | C62: KRI - 11016 - KRISPY KRUNCHY CHICKEN | D62: 4 | E62: =IFERROR(VLOOKUP(C62,Client_List!$B:$K,4,0)&", "&VLOOKUP(C62,Client_List!$B:$K,5,0)&" AZ","") -> 3501 WEST PEORIA AVE, PHOENIX AZ | F62: =IFERROR(VLOOKUP(C62,Client_List!$B:$K,7,0)&", "&VLOOKUP(C62,Client_List!$B:$K,8,0),"") -> 33.5816763, -112.1345451 | G62: =IFERROR(VLOOKUP(C62,Client_List!$B:$K,9,0),"") -> 350 | H62: =IFERROR(LOOKUP(2,1/((Delivery_Log!$B$4:$B$4998=B62)*(ISNUMBER(Delivery_Log!$J$4:$J$4998))*(Delivery_Log!$J$4:$J$4998>0)),Delivery_Log!$J$4:$J$4998),"") | I62: =IFERROR(VLOOKUP(C62,Client_List!$B:$K,10,0),"") -> CANOLA OIL | J62: =IFERROR(_xlfn.MAXIFS(Delivery_Log!$A$4:$A$4998,Delivery_Log!$B$4:$B$4998,B62),"—") -> 46110 | K62: =IFERROR(IF(J62="—","",TODAY()-J62),"") -> 38 | L62: =IFERROR(IF(OR(K62="",H62=""),"",MAX(G62*0.03,G62-K62*H62)),"") | M62: =IFERROR(IF(L62="","",G62-L62),"") | N62: =IFERROR(IF(OR(L62="",H62=""),"",MIN(21,MAX(0,(L62-G62*$C$2)/H62))),"") | O62: =TODAY()+ROUNDUP(N62,0) -> #VALUE! | P62: =IFERROR(IF(N62="","—",IF(N62<=$E$2,"YES","—")),"—") -> — | Q62: =COUNTIFS(Delivery_Log!$B$4:$B$5998,B62,Delivery_Log!$A$4:$A$5998,">="&$Q$2) -> 2 | S62: =IFERROR(_xlfn.XLOOKUP(B62,Client_List!$A$4:$A$200,Client_List!$S$4:$S$200,""),"") | T62: =IFERROR(_xlfn.XLOOKUP(B62,Client_List!$A$4:$A$200,Client_List!$U$4:$U$200,""),"") | U62: =IFERROR(IF(S62="","",IF(_xlfn.XLOOKUP(B62,Client_List!$A$4:$A$200,Client_List!$W$4:$W$200,999)<=24,"LIVE",IF(_xlfn.XLOOKUP(B62,Client_List!$A$4:$A$200,Client_List!$W$4:$W$200,999)<=72,"STALE","OLD"))),"")
A63: 58 | B63: 12053 | C63: LA - 12053 - LA FIESTA CARNICERIA | D63: 4 | E63: =IFERROR(VLOOKUP(C63,Client_List!$B:$K,4,0)&", "&VLOOKUP(C63,Client_List!$B:$K,5,0)&" AZ","") -> 7707 W MC 85, Buckeye AZ | F63: =IFERROR(VLOOKUP(C63,Client_List!$B:$K,7,0)&", "&VLOOKUP(C63,Client_List!$B:$K,8,0),"") -> 33.3762374, -112.5716842 | G63: =IFERROR(VLOOKUP(C63,Client_List!$B:$K,9,0),"") -> 1050 | H63: =IFERROR(LOOKUP(2,1/((Delivery_Log!$B$4:$B$4998=B63)*(ISNUMBER(Delivery_Log!$J$4:$J$4998))*(Delivery_Log!$J$4:$J$4998>0)),Delivery_Log!$J$4:$J$4998),"") | I63: =IFERROR(VLOOKUP(C63,Client_List!$B:$K,10,0),"") -> FRYERS CHOICE BLEND | J63: =IFERROR(_xlfn.MAXIFS(Delivery_Log!$A$4:$A$4998,Delivery_Log!$B$4:$B$4998,B63),"—") -> 46077 | K63: =IFERROR(IF(J63="—","",TODAY()-J63),"") -> 71 | L63: =IFERROR(IF(OR(K63="",H63=""),"",MAX(G63*0.03,G63-K63*H63)),"") | M63: =IFERROR(IF(L63="","",G63-L63),"") | N63: =IFERROR(IF(OR(L63="",H63=""),"",MIN(21,MAX(0,(L63-G63*$C$2)/H63))),"") | O63: =TODAY()+ROUNDUP(N63,0) -> #VALUE! | P63: =IFERROR(IF(N63="","—",IF(N63<=$E$2,"YES","—")),"—") -> — | Q63: =COUNTIFS(Delivery_Log!$B$4:$B$5998,B63,Delivery_Log!$A$4:$A$5998,">="&$Q$2) -> 1 | R63: Pull this out | S63: =IFERROR(_xlfn.XLOOKUP(B63,Client_List!$A$4:$A$200,Client_List!$S$4:$S$200,""),"") | T63: =IFERROR(_xlfn.XLOOKUP(B63,Client_List!$A$4:$A$200,Client_List!$U$4:$U$200,""),"") | U63: =IFERROR(IF(S63="","",IF(_xlfn.XLOOKUP(B63,Client_List!$A$4:$A$200,Client_List!$W$4:$W$200,999)<=24,"LIVE",IF(_xlfn.XLOOKUP(B63,Client_List!$A$4:$A$200,Client_List!$W$4:$W$200,999)<=72,"STALE","OLD"))),"")
A64: 59 | B64: 2010 | C64: LIB - 2010 - LIBERTY TAVERN | D64: 3 | E64: =IFERROR(VLOOKUP(C64,Client_List!$B:$K,4,0)&", "&VLOOKUP(C64,Client_List!$B:$K,5,0)&" AZ","") -> LIBERTY TAVERN, Phoenix AZ | F64: =IFERROR(VLOOKUP(C64,Client_List!$B:$K,7,0)&", "&VLOOKUP(C64,Client_List!$B:$K,8,0),"") -> 33.5830283, -112.0516727 | G64: =IFERROR(VLOOKUP(C64,Client_List!$B:$K,9,0),"") -> 500 | H64: =IFERROR(LOOKUP(2,1/((Delivery_Log!$B$4:$B$4998=B64)*(ISNUMBER(Delivery_Log!$J$4:$J$4998))*(Delivery_Log!$J$4:$J$4998>0)),Delivery_Log!$J$4:$J$4998),"") | I64: =IFERROR(VLOOKUP(C64,Client_List!$B:$K,10,0),"") -> CANOLA OIL | J64: =IFERROR(_xlfn.MAXIFS(Delivery_Log!$A$4:$A$4998,Delivery_Log!$B$4:$B$4998,B64),"—") -> 46027 | K64: =IFERROR(IF(J64="—","",TODAY()-J64),"") -> 121 | L64: =IFERROR(IF(OR(K64="",H64=""),"",MAX(G64*0.03,G64-K64*H64)),"") | M64: =IFERROR(IF(L64="","",G64-L64),"") | N64: =IFERROR(IF(OR(L64="",H64=""),"",MIN(21,MAX(0,(L64-G64*$C$2)/H64))),"") | O64: =TODAY()+ROUNDUP(N64,0) -> #VALUE! | P64: =IFERROR(IF(N64="","—",IF(N64<=$E$2,"YES","—")),"—") -> — | Q64: =COUNTIFS(Delivery_Log!$B$4:$B$5998,B64,Delivery_Log!$A$4:$A$5998,">="&$Q$2) -> 1 | S64: =IFERROR(_xlfn.XLOOKUP(B64,Client_List!$A$4:$A$200,Client_List!$S$4:$S$200,""),"") | T64: =IFERROR(_xlfn.XLOOKUP(B64,Client_List!$A$4:$A$200,Client_List!$U$4:$U$200,""),"") | U64: =IFERROR(IF(S64="","",IF(_xlfn.XLOOKUP(B64,Client_List!$A$4:$A$200,Client_List!$W$4:$W$200,999)<=24,"LIVE",IF(_xlfn.XLOOKUP(B64,Client_List!$A$4:$A$200,Client_List!$W$4:$W$200,999)<=72,"STALE","OLD"))),"")
A65: 60 | B65: 12055 | C65: LIT - 12055 - LITTLE O'S CENTRAL | D65: 3 | E65: =IFERROR(VLOOKUP(C65,Client_List!$B:$K,4,0)&", "&VLOOKUP(C65,Client_List!$B:$K,5,0)&" AZ","") -> 8525 N CENTRAL AVE, PHOENIX AZ | F65: =IFERROR(VLOOKUP(C65,Client_List!$B:$K,7,0)&", "&VLOOKUP(C65,Client_List!$B:$K,8,0),"") -> 33.5612603, -112.0736725 | G65: =IFERROR(VLOOKUP(C65,Client_List!$B:$K,9,0),"") -> 1050 | H65: =IFERROR(LOOKUP(2,1/((Delivery_Log!$B$4:$B$4998=B65)*(ISNUMBER(Delivery_Log!$J$4:$J$4998))*(Delivery_Log!$J$4:$J$4998>0)),Delivery_Log!$J$4:$J$4998),"") | I65: =IFERROR(VLOOKUP(C65,Client_List!$B:$K,10,0),"") -> CANOLA OIL | J65: =IFERROR(_xlfn.MAXIFS(Delivery_Log!$A$4:$A$4998,Delivery_Log!$B$4:$B$4998,B65),"—") -> 46143 | K65: =IFERROR(IF(J65="—","",TODAY()-J65),"") -> 5 | L65: =IFERROR(IF(OR(K65="",H65=""),"",MAX(G65*0.03,G65-K65*H65)),"") | M65: =IFERROR(IF(L65="","",G65-L65),"") | N65: =IFERROR(IF(OR(L65="",H65=""),"",MIN(21,MAX(0,(L65-G65*$C$2)/H65))),"") | O65: =TODAY()+ROUNDUP(N65,0) -> #VALUE! | P65: =IFERROR(IF(N65="","—",IF(N65<=$E$2,"YES","—")),"—") -> — | Q65: =COUNTIFS(Delivery_Log!$B$4:$B$5998,B65,Delivery_Log!$A$4:$A$5998,">="&$Q$2) -> 9 | S65: =IFERROR(_xlfn.XLOOKUP(B65,Client_List!$A$4:$A$200,Client_List!$S$4:$S$200,""),"") | T65: =IFERROR(_xlfn.XLOOKUP(B65,Client_List!$A$4:$A$200,Client_List!$U$4:$U$200,""),"") | U65: =IFERROR(IF(S65="","",IF(_xlfn.XLOOKUP(B65,Client_List!$A$4:$A$200,Client_List!$W$4:$W$200,999)<=24,"LIVE",IF(_xlfn.XLOOKUP(B65,Client_List!$A$4:$A$200,Client_List!$W$4:$W$200,999)<=72,"STALE","OLD"))),"")
A66: 61 | B66: 12048 | C66: LIV - 12048 - LIVING ROOM SCOTTSDALE | D66: 4 | E66: =IFERROR(VLOOKUP(C66,Client_List!$B:$K,4,0)&", "&VLOOKUP(C66,Client_List!$B:$K,5,0)&" AZ","") -> 20751 N Pima Rd, Scottsdale AZ | F66: =IFERROR(VLOOKUP(C66,Client_List!$B:$K,7,0)&", "&VLOOKUP(C66,Client_List!$B:$K,8,0),"") -> 33.6755199, -111.8883288 | G66: =IFERROR(VLOOKUP(C66,Client_List!$B:$K,9,0),"") -> 1050 | H66: =IFERROR(LOOKUP(2,1/((Delivery_Log!$B$4:$B$4998=B66)*(ISNUMBER(Delivery_Log!$J$4:$J$4998))*(Delivery_Log!$J$4:$J$4998>0)),Delivery_Log!$J$4:$J$4998),"") | I66: =IFERROR(VLOOKUP(C66,Client_List!$B:$K,10,0),"") -> CANOLA OIL | J66: =IFERROR(_xlfn.MAXIFS(Delivery_Log!$A$4:$A$4998,Delivery_Log!$B$4:$B$4998,B66),"—") -> 46143 | K66: =IFERROR(IF(J66="—","",TODAY()-J66),"") -> 5 | L66: =IFERROR(IF(OR(K66="",H66=""),"",MAX(G66*0.03,G66-K66*H66)),"") | M66: =IFERROR(IF(L66="","",G66-L66),"") | N66: =IFERROR(IF(OR(L66="",H66=""),"",MIN(21,MAX(0,(L66-G66*$C$2)/H66))),"") | O66: =TODAY()+ROUNDUP(N66,0) -> #VALUE! | P66: =IFERROR(IF(N66="","—",IF(N66<=$E$2,"YES","—")),"—") -> — | Q66: =COUNTIFS(Delivery_Log!$B$4:$B$5998,B66,Delivery_Log!$A$4:$A$5998,">="&$Q$2) -> 9 | S66: =IFERROR(_xlfn.XLOOKUP(B66,Client_List!$A$4:$A$200,Client_List!$S$4:$S$200,""),"") | T66: =IFERROR(_xlfn.XLOOKUP(B66,Client_List!$A$4:$A$200,Client_List!$U$4:$U$200,""),"") | U66: =IFERROR(IF(S66="","",IF(_xlfn.XLOOKUP(B66,Client_List!$A$4:$A$200,Client_List!$W$4:$W$200,999)<=24,"LIVE",IF(_xlfn.XLOOKUP(B66,Client_List!$A$4:$A$200,Client_List!$W$4:$W$200,999)<=72,"STALE","OLD"))),"")
A67: 62 | B67: 12025 | C67: LOC - 12025 - LOCO PATRON | D67: 4 | E67: =IFERROR(VLOOKUP(C67,Client_List!$B:$K,4,0)&", "&VLOOKUP(C67,Client_List!$B:$K,5,0)&" AZ","") -> 14950 N NORTHSIGHT BLVD, SCOTTSDALE AZ | F67: =IFERROR(VLOOKUP(C67,Client_List!$B:$K,7,0)&", "&VLOOKUP(C67,Client_List!$B:$K,8,0),"") -> 33.6216275, -111.8977823 | G67: =IFERROR(VLOOKUP(C67,Client_List!$B:$K,9,0),"") -> 620 | H67: =IFERROR(LOOKUP(2,1/((Delivery_Log!$B$4:$B$4998=B67)*(ISNUMBER(Delivery_Log!$J$4:$J$4998))*(Delivery_Log!$J$4:$J$4998>0)),Delivery_Log!$J$4:$J$4998),"") | I67: =IFERROR(VLOOKUP(C67,Client_List!$B:$K,10,0),"") -> FRYERS CHOICE BLEND | J67: =IFERROR(_xlfn.MAXIFS(Delivery_Log!$A$4:$A$4998,Delivery_Log!$B$4:$B$4998,B67),"—") -> 46143 | K67: =IFERROR(IF(J67="—","",TODAY()-J67),"") -> 5 | L67: =IFERROR(IF(OR(K67="",H67=""),"",MAX(G67*0.03,G67-K67*H67)),"") | M67: =IFERROR(IF(L67="","",G67-L67),"") | N67: =IFERROR(IF(OR(L67="",H67=""),"",MIN(21,MAX(0,(L67-G67*$C$2)/H67))),"") | O67: =TODAY()+ROUNDUP(N67,0) -> #VALUE! | P67: =IFERROR(IF(N67="","—",IF(N67<=$E$2,"YES","—")),"—") -> — | Q67: =COUNTIFS(Delivery_Log!$B$4:$B$5998,B67,Delivery_Log!$A$4:$A$5998,">="&$Q$2) -> 9 | S67: =IFERROR(_xlfn.XLOOKUP(B67,Client_List!$A$4:$A$200,Client_List!$S$4:$S$200,""),"") | T67: =IFERROR(_xlfn.XLOOKUP(B67,Client_List!$A$4:$A$200,Client_List!$U$4:$U$200,""),"") | U67: =IFERROR(IF(S67="","",IF(_xlfn.XLOOKUP(B67,Client_List!$A$4:$A$200,Client_List!$W$4:$W$200,999)<=24,"LIVE",IF(_xlfn.XLOOKUP(B67,Client_List!$A$4:$A$200,Client_List!$W$4:$W$200,999)<=72,"STALE","OLD"))),"")
A68: 63 | B68: 12050 | C68: LON - 12050 - LONG WONG 35TH | D68: 3 | E68: =IFERROR(VLOOKUP(C68,Client_List!$B:$K,4,0)&", "&VLOOKUP(C68,Client_List!$B:$K,5,0)&" AZ","") -> 6260 S 35TH AVE, PHOENIX AZ | F68: =IFERROR(VLOOKUP(C68,Client_List!$B:$K,7,0)&", "&VLOOKUP(C68,Client_List!$B:$K,8,0),"") -> 33.3893903, -112.1342691 | G68: =IFERROR(VLOOKUP(C68,Client_List!$B:$K,9,0),"") -> 1050 | H68: =IFERROR(LOOKUP(2,1/((Delivery_Log!$B$4:$B$4998=B68)*(ISNUMBER(Delivery_Log!$J$4:$J$4998))*(Delivery_Log!$J$4:$J$4998>0)),Delivery_Log!$J$4:$J$4998),"") | I68: =IFERROR(VLOOKUP(C68,Client_List!$B:$K,10,0),"") -> CANOLA OIL | J68: =IFERROR(_xlfn.MAXIFS(Delivery_Log!$A$4:$A$4998,Delivery_Log!$B$4:$B$4998,B68),"—") -> 46141 | K68: =IFERROR(IF(J68="—","",TODAY()-J68),"") -> 7 | L68: =IFERROR(IF(OR(K68="",H68=""),"",MAX(G68*0.03,G68-K68*H68)),"") | M68: =IFERROR(IF(L68="","",G68-L68),"") | N68: =IFERROR(IF(OR(L68="",H68=""),"",MIN(21,MAX(0,(L68-G68*$C$2)/H68))),"") | O68: =TODAY()+ROUNDUP(N68,0) -> #VALUE! | P68: =IFERROR(IF(N68="","—",IF(N68<=$E$2,"YES","—")),"—") -> — | Q68: =COUNTIFS(Delivery_Log!$B$4:$B$5998,B68,Delivery_Log!$A$4:$A$5998,">="&$Q$2) -> 7 | S68: =IFERROR(_xlfn.XLOOKUP(B68,Client_List!$A$4:$A$200,Client_List!$S$4:$S$200,""),"") | T68: =IFERROR(_xlfn.XLOOKUP(B68,Client_List!$A$4:$A$200,Client_List!$U$4:$U$200,""),"") | U68: =IFERROR(IF(S68="","",IF(_xlfn.XLOOKUP(B68,Client_List!$A$4:$A$200,Client_List!$W$4:$W$200,999)<=24,"LIVE",IF(_xlfn.XLOOKUP(B68,Client_List!$A$4:$A$200,Client_List!$W$4:$W$200,999)<=72,"STALE","OLD"))),"")
A69: 64 | B69: 12051 | C69: LON - 12051 - LONG WONG LOWER BUCKEYE | D69: 2 | E69: =IFERROR(VLOOKUP(C69,Client_List!$B:$K,4,0)&", "&VLOOKUP(C69,Client_List!$B:$K,5,0)&" AZ","") -> 7625 W LOWER BUCKEYE RD, PHOENIX AZ | F69: =IFERROR(VLOOKUP(C69,Client_List!$B:$K,7,0)&", "&VLOOKUP(C69,Client_List!$B:$K,8,0),"") -> 33.4207294, -112.2242321 | G69: =IFERROR(VLOOKUP(C69,Client_List!$B:$K,9,0),"") -> 1050 | H69: =IFERROR(LOOKUP(2,1/((Delivery_Log!$B$4:$B$4998=B69)*(ISNUMBER(Delivery_Log!$J$4:$J$4998))*(Delivery_Log!$J$4:$J$4998>0)),Delivery_Log!$J$4:$J$4998),"") | I69: =IFERROR(VLOOKUP(C69,Client_List!$B:$K,10,0),"") -> CANOLA OIL | J69: =IFERROR(_xlfn.MAXIFS(Delivery_Log!$A$4:$A$4998,Delivery_Log!$B$4:$B$4998,B69),"—") -> 46136 | K69: =IFERROR(IF(J69="—","",TODAY()-J69),"") -> 12 | L69: =IFERROR(IF(OR(K69="",H69=""),"",MAX(G69*0.03,G69-K69*H69)),"") | M69: =IFERROR(IF(L69="","",G69-L69),"") | N69: =IFERROR(IF(OR(L69="",H69=""),"",MIN(21,MAX(0,(L69-G69*$C$2)/H69))),"") | O69: =TODAY()+ROUNDUP(N69,0) -> #VALUE! | P69: =IFERROR(IF(N69="","—",IF(N69<=$E$2,"YES","—")),"—") -> — | Q69: =COUNTIFS(Delivery_Log!$B$4:$B$5998,B69,Delivery_Log!$A$4:$A$5998,">="&$Q$2) -> 6 | S69: =IFERROR(_xlfn.XLOOKUP(B69,Client_List!$A$4:$A$200,Client_List!$S$4:$S$200,""),"") | T69: =IFERROR(_xlfn.XLOOKUP(B69,Client_List!$A$4:$A$200,Client_List!$U$4:$U$200,""),"") | U69: =IFERROR(IF(S69="","",IF(_xlfn.XLOOKUP(B69,Client_List!$A$4:$A$200,Client_List!$W$4:$W$200,999)<=24,"LIVE",IF(_xlfn.XLOOKUP(B69,Client_List!$A$4:$A$200,Client_List!$W$4:$W$200,999)<=72,"STALE","OLD"))),"")
A70: 65 | B70: 12009 | C70: LON75 - 12009 - LONG WONG 75/THOMAS | D70: 2 | E70: =IFERROR(VLOOKUP(C70,Client_List!$B:$K,4,0)&", "&VLOOKUP(C70,Client_List!$B:$K,5,0)&" AZ","") -> 7415 W Thomas Rd, Phoenix AZ | F70: =IFERROR(VLOOKUP(C70,Client_List!$B:$K,7,0)&", "&VLOOKUP(C70,Client_List!$B:$K,8,0),"") -> 33.4796805, -112.219328 | G70: =IFERROR(VLOOKUP(C70,Client_List!$B:$K,9,0),"") -> 700 | H70: =IFERROR(LOOKUP(2,1/((Delivery_Log!$B$4:$B$4998=B70)*(ISNUMBER(Delivery_Log!$J$4:$J$4998))*(Delivery_Log!$J$4:$J$4998>0)),Delivery_Log!$J$4:$J$4998),"") | I70: =IFERROR(VLOOKUP(C70,Client_List!$B:$K,10,0),"") -> CANOLA OIL | J70: =IFERROR(_xlfn.MAXIFS(Delivery_Log!$A$4:$A$4998,Delivery_Log!$B$4:$B$4998,B70),"—") -> 46142 | K70: =IFERROR(IF(J70="—","",TODAY()-J70),"") -> 6 | L70: =IFERROR(IF(OR(K70="",H70=""),"",MAX(G70*0.03,G70-K70*H70)),"") | M70: =IFERROR(IF(L70="","",G70-L70),"") | N70: =IFERROR(IF(OR(L70="",H70=""),"",MIN(21,MAX(0,(L70-G70*$C$2)/H70))),"") | O70: =TODAY()+ROUNDUP(N70,0) -> #VALUE! | P70: =IFERROR(IF(N70="","—",IF(N70<=$E$2,"YES","—")),"—") -> — | Q70: =COUNTIFS(Delivery_Log!$B$4:$B$5998,B70,Delivery_Log!$A$4:$A$5998,">="&$Q$2) -> 5 | S70: =IFERROR(_xlfn.XLOOKUP(B70,Client_List!$A$4:$A$200,Client_List!$S$4:$S$200,""),"") | T70: =IFERROR(_xlfn.XLOOKUP(B70,Client_List!$A$4:$A$200,Client_List!$U$4:$U$200,""),"") | U70: =IFERROR(IF(S70="","",IF(_xlfn.XLOOKUP(B70,Client_List!$A$4:$A$200,Client_List!$W$4:$W$200,999)<=24,"LIVE",IF(_xlfn.XLOOKUP(B70,Client_List!$A$4:$A$200,Client_List!$W$4:$W$200,999)<=72,"STALE","OLD"))),"")
A71: 66 | B71: 13057 | C71: MAN - 13057 - MANUEL CHANDLER | D71: 4 | E71: =IFERROR(VLOOKUP(C71,Client_List!$B:$K,4,0)&", "&VLOOKUP(C71,Client_List!$B:$K,5,0)&" AZ","") -> 4210 S Arizona Ave, Chandler AZ | F71: =IFERROR(VLOOKUP(C71,Client_List!$B:$K,7,0)&", "&VLOOKUP(C71,Client_List!$B:$K,8,0),"") -> 33.245573, -111.842597 | G71: =IFERROR(VLOOKUP(C71,Client_List!$B:$K,9,0),"") -> 950 | H71: =IFERROR(LOOKUP(2,1/((Delivery_Log!$B$4:$B$4998=B71)*(ISNUMBER(Delivery_Log!$J$4:$J$4998))*(Delivery_Log!$J$4:$J$4998>0)),Delivery_Log!$J$4:$J$4998),"") | I71: =IFERROR(VLOOKUP(C71,Client_List!$B:$K,10,0),"") -> CANOLA OIL | J71: =IFERROR(_xlfn.MAXIFS(Delivery_Log!$A$4:$A$4998,Delivery_Log!$B$4:$B$4998,B71),"—") -> 46142 | K71: =IFERROR(IF(J71="—","",TODAY()-J71),"") -> 6 | L71: =IFERROR(IF(OR(K71="",H71=""),"",MAX(G71*0.03,G71-K71*H71)),"") | M71: =IFERROR(IF(L71="","",G71-L71),"") | N71: =IFERROR(IF(OR(L71="",H71=""),"",MIN(21,MAX(0,(L71-G71*$C$2)/H71))),"") | O71: =TODAY()+ROUNDUP(N71,0) -> #VALUE! | P71: =IFERROR(IF(N71="","—",IF(N71<=$E$2,"YES","—")),"—") -> — | Q71: =COUNTIFS(Delivery_Log!$B$4:$B$5998,B71,Delivery_Log!$A$4:$A$5998,">="&$Q$2) -> 9 | S71: =IFERROR(_xlfn.XLOOKUP(B71,Client_List!$A$4:$A$200,Client_List!$S$4:$S$200,""),"") | T71: =IFERROR(_xlfn.XLOOKUP(B71,Client_List!$A$4:$A$200,Client_List!$U$4:$U$200,""),"") | U71: =IFERROR(IF(S71="","",IF(_xlfn.XLOOKUP(B71,Client_List!$A$4:$A$200,Client_List!$W$4:$W$200,999)<=24,"LIVE",IF(_xlfn.XLOOKUP(B71,Client_List!$A$4:$A$200,Client_List!$W$4:$W$200,999)<=72,"STALE","OLD"))),"")
A72: 67 | B72: 13069 | C72: MAN - 13069 - MANUEL SHEA | D72: 3 | E72: =IFERROR(VLOOKUP(C72,Client_List!$B:$K,4,0)&", "&VLOOKUP(C72,Client_List!$B:$K,5,0)&" AZ","") -> 3131 E Shea Blvd, Phoenix AZ | F72: =IFERROR(VLOOKUP(C72,Client_List!$B:$K,7,0)&", "&VLOOKUP(C72,Client_List!$B:$K,8,0),"") -> 33.582157, -112.0140438 | G72: =IFERROR(VLOOKUP(C72,Client_List!$B:$K,9,0),"") -> 900 | H72: =IFERROR(LOOKUP(2,1/((Delivery_Log!$B$4:$B$4998=B72)*(ISNUMBER(Delivery_Log!$J$4:$J$4998))*(Delivery_Log!$J$4:$J$4998>0)),Delivery_Log!$J$4:$J$4998),"") | I72: =IFERROR(VLOOKUP(C72,Client_List!$B:$K,10,0),"") -> CANOLA OIL | J72: =IFERROR(_xlfn.MAXIFS(Delivery_Log!$A$4:$A$4998,Delivery_Log!$B$4:$B$4998,B72),"—") -> 46140 | K72: =IFERROR(IF(J72="—","",TODAY()-J72),"") -> 8 | L72: =IFERROR(IF(OR(K72="",H72=""),"",MAX(G72*0.03,G72-K72*H72)),"") | M72: =IFERROR(IF(L72="","",G72-L72),"") | N72: =IFERROR(IF(OR(L72="",H72=""),"",MIN(21,MAX(0,(L72-G72*$C$2)/H72))),"") | O72: =TODAY()+ROUNDUP(N72,0) -> #VALUE! | P72: =IFERROR(IF(N72="","—",IF(N72<=$E$2,"YES","—")),"—") -> — | Q72: =COUNTIFS(Delivery_Log!$B$4:$B$5998,B72,Delivery_Log!$A$4:$A$5998,">="&$Q$2) -> 5 | S72: =IFERROR(_xlfn.XLOOKUP(B72,Client_List!$A$4:$A$200,Client_List!$S$4:$S$200,""),"") | T72: =IFERROR(_xlfn.XLOOKUP(B72,Client_List!$A$4:$A$200,Client_List!$U$4:$U$200,""),"") | U72: =IFERROR(IF(S72="","",IF(_xlfn.XLOOKUP(B72,Client_List!$A$4:$A$200,Client_List!$W$4:$W$200,999)<=24,"LIVE",IF(_xlfn.XLOOKUP(B72,Client_List!$A$4:$A$200,Client_List!$W$4:$W$200,999)<=72,"STALE","OLD"))),"")
A73: 68 | B73: 13012 | C73: MAN1 - 13012 - MANUEL MCDOWELL | D73: 1 | E73: =IFERROR(VLOOKUP(C73,Client_List!$B:$K,4,0)&", "&VLOOKUP(C73,Client_List!$B:$K,5,0)&" AZ","") -> MANUEL MCDOWELL, Goodyear AZ | F73: =IFERROR(VLOOKUP(C73,Client_List!$B:$K,7,0)&", "&VLOOKUP(C73,Client_List!$B:$K,8,0),"") -> 33.4630917, -112.3456586 | G73: =IFERROR(VLOOKUP(C73,Client_List!$B:$K,9,0),"") -> 950 | H73: =IFERROR(LOOKUP(2,1/((Delivery_Log!$B$4:$B$4998=B73)*(ISNUMBER(Delivery_Log!$J$4:$J$4998))*(Delivery_Log!$J$4:$J$4998>0)),Delivery_Log!$J$4:$J$4998),"") | I73: =IFERROR(VLOOKUP(C73,Client_List!$B:$K,10,0),"") -> CANOLA OIL | J73: =IFERROR(_xlfn.MAXIFS(Delivery_Log!$A$4:$A$4998,Delivery_Log!$B$4:$B$4998,B73),"—") -> 46144 | K73: =IFERROR(IF(J73="—","",TODAY()-J73),"") -> 4 | L73: =IFERROR(IF(OR(K73="",H73=""),"",MAX(G73*0.03,G73-K73*H73)),"") | M73: =IFERROR(IF(L73="","",G73-L73),"") | N73: =IFERROR(IF(OR(L73="",H73=""),"",MIN(21,MAX(0,(L73-G73*$C$2)/H73))),"") | O73: =TODAY()+ROUNDUP(N73,0) -> #VALUE! | P73: =IFERROR(IF(N73="","—",IF(N73<=$E$2,"YES","—")),"—") -> — | Q73: =COUNTIFS(Delivery_Log!$B$4:$B$5998,B73,Delivery_Log!$A$4:$A$5998,">="&$Q$2) -> 13 | S73: =IFERROR(_xlfn.XLOOKUP(B73,Client_List!$A$4:$A$200,Client_List!$S$4:$S$200,""),"") | T73: =IFERROR(_xlfn.XLOOKUP(B73,Client_List!$A$4:$A$200,Client_List!$U$4:$U$200,""),"") | U73: =IFERROR(IF(S73="","",IF(_xlfn.XLOOKUP(B73,Client_List!$A$4:$A$200,Client_List!$W$4:$W$200,999)<=24,"LIVE",IF(_xlfn.XLOOKUP(B73,Client_List!$A$4:$A$200,Client_List!$W$4:$W$200,999)<=72,"STALE","OLD"))),"")
A74: 69 | B74: 13011 | C74: MAN3 - 13011 - MANUEL INDIAN SCHOOL | D74: 3 | E74: =IFERROR(VLOOKUP(C74,Client_List!$B:$K,4,0)&", "&VLOOKUP(C74,Client_List!$B:$K,5,0)&" AZ","") -> 2820 E Indian School Rd, Phoenix AZ | F74: =IFERROR(VLOOKUP(C74,Client_List!$B:$K,7,0)&", "&VLOOKUP(C74,Client_List!$B:$K,8,0),"") -> 33.4953188, -112.0207629 | G74: =IFERROR(VLOOKUP(C74,Client_List!$B:$K,9,0),"") -> 1000 | H74: =IFERROR(LOOKUP(2,1/((Delivery_Log!$B$4:$B$4998=B74)*(ISNUMBER(Delivery_Log!$J$4:$J$4998))*(Delivery_Log!$J$4:$J$4998>0)),Delivery_Log!$J$4:$J$4998),"") | I74: =IFERROR(VLOOKUP(C74,Client_List!$B:$K,10,0),"") -> CANOLA OIL | J74: =IFERROR(_xlfn.MAXIFS(Delivery_Log!$A$4:$A$4998,Delivery_Log!$B$4:$B$4998,B74),"—") -> 46136 | K74: =IFERROR(IF(J74="—","",TODAY()-J74),"") -> 12 | L74: =IFERROR(IF(OR(K74="",H74=""),"",MAX(G74*0.03,G74-K74*H74)),"") | M74: =IFERROR(IF(L74="","",G74-L74),"") | N74: =IFERROR(IF(OR(L74="",H74=""),"",MIN(21,MAX(0,(L74-G74*$C$2)/H74))),"") | O74: =TODAY()+ROUNDUP(N74,0) -> #VALUE! | P74: =IFERROR(IF(N74="","—",IF(N74<=$E$2,"YES","—")),"—") -> — | Q74: =COUNTIFS(Delivery_Log!$B$4:$B$5998,B74,Delivery_Log!$A$4:$A$5998,">="&$Q$2) -> 8 | S74: =IFERROR(_xlfn.XLOOKUP(B74,Client_List!$A$4:$A$200,Client_List!$S$4:$S$200,""),"") | T74: =IFERROR(_xlfn.XLOOKUP(B74,Client_List!$A$4:$A$200,Client_List!$U$4:$U$200,""),"") | U74: =IFERROR(IF(S74="","",IF(_xlfn.XLOOKUP(B74,Client_List!$A$4:$A$200,Client_List!$W$4:$W$200,999)<=24,"LIVE",IF(_xlfn.XLOOKUP(B74,Client_List!$A$4:$A$200,Client_List!$W$4:$W$200,999)<=72,"STALE","OLD"))),"")
A75: 70 | B75: 13009 | C75: MAN6 - 13009 - MANUEL BELL | D75: 3 | E75: =IFERROR(VLOOKUP(C75,Client_List!$B:$K,4,0)&", "&VLOOKUP(C75,Client_List!$B:$K,5,0)&" AZ","") -> MANUEL BELL, PHOENIX AZ | F75: =IFERROR(VLOOKUP(C75,Client_List!$B:$K,7,0)&", "&VLOOKUP(C75,Client_List!$B:$K,8,0),"") -> 33.6397742, -112.0877381 | G75: =IFERROR(VLOOKUP(C75,Client_List!$B:$K,9,0),"") -> 1050 | H75: =IFERROR(LOOKUP(2,1/((Delivery_Log!$B$4:$B$4998=B75)*(ISNUMBER(Delivery_Log!$J$4:$J$4998))*(Delivery_Log!$J$4:$J$4998>0)),Delivery_Log!$J$4:$J$4998),"") | I75: =IFERROR(VLOOKUP(C75,Client_List!$B:$K,10,0),"") -> CANOLA OIL | J75: =IFERROR(_xlfn.MAXIFS(Delivery_Log!$A$4:$A$4998,Delivery_Log!$B$4:$B$4998,B75),"—") -> 46141 | K75: =IFERROR(IF(J75="—","",TODAY()-J75),"") -> 7 | L75: =IFERROR(IF(OR(K75="",H75=""),"",MAX(G75*0.03,G75-K75*H75)),"") | M75: =IFERROR(IF(L75="","",G75-L75),"") | N75: =IFERROR(IF(OR(L75="",H75=""),"",MIN(21,MAX(0,(L75-G75*$C$2)/H75))),"") | O75: =TODAY()+ROUNDUP(N75,0) -> #VALUE! | P75: =IFERROR(IF(N75="","—",IF(N75<=$E$2,"YES","—")),"—") -> — | Q75: =COUNTIFS(Delivery_Log!$B$4:$B$5998,B75,Delivery_Log!$A$4:$A$5998,">="&$Q$2) -> 13 | S75: =IFERROR(_xlfn.XLOOKUP(B75,Client_List!$A$4:$A$200,Client_List!$S$4:$S$200,""),"") | T75: =IFERROR(_xlfn.XLOOKUP(B75,Client_List!$A$4:$A$200,Client_List!$U$4:$U$200,""),"") | U75: =IFERROR(IF(S75="","",IF(_xlfn.XLOOKUP(B75,Client_List!$A$4:$A$200,Client_List!$W$4:$W$200,999)<=24,"LIVE",IF(_xlfn.XLOOKUP(B75,Client_List!$A$4:$A$200,Client_List!$W$4:$W$200,999)<=72,"STALE","OLD"))),"")
... A96: 91 | B96: 15027 | C96: OREG - 15027 - OREGANO CHANDLER | D96: 4 | E96: =IFERROR(VLOOKUP(C96,Client_List!$B:$K,4,0)&", "&VLOOKUP(C96,Client_List!$B:$K,5,0)&" AZ","") -> 1960 W Germann Rd Ste 5 Bldg G, Chandler AZ | F96: =IFERROR(VLOOKUP(C96,Client_List!$B:$K,7,0)&", "&VLOOKUP(C96,Client_List!$B:$K,8,0),"") -> 33.2777465, -111.8756684 | G96: =IFERROR(VLOOKUP(C96,Client_List!$B:$K,9,0),"") -> 660 | H96: =IFERROR(LOOKUP(2,1/((Delivery_Log!$B$4:$B$4998=B96)*(ISNUMBER(Delivery_Log!$J$4:$J$4998))*(Delivery_Log!$J$4:$J$4998>0)),Delivery_Log!$J$4:$J$4998),"") | I96: =IFERROR(VLOOKUP(C96,Client_List!$B:$K,10,0),"") -> CANOLA OIL | J96: =IFERROR(_xlfn.MAXIFS(Delivery_Log!$A$4:$A$4998,Delivery_Log!$B$4:$B$4998,B96),"—") -> 46144 | K96: =IFERROR(IF(J96="—","",TODAY()-J96),"") -> 4 | L96: =IFERROR(IF(OR(K96="",H96=""),"",MAX(G96*0.03,G96-K96*H96)),"") | M96: =IFERROR(IF(L96="","",G96-L96),"") | N96: =IFERROR(IF(OR(L96="",H96=""),"",MIN(21,MAX(0,(L96-G96*$C$2)/H96))),"") | O96: =TODAY()+ROUNDUP(N96,0) -> #VALUE! | P96: =IFERROR(IF(N96="","—",IF(N96<=$E$2,"YES","—")),"—") -> — | Q96: =COUNTIFS(Delivery_Log!$B$4:$B$5998,B96,Delivery_Log!$A$4:$A$5998,">="&$Q$2) -> 6 | S96: =IFERROR(_xlfn.XLOOKUP(B96,Client_List!$A$4:$A$200,Client_List!$S$4:$S$200,""),"") | T96: =IFERROR(_xlfn.XLOOKUP(B96,Client_List!$A$4:$A$200,Client_List!$U$4:$U$200,""),"") | U96: =IFERROR(IF(S96="","",IF(_xlfn.XLOOKUP(B96,Client_List!$A$4:$A$200,Client_List!$W$4:$W$200,999)<=24,"LIVE",IF(_xlfn.XLOOKUP(B96,Client_List!$A$4:$A$200,Client_List!$W$4:$W$200,999)<=72,"STALE","OLD"))),"")
A97: 92 | C97: OREGANO CORP | D97: 4 | E97: =IFERROR(VLOOKUP(C97,Client_List!$B:$K,4,0)&", "&VLOOKUP(C97,Client_List!$B:$K,5,0)&" AZ","") | F97: =IFERROR(VLOOKUP(C97,Client_List!$B:$K,7,0)&", "&VLOOKUP(C97,Client_List!$B:$K,8,0),"") | G97: =IFERROR(VLOOKUP(C97,Client_List!$B:$K,9,0),"") | H97: =IFERROR(LOOKUP(2,1/((Delivery_Log!$B$4:$B$4998=B97)*(Delivery_Log!$J$4:$J$4998>0)),Delivery_Log!$J$4:$J$4998),"") | I97: =IFERROR(VLOOKUP(C97,Client_List!$B:$K,10,0),"") | J97: =IFERROR(_xlfn.MAXIFS(Delivery_Log!$A$4:$A$4998,Delivery_Log!$B$4:$B$4998,C97),"—") -> 0 | K97: =IFERROR(IF(J97="—","",TODAY()-J97),"") -> 46148 | L97: =IFERROR(IF(OR(K97="",H97=""),"",MAX(G97*0.03,G97-K97*H97)),"") | M97: =IFERROR(IF(L97="","",G97-L97),"") | N97: =IFERROR(IF(OR(L97="",H97=""),"",MIN(21,MAX(0,(L97-G97*$C$2)/H97))),"") | O97: =TODAY()+ROUNDUP(N97,0) -> #VALUE! | P97: =IFERROR(IF(N97="","—",IF(N97<=$E$2,"YES","—")),"—") -> — | Q97: =COUNTIFS(Delivery_Log!$B$4:$B$5998,"="&C97,Delivery_Log!$A$4:$A$5998,">="&$Q$2) -> 0 | S97: =IFERROR(_xlfn.XLOOKUP(B97,Client_List!$A$4:$A$200,Client_List!$S$4:$S$200,""),"") -> 825.94075 | T97: =IFERROR(_xlfn.XLOOKUP(B97,Client_List!$A$4:$A$200,Client_List!$U$4:$U$200,""),"") -> 2026-05-06T11:00:42Z | U97: =IFERROR(IF(S97="","",IF(_xlfn.XLOOKUP(B97,Client_List!$A$4:$A$200,Client_List!$W$4:$W$200,999)<=24,"LIVE",IF(_xlfn.XLOOKUP(B97,Client_List!$A$4:$A$200,Client_List!$W$4:$W$200,999)<=72,"STALE","OLD"))),"") -> OLD
A98: 93 | B98: 15005 | C98: OREM - 15005 - OREGANO GOODYEAR | D98: 1 | E98: =IFERROR(VLOOKUP(C98,Client_List!$B:$K,4,0)&", "&VLOOKUP(C98,Client_List!$B:$K,5,0)&" AZ","") -> 15280 W Mcdowell Rd, Goodyear AZ | F98: =IFERROR(VLOOKUP(C98,Client_List!$B:$K,7,0)&", "&VLOOKUP(C98,Client_List!$B:$K,8,0),"") -> 33.4649405, -112.3879295 | G98: =IFERROR(VLOOKUP(C98,Client_List!$B:$K,9,0),"") -> 660 | H98: =IFERROR(LOOKUP(2,1/((Delivery_Log!$B$4:$B$4998=B98)*(ISNUMBER(Delivery_Log!$J$4:$J$4998))*(Delivery_Log!$J$4:$J$4998>0)),Delivery_Log!$J$4:$J$4998),"") | I98: =IFERROR(VLOOKUP(C98,Client_List!$B:$K,10,0),"") -> CANOLA OIL | J98: =IFERROR(_xlfn.MAXIFS(Delivery_Log!$A$4:$A$4998,Delivery_Log!$B$4:$B$4998,B98),"—") -> 46143 | K98: =IFERROR(IF(J98="—","",TODAY()-J98),"") -> 5 | L98: =IFERROR(IF(OR(K98="",H98=""),"",MAX(G98*0.03,G98-K98*H98)),"") | M98: =IFERROR(IF(L98="","",G98-L98),"") | N98: =IFERROR(IF(OR(L98="",H98=""),"",MIN(21,MAX(0,(L98-G98*$C$2)/H98))),"") | O98: =TODAY()+ROUNDUP(N98,0) -> #VALUE! | P98: =IFERROR(IF(N98="","—",IF(N98<=$E$2,"YES","—")),"—") -> — | Q98: =COUNTIFS(Delivery_Log!$B$4:$B$5998,B98,Delivery_Log!$A$4:$A$5998,">="&$Q$2) -> 10 | S98: =IFERROR(_xlfn.XLOOKUP(B98,Client_List!$A$4:$A$200,Client_List!$S$4:$S$200,""),"") | T98: =IFERROR(_xlfn.XLOOKUP(B98,Client_List!$A$4:$A$200,Client_List!$U$4:$U$200,""),"") | U98: =IFERROR(IF(S98="","",IF(_xlfn.XLOOKUP(B98,Client_List!$A$4:$A$200,Client_List!$W$4:$W$200,999)<=24,"LIVE",IF(_xlfn.XLOOKUP(B98,Client_List!$A$4:$A$200,Client_List!$W$4:$W$200,999)<=72,"STALE","OLD"))),"")
A99: 94 | B99: 15009 | C99: OREM - 15009 - OREGANO QUEEN CREEK | D99: 5 | E99: =IFERROR(VLOOKUP(C99,Client_List!$B:$K,4,0)&", "&VLOOKUP(C99,Client_List!$B:$K,5,0)&" AZ","") -> 20677 E Maya Rd, Queen Creek AZ | F99: =IFERROR(VLOOKUP(C99,Client_List!$B:$K,7,0)&", "&VLOOKUP(C99,Client_List!$B:$K,8,0),"") -> 33.2536776, -111.6372362 | G99: =IFERROR(VLOOKUP(C99,Client_List!$B:$K,9,0),"") -> 500 | H99: =IFERROR(LOOKUP(2,1/((Delivery_Log!$B$4:$B$4998=B99)*(ISNUMBER(Delivery_Log!$J$4:$J$4998))*(Delivery_Log!$J$4:$J$4998>0)),Delivery_Log!$J$4:$J$4998),"") | I99: =IFERROR(VLOOKUP(C99,Client_List!$B:$K,10,0),"") -> CANOLA OIL | J99: =IFERROR(_xlfn.MAXIFS(Delivery_Log!$A$4:$A$4998,Delivery_Log!$B$4:$B$4998,B99),"—") -> 46144 | K99: =IFERROR(IF(J99="—","",TODAY()-J99),"") -> 4 | L99: =IFERROR(IF(OR(K99="",H99=""),"",MAX(G99*0.03,G99-K99*H99)),"") | M99: =IFERROR(IF(L99="","",G99-L99),"") | N99: =IFERROR(IF(OR(L99="",H99=""),"",MIN(21,MAX(0,(L99-G99*$C$2)/H99))),"") | O99: =TODAY()+ROUNDUP(N99,0) -> #VALUE! | P99: =IFERROR(IF(N99="","—",IF(N99<=$E$2,"YES","—")),"—") -> — | Q99: =COUNTIFS(Delivery_Log!$B$4:$B$5998,B99,Delivery_Log!$A$4:$A$5998,">="&$Q$2) -> 13 | S99: =IFERROR(_xlfn.XLOOKUP(B99,Client_List!$A$4:$A$200,Client_List!$S$4:$S$200,""),"") | T99: =IFERROR(_xlfn.XLOOKUP(B99,Client_List!$A$4:$A$200,Client_List!$U$4:$U$200,""),"") | U99: =IFERROR(IF(S99="","",IF(_xlfn.XLOOKUP(B99,Client_List!$A$4:$A$200,Client_List!$W$4:$W$200,999)<=24,"LIVE",IF(_xlfn.XLOOKUP(B99,Client_List!$A$4:$A$200,Client_List!$W$4:$W$200,999)<=72,"STALE","OLD"))),"")
A100: 95 | B100: 15023 | C100: OREM - 15023 - OREGANO MESA | D100: 4 | E100: =IFERROR(VLOOKUP(C100,Client_List!$B:$K,4,0)&", "&VLOOKUP(C100,Client_List!$B:$K,5,0)&" AZ","") -> OREGANO MESA, Mesa AZ | F100: =IFERROR(VLOOKUP(C100,Client_List!$B:$K,7,0)&", "&VLOOKUP(C100,Client_List!$B:$K,8,0),"") -> 33.3939399, -111.8750816 | G100: =IFERROR(VLOOKUP(C100,Client_List!$B:$K,9,0),"") -> 630 | H100: =IFERROR(LOOKUP(2,1/((Delivery_Log!$B$4:$B$4998=B100)*(ISNUMBER(Delivery_Log!$J$4:$J$4998))*(Delivery_Log!$J$4:$J$4998>0)),Delivery_Log!$J$4:$J$4998),"") | I100: =IFERROR(VLOOKUP(C100,Client_List!$B:$K,10,0),"") -> CANOLA OIL | J100: =IFERROR(_xlfn.MAXIFS(Delivery_Log!$A$4:$A$4998,Delivery_Log!$B$4:$B$4998,B100),"—") -> 46126 | K100: =IFERROR(IF(J100="—","",TODAY()-J100),"") -> 22 | L100: =IFERROR(IF(OR(K100="",H100=""),"",MAX(G100*0.03,G100-K100*H100)),"") | M100: =IFERROR(IF(L100="","",G100-L100),"") | N100: =IFERROR(IF(OR(L100="",H100=""),"",MIN(21,MAX(0,(L100-G100*$C$2)/H100))),"") | O100: =TODAY()+ROUNDUP(N100,0) -> #VALUE! | P100: =IFERROR(IF(N100="","—",IF(N100<=$E$2,"YES","—")),"—") -> — | Q100: =COUNTIFS(Delivery_Log!$B$4:$B$5998,B100,Delivery_Log!$A$4:$A$5998,">="&$Q$2) -> 6 | S100: =IFERROR(_xlfn.XLOOKUP(B100,Client_List!$A$4:$A$200,Client_List!$S$4:$S$200,""),"") | T100: =IFERROR(_xlfn.XLOOKUP(B100,Client_List!$A$4:$A$200,Client_List!$U$4:$U$200,""),"") | U100: =IFERROR(IF(S100="","",IF(_xlfn.XLOOKUP(B100,Client_List!$A$4:$A$200,Client_List!$W$4:$W$200,999)<=24,"LIVE",IF(_xlfn.XLOOKUP(B100,Client_List!$A$4:$A$200,Client_List!$W$4:$W$200,999)<=72,"STALE","OLD"))),"")
A101: 96 | B101: 15015 | C101: ORES - 15015 - OREGANO SUPERSTITION | D101: 5 | E101: =IFERROR(VLOOKUP(C101,Client_List!$B:$K,4,0)&", "&VLOOKUP(C101,Client_List!$B:$K,5,0)&" AZ","") -> 6821 E Superstition Springs Blvd, Mesa AZ | F101: =IFERROR(VLOOKUP(C101,Client_List!$B:$K,7,0)&", "&VLOOKUP(C101,Client_List!$B:$K,8,0),"") -> 33.3832198, -111.6838148 | G101: =IFERROR(VLOOKUP(C101,Client_List!$B:$K,9,0),"") -> 500 | H101: =IFERROR(LOOKUP(2,1/((Delivery_Log!$B$4:$B$4998=B101)*(ISNUMBER(Delivery_Log!$J$4:$J$4998))*(Delivery_Log!$J$4:$J$4998>0)),Delivery_Log!$J$4:$J$4998),"") | I101: =IFERROR(VLOOKUP(C101,Client_List!$B:$K,10,0),"") -> CANOLA OIL | J101: =IFERROR(_xlfn.MAXIFS(Delivery_Log!$A$4:$A$4998,Delivery_Log!$B$4:$B$4998,B101),"—") -> 46135 | K101: =IFERROR(IF(J101="—","",TODAY()-J101),"") -> 13 | L101: =IFERROR(IF(OR(K101="",H101=""),"",MAX(G101*0.03,G101-K101*H101)),"") | M101: =IFERROR(IF(L101="","",G101-L101),"") | N101: =IFERROR(IF(OR(L101="",H101=""),"",MIN(21,MAX(0,(L101-G101*$C$2)/H101))),"") | O101: =TODAY()+ROUNDUP(N101,0) -> #VALUE! | P101: =IFERROR(IF(N101="","—",IF(N101<=$E$2,"YES","—")),"—") -> — | Q101: =COUNTIFS(Delivery_Log!$B$4:$B$5998,B101,Delivery_Log!$A$4:$A$5998,">="&$Q$2) -> 10 | S101: =IFERROR(_xlfn.XLOOKUP(B101,Client_List!$A$4:$A$200,Client_List!$S$4:$S$200,""),"") | T101: =IFERROR(_xlfn.XLOOKUP(B101,Client_List!$A$4:$A$200,Client_List!$U$4:$U$200,""),"") | U101: =IFERROR(IF(S101="","",IF(_xlfn.XLOOKUP(B101,Client_List!$A$4:$A$200,Client_List!$W$4:$W$200,999)<=24,"LIVE",IF(_xlfn.XLOOKUP(B101,Client_List!$A$4:$A$200,Client_List!$W$4:$W$200,999)<=72,"STALE","OLD"))),"")
A102: 97 | B102: 15018 | C102: ORES - 15018 - OREGANO SCOTTSDALE | D102: 4 | E102: =IFERROR(VLOOKUP(C102,Client_List!$B:$K,4,0)&", "&VLOOKUP(C102,Client_List!$B:$K,5,0)&" AZ","") -> 3102 N Scottsdale Rd, Scottsdale AZ | F102: =IFERROR(VLOOKUP(C102,Client_List!$B:$K,7,0)&", "&VLOOKUP(C102,Client_List!$B:$K,8,0),"") -> 33.4832852, -111.9267136 | G102: =IFERROR(VLOOKUP(C102,Client_List!$B:$K,9,0),"") -> 660 | H102: =IFERROR(LOOKUP(2,1/((Delivery_Log!$B$4:$B$4998=B102)*(ISNUMBER(Delivery_Log!$J$4:$J$4998))*(Delivery_Log!$J$4:$J$4998>0)),Delivery_Log!$J$4:$J$4998),"") | I102: =IFERROR(VLOOKUP(C102,Client_List!$B:$K,10,0),"") -> CANOLA OIL | J102: =IFERROR(_xlfn.MAXIFS(Delivery_Log!$A$4:$A$4998,Delivery_Log!$B$4:$B$4998,B102),"—") -> 46133 | K102: =IFERROR(IF(J102="—","",TODAY()-J102),"") -> 15 | L102: =IFERROR(IF(OR(K102="",H102=""),"",MAX(G102*0.03,G102-K102*H102)),"") | M102: =IFERROR(IF(L102="","",G102-L102),"") | N102: =IFERROR(IF(OR(L102="",H102=""),"",MIN(21,MAX(0,(L102-G102*$C$2)/H102))),"") | O102: =TODAY()+ROUNDUP(N102,0) -> #VALUE! | P102: =IFERROR(IF(N102="","—",IF(N102<=$E$2,"YES","—")),"—") -> — | Q102: =COUNTIFS(Delivery_Log!$B$4:$B$5998,B102,Delivery_Log!$A$4:$A$5998,">="&$Q$2) -> 8 | S102: =IFERROR(_xlfn.XLOOKUP(B102,Client_List!$A$4:$A$200,Client_List!$S$4:$S$200,""),"") | T102: =IFERROR(_xlfn.XLOOKUP(B102,Client_List!$A$4:$A$200,Client_List!$U$4:$U$200,""),"") | U102: =IFERROR(IF(S102="","",IF(_xlfn.XLOOKUP(B102,Client_List!$A$4:$A$200,Client_List!$W$4:$W$200,999)<=24,"LIVE",IF(_xlfn.XLOOKUP(B102,Client_List!$A$4:$A$200,Client_List!$W$4:$W$200,999)<=72,"STALE","OLD"))),"")
A103: 98 | B103: 15051 | C103: ORI - 15051 - ORIGEN GILBERT LLC | D103: 5 | E103: =IFERROR(VLOOKUP(C103,Client_List!$B:$K,4,0)&", "&VLOOKUP(C103,Client_List!$B:$K,5,0)&" AZ","") -> 2472 S Recker Rd, Gilbert AZ | F103: =IFERROR(VLOOKUP(C103,Client_List!$B:$K,7,0)&", "&VLOOKUP(C103,Client_List!$B:$K,8,0),"") -> 33.3061366, -111.7047128 | G103: =IFERROR(VLOOKUP(C103,Client_List!$B:$K,9,0),"") -> 350 | H103: =IFERROR(LOOKUP(2,1/((Delivery_Log!$B$4:$B$4998=B103)*(ISNUMBER(Delivery_Log!$J$4:$J$4998))*(Delivery_Log!$J$4:$J$4998>0)),Delivery_Log!$J$4:$J$4998),"") | I103: =IFERROR(VLOOKUP(C103,Client_List!$B:$K,10,0),"") -> CANOLA OIL | J103: =IFERROR(_xlfn.MAXIFS(Delivery_Log!$A$4:$A$4998,Delivery_Log!$B$4:$B$4998,B103),"—") -> 46144 | K103: =IFERROR(IF(J103="—","",TODAY()-J103),"") -> 4 | L103: =IFERROR(IF(OR(K103="",H103=""),"",MAX(G103*0.03,G103-K103*H103)),"") | M103: =IFERROR(IF(L103="","",G103-L103),"") | N103: =IFERROR(IF(OR(L103="",H103=""),"",MIN(21,MAX(0,(L103-G103*$C$2)/H103))),"") | O103: =TODAY()+ROUNDUP(N103,0) -> #VALUE! | P103: =IFERROR(IF(N103="","—",IF(N103<=$E$2,"YES","—")),"—") -> — | Q103: =COUNTIFS(Delivery_Log!$B$4:$B$5998,B103,Delivery_Log!$A$4:$A$5998,">="&$Q$2) -> 12 | S103: =IFERROR(_xlfn.XLOOKUP(B103,Client_List!$A$4:$A$200,Client_List!$S$4:$S$200,""),"") | T103: =IFERROR(_xlfn.XLOOKUP(B103,Client_List!$A$4:$A$200,Client_List!$U$4:$U$200,""),"") | U103: =IFERROR(IF(S103="","",IF(_xlfn.XLOOKUP(B103,Client_List!$A$4:$A$200,Client_List!$W$4:$W$200,999)<=24,"LIVE",IF(_xlfn.XLOOKUP(B103,Client_List!$A$4:$A$200,Client_List!$W$4:$W$200,999)<=72,"STALE","OLD"))),"")
A104: 99 | B104: 16006 | C104: PET44 - 16006 - PETES FISH 44TH ST | D104: 4 | E104: =IFERROR(VLOOKUP(C104,Client_List!$B:$K,4,0)&", "&VLOOKUP(C104,Client_List!$B:$K,5,0)&" AZ","") -> PETE'S 44TH ST, Phoenix AZ | F104: =IFERROR(VLOOKUP(C104,Client_List!$B:$K,7,0)&", "&VLOOKUP(C104,Client_List!$B:$K,8,0),"") -> 33.4957209, -111.9866128 | G104: =IFERROR(VLOOKUP(C104,Client_List!$B:$K,9,0),"") -> 950 | H104: =IFERROR(LOOKUP(2,1/((Delivery_Log!$B$4:$B$4998=B104)*(ISNUMBER(Delivery_Log!$J$4:$J$4998))*(Delivery_Log!$J$4:$J$4998>0)),Delivery_Log!$J$4:$J$4998),"") | I104: =IFERROR(VLOOKUP(C104,Client_List!$B:$K,10,0),"") -> FRYERS CHOICE BLEND | J104: =IFERROR(_xlfn.MAXIFS(Delivery_Log!$A$4:$A$4998,Delivery_Log!$B$4:$B$4998,B104),"—") -> 46133 | K104: =IFERROR(IF(J104="—","",TODAY()-J104),"") -> 15 | L104: =IFERROR(IF(OR(K104="",H104=""),"",MAX(G104*0.03,G104-K104*H104)),"") | M104: =IFERROR(IF(L104="","",G104-L104),"") | N104: =IFERROR(IF(OR(L104="",H104=""),"",MIN(21,MAX(0,(L104-G104*$C$2)/H104))),"") | O104: =TODAY()+ROUNDUP(N104,0) -> #VALUE! | P104: =IFERROR(IF(N104="","—",IF(N104<=$E$2,"YES","—")),"—") -> — | Q104: =COUNTIFS(Delivery_Log!$B$4:$B$5998,B104,Delivery_Log!$A$4:$A$5998,">="&$Q$2) -> 11 | S104: =IFERROR(_xlfn.XLOOKUP(B104,Client_List!$A$4:$A$200,Client_List!$S$4:$S$200,""),"") | T104: =IFERROR(_xlfn.XLOOKUP(B104,Client_List!$A$4:$A$200,Client_List!$U$4:$U$200,""),"") | U104: =IFERROR(IF(S104="","",IF(_xlfn.XLOOKUP(B104,Client_List!$A$4:$A$200,Client_List!$W$4:$W$200,999)<=24,"LIVE",IF(_xlfn.XLOOKUP(B104,Client_List!$A$4:$A$200,Client_List!$W$4:$W$200,999)<=72,"STALE","OLD"))),"")
A105: 100 | B105: 16007 | C105: PETA - 16007 - PETES FISH APACHE | D105: 4 | E105: =IFERROR(VLOOKUP(C105,Client_List!$B:$K,4,0)&", "&VLOOKUP(C105,Client_List!$B:$K,5,0)&" AZ","") -> 1017 E Apache Blvd, Tempe AZ | F105: =IFERROR(VLOOKUP(C105,Client_List!$B:$K,7,0)&", "&VLOOKUP(C105,Client_List!$B:$K,8,0),"") -> 33.4144315, -111.9237294 | G105: =IFERROR(VLOOKUP(C105,Client_List!$B:$K,9,0),"") -> 950 | H105: =IFERROR(LOOKUP(2,1/((Delivery_Log!$B$4:$B$4998=B105)*(ISNUMBER(Delivery_Log!$J$4:$J$4998))*(Delivery_Log!$J$4:$J$4998>0)),Delivery_Log!$J$4:$J$4998),"") | I105: =IFERROR(VLOOKUP(C105,Client_List!$B:$K,10,0),"") -> FRYERS CHOICE BLEND | J105: =IFERROR(_xlfn.MAXIFS(Delivery_Log!$A$4:$A$4998,Delivery_Log!$B$4:$B$4998,B105),"—") -> 46144 | K105: =IFERROR(IF(J105="—","",TODAY()-J105),"") -> 4 | L105: =IFERROR(IF(OR(K105="",H105=""),"",MAX(G105*0.03,G105-K105*H105)),"") | M105: =IFERROR(IF(L105="","",G105-L105),"") | N105: =IFERROR(IF(OR(L105="",H105=""),"",MIN(21,MAX(0,(L105-G105*$C$2)/H105))),"") | O105: =TODAY()+ROUNDUP(N105,0) -> #VALUE! | P105: =IFERROR(IF(N105="","—",IF(N105<=$E$2,"YES","—")),"—") -> — | Q105: =COUNTIFS(Delivery_Log!$B$4:$B$5998,B105,Delivery_Log!$A$4:$A$5998,">="&$Q$2) -> 11 | S105: =IFERROR(_xlfn.XLOOKUP(B105,Client_List!$A$4:$A$200,Client_List!$S$4:$S$200,""),"") | T105: =IFERROR(_xlfn.XLOOKUP(B105,Client_List!$A$4:$A$200,Client_List!$U$4:$U$200,""),"") | U105: =IFERROR(IF(S105="","",IF(_xlfn.XLOOKUP(B105,Client_List!$A$4:$A$200,Client_List!$W$4:$W$200,999)<=24,"LIVE",IF(_xlfn.XLOOKUP(B105,Client_List!$A$4:$A$200,Client_List!$W$4:$W$200,999)<=72,"STALE","OLD"))),"")
A106: 101 | B106: 16004 | C106: PETB - 16004 - PETES FISH BUCKEYE | D106: 3 | E106: =IFERROR(VLOOKUP(C106,Client_List!$B:$K,4,0)&", "&VLOOKUP(C106,Client_List!$B:$K,5,0)&" AZ","") -> PETE'S BUCKEYE, Phoenix AZ | F106: =IFERROR(VLOOKUP(C106,Client_List!$B:$K,7,0)&", "&VLOOKUP(C106,Client_List!$B:$K,8,0),"") -> 33.4364984, -112.0584386 | G106: =IFERROR(VLOOKUP(C106,Client_List!$B:$K,9,0),"") -> 950 | H106: =IFERROR(LOOKUP(2,1/((Delivery_Log!$B$4:$B$4998=B106)*(ISNUMBER(Delivery_Log!$J$4:$J$4998))*(Delivery_Log!$J$4:$J$4998>0)),Delivery_Log!$J$4:$J$4998),"") | I106: =IFERROR(VLOOKUP(C106,Client_List!$B:$K,10,0),"") -> FRYERS CHOICE BLEND | J106: =IFERROR(_xlfn.MAXIFS(Delivery_Log!$A$4:$A$4998,Delivery_Log!$B$4:$B$4998,B106),"—") -> 46141 | K106: =IFERROR(IF(J106="—","",TODAY()-J106),"") -> 7 | L106: =IFERROR(IF(OR(K106="",H106=""),"",MAX(G106*0.03,G106-K106*H106)),"") | M106: =IFERROR(IF(L106="","",G106-L106),"") | N106: =IFERROR(IF(OR(L106="",H106=""),"",MIN(21,MAX(0,(L106-G106*$C$2)/H106))),"") | O106: =TODAY()+ROUNDUP(N106,0) -> #VALUE! | P106: =IFERROR(IF(N106="","—",IF(N106<=$E$2,"YES","—")),"—") -> — | Q106: =COUNTIFS(Delivery_Log!$B$4:$B$5998,B106,Delivery_Log!$A$4:$A$5998,">="&$Q$2) -> 13 | S106: =IFERROR(_xlfn.XLOOKUP(B106,Client_List!$A$4:$A$200,Client_List!$S$4:$S$200,""),"") | T106: =IFERROR(_xlfn.XLOOKUP(B106,Client_List!$A$4:$A$200,Client_List!$U$4:$U$200,""),"") | U106: =IFERROR(IF(S106="","",IF(_xlfn.XLOOKUP(B106,Client_List!$A$4:$A$200,Client_List!$W$4:$W$200,999)<=24,"LIVE",IF(_xlfn.XLOOKUP(B106,Client_List!$A$4:$A$200,Client_List!$W$4:$W$200,999)<=72,"STALE","OLD"))),"")
A107: 102 | B107: 16003 | C107: PETC - 16003 - PETES FISH CENTRAL | D107: 3 | E107: =IFERROR(VLOOKUP(C107,Client_List!$B:$K,4,0)&", "&VLOOKUP(C107,Client_List!$B:$K,5,0)&" AZ","") -> PETE'S CENTRAL, Phoenix AZ | F107: =IFERROR(VLOOKUP(C107,Client_List!$B:$K,7,0)&", "&VLOOKUP(C107,Client_List!$B:$K,8,0),"") -> 33.4108063, -112.073633 | G107: =IFERROR(VLOOKUP(C107,Client_List!$B:$K,9,0),"") -> 950 | H107: =IFERROR(LOOKUP(2,1/((Delivery_Log!$B$4:$B$4998=B107)*(ISNUMBER(Delivery_Log!$J$4:$J$4998))*(Delivery_Log!$J$4:$J$4998>0)),Delivery_Log!$J$4:$J$4998),"") | I107: =IFERROR(VLOOKUP(C107,Client_List!$B:$K,10,0),"") -> FRYERS CHOICE BLEND | J107: =IFERROR(_xlfn.MAXIFS(Delivery_Log!$A$4:$A$4998,Delivery_Log!$B$4:$B$4998,B107),"—") -> 46143 | K107: =IFERROR(IF(J107="—","",TODAY()-J107),"") -> 5 | L107: =IFERROR(IF(OR(K107="",H107=""),"",MAX(G107*0.03,G107-K107*H107)),"") | M107: =IFERROR(IF(L107="","",G107-L107),"") | N107: =IFERROR(IF(OR(L107="",H107=""),"",MIN(21,MAX(0,(L107-G107*$C$2)/H107))),"") | O107: =TODAY()+ROUNDUP(N107,0) -> #VALUE! | P107: =IFERROR(IF(N107="","—",IF(N107<=$E$2,"YES","—")),"—") -> — | Q107: =COUNTIFS(Delivery_Log!$B$4:$B$5998,B107,Delivery_Log!$A$4:$A$5998,">="&$Q$2) -> 11 | S107: =IFERROR(_xlfn.XLOOKUP(B107,Client_List!$A$4:$A$200,Client_List!$S$4:$S$200,""),"") | T107: =IFERROR(_xlfn.XLOOKUP(B107,Client_List!$A$4:$A$200,Client_List!$U$4:$U$200,""),"") | U107: =IFERROR(IF(S107="","",IF(_xlfn.XLOOKUP(B107,Client_List!$A$4:$A$200,Client_List!$W$4:$W$200,999)<=24,"LIVE",IF(_xlfn.XLOOKUP(B107,Client_List!$A$4:$A$200,Client_List!$W$4:$W$200,999)<=72,"STALE","OLD"))),"")
A108: 103 | B108: 16008 | C108: PETG - 16008 - PETES FISH GLENDALE | D108: 2 | E108: =IFERROR(VLOOKUP(C108,Client_List!$B:$K,4,0)&", "&VLOOKUP(C108,Client_List!$B:$K,5,0)&" AZ","") -> 5516 W Glendale Ave, Glendale AZ | F108: =IFERROR(VLOOKUP(C108,Client_List!$B:$K,7,0)&", "&VLOOKUP(C108,Client_List!$B:$K,8,0),"") -> 33.5387591, -112.1783937 | G108: =IFERROR(VLOOKUP(C108,Client_List!$B:$K,9,0),"") -> 950 | H108: =IFERROR(LOOKUP(2,1/((Delivery_Log!$B$4:$B$4998=B108)*(ISNUMBER(Delivery_Log!$J$4:$J$4998))*(Delivery_Log!$J$4:$J$4998>0)),Delivery_Log!$J$4:$J$4998),"") | I108: =IFERROR(VLOOKUP(C108,Client_List!$B:$K,10,0),"") -> FRYERS CHOICE BLEND | J108: =IFERROR(_xlfn.MAXIFS(Delivery_Log!$A$4:$A$4998,Delivery_Log!$B$4:$B$4998,B108),"—") -> 46141 | K108: =IFERROR(IF(J108="—","",TODAY()-J108),"") -> 7 | L108: =IFERROR(IF(OR(K108="",H108=""),"",MAX(G108*0.03,G108-K108*H108)),"") | M108: =IFERROR(IF(L108="","",G108-L108),"") | N108: =IFERROR(IF(OR(L108="",H108=""),"",MIN(21,MAX(0,(L108-G108*$C$2)/H108))),"") | O108: =TODAY()+ROUNDUP(N108,0) -> #VALUE! | P108: =IFERROR(IF(N108="","—",IF(N108<=$E$2,"YES","—")),"—") -> — | Q108: =COUNTIFS(Delivery_Log!$B$4:$B$5998,B108,Delivery_Log!$A$4:$A$5998,">="&$Q$2) -> 19 | S108: =IFERROR(_xlfn.XLOOKUP(B108,Client_List!$A$4:$A$200,Client_List!$S$4:$S$200,""),"") | T108: =IFERROR(_xlfn.XLOOKUP(B108,Client_List!$A$4:$A$200,Client_List!$U$4:$U$200,""),"") | U108: =IFERROR(IF(S108="","",IF(_xlfn.XLOOKUP(B108,Client_List!$A$4:$A$200,Client_List!$W$4:$W$200,999)<=24,"LIVE",IF(_xlfn.XLOOKUP(B108,Client_List!$A$4:$A$200,Client_List!$W$4:$W$200,999)<=72,"STALE","OLD"))),"")
A109: 104 | B109: 16009 | C109: PETM - 16009 - PETES FISH MESA | D109: 4 | E109: =IFERROR(VLOOKUP(C109,Client_List!$B:$K,4,0)&", "&VLOOKUP(C109,Client_List!$B:$K,5,0)&" AZ","") -> 22 S Mesa Dr, Mesa AZ | F109: =IFERROR(VLOOKUP(C109,Client_List!$B:$K,7,0)&", "&VLOOKUP(C109,Client_List!$B:$K,8,0),"") -> 33.4144184, -111.8233194 | G109: =IFERROR(VLOOKUP(C109,Client_List!$B:$K,9,0),"") -> 1950 | H109: =IFERROR(LOOKUP(2,1/((Delivery_Log!$B$4:$B$4998=B109)*(ISNUMBER(Delivery_Log!$J$4:$J$4998))*(Delivery_Log!$J$4:$J$4998>0)),Delivery_Log!$J$4:$J$4998),"") | I109: =IFERROR(VLOOKUP(C109,Client_List!$B:$K,10,0),"") -> FRYERS CHOICE BLEND | J109: =IFERROR(_xlfn.MAXIFS(Delivery_Log!$A$4:$A$4998,Delivery_Log!$B$4:$B$4998,B109),"—") -> 46141 | K109: =IFERROR(IF(J109="—","",TODAY()-J109),"") -> 7 | L109: =IFERROR(IF(OR(K109="",H109=""),"",MAX(G109*0.03,G109-K109*H109)),"") | M109: =IFERROR(IF(L109="","",G109-L109),"") | N109: =IFERROR(IF(OR(L109="",H109=""),"",MIN(21,MAX(0,(L109-G109*$C$2)/H109))),"") | O109: =TODAY()+ROUNDUP(N109,0) -> #VALUE! | P109: =IFERROR(IF(N109="","—",IF(N109<=$E$2,"YES","—")),"—") -> — | Q109: =COUNTIFS(Delivery_Log!$B$4:$B$5998,B109,Delivery_Log!$A$4:$A$5998,">="&$Q$2) -> 12 | S109: =IFERROR(_xlfn.XLOOKUP(B109,Client_List!$A$4:$A$200,Client_List!$S$4:$S$200,""),"") | T109: =IFERROR(_xlfn.XLOOKUP(B109,Client_List!$A$4:$A$200,Client_List!$U$4:$U$200,""),"") | U109: =IFERROR(IF(S109="","",IF(_xlfn.XLOOKUP(B109,Client_List!$A$4:$A$200,Client_List!$W$4:$W$200,999)<=24,"LIVE",IF(_xlfn.XLOOKUP(B109,Client_List!$A$4:$A$200,Client_List!$W$4:$W$200,999)<=72,"STALE","OLD"))),"")
... A134: 129 | B134: 19035 | C134: STA - 19035 - STATE 48 GLENDALE | D134: 2 | E134: =IFERROR(VLOOKUP(C134,Client_List!$B:$K,4,0)&", "&VLOOKUP(C134,Client_List!$B:$K,5,0)&" AZ","") -> 6770 N SUNRISE BLVD G-100, GLENDALE AZ | F134: =IFERROR(VLOOKUP(C134,Client_List!$B:$K,7,0)&", "&VLOOKUP(C134,Client_List!$B:$K,8,0),"") -> 33.5339016, -112.260605 | G134: =IFERROR(VLOOKUP(C134,Client_List!$B:$K,9,0),"") -> 350 | H134: =IFERROR(LOOKUP(2,1/((Delivery_Log!$B$4:$B$4998=B134)*(ISNUMBER(Delivery_Log!$J$4:$J$4998))*(Delivery_Log!$J$4:$J$4998>0)),Delivery_Log!$J$4:$J$4998),"") | I134: =IFERROR(VLOOKUP(C134,Client_List!$B:$K,10,0),"") -> CANOLA OIL | J134: =IFERROR(_xlfn.MAXIFS(Delivery_Log!$A$4:$A$4998,Delivery_Log!$B$4:$B$4998,B134),"—") -> 46140 | K134: =IFERROR(IF(J134="—","",TODAY()-J134),"") -> 8 | L134: =IFERROR(IF(OR(K134="",H134=""),"",MAX(G134*0.03,G134-K134*H134)),"") | M134: =IFERROR(IF(L134="","",G134-L134),"") | N134: =IFERROR(IF(OR(L134="",H134=""),"",MIN(21,MAX(0,(L134-G134*$C$2)/H134))),"") | O134: =TODAY()+ROUNDUP(N134,0) -> #VALUE! | P134: =IFERROR(IF(N134="","—",IF(N134<=$E$2,"YES","—")),"—") -> — | Q134: =COUNTIFS(Delivery_Log!$B$4:$B$5998,B134,Delivery_Log!$A$4:$A$5998,">="&$Q$2) -> 13 | S134: =IFERROR(_xlfn.XLOOKUP(B134,Client_List!$A$4:$A$200,Client_List!$S$4:$S$200,""),"") | T134: =IFERROR(_xlfn.XLOOKUP(B134,Client_List!$A$4:$A$200,Client_List!$U$4:$U$200,""),"") | U134: =IFERROR(IF(S134="","",IF(_xlfn.XLOOKUP(B134,Client_List!$A$4:$A$200,Client_List!$W$4:$W$200,999)<=24,"LIVE",IF(_xlfn.XLOOKUP(B134,Client_List!$A$4:$A$200,Client_List!$W$4:$W$200,999)<=72,"STALE","OLD"))),"")
A135: 130 | B135: 19123 | C135: STA - 19123 - STATE 48 HAPPY VALLEY | D135: 3 | E135: =IFERROR(VLOOKUP(C135,Client_List!$B:$K,4,0)&", "&VLOOKUP(C135,Client_List!$B:$K,5,0)&" AZ","") -> 2530 W HAPPY VALLEY RD, PHOENIX AZ | F135: =IFERROR(VLOOKUP(C135,Client_List!$B:$K,7,0)&", "&VLOOKUP(C135,Client_List!$B:$K,8,0),"") -> 33.7152911, -112.1136426 | G135: =IFERROR(VLOOKUP(C135,Client_List!$B:$K,9,0),"") -> 350 | H135: =IFERROR(LOOKUP(2,1/((Delivery_Log!$B$4:$B$4998=B135)*(ISNUMBER(Delivery_Log!$J$4:$J$4998))*(Delivery_Log!$J$4:$J$4998>0)),Delivery_Log!$J$4:$J$4998),"") | I135: =IFERROR(VLOOKUP(C135,Client_List!$B:$K,10,0),"") -> CANOLA OIL | J135: =IFERROR(_xlfn.MAXIFS(Delivery_Log!$A$4:$A$4998,Delivery_Log!$B$4:$B$4998,B135),"—") -> 46136 | K135: =IFERROR(IF(J135="—","",TODAY()-J135),"") -> 12 | L135: =IFERROR(IF(OR(K135="",H135=""),"",MAX(G135*0.03,G135-K135*H135)),"") | M135: =IFERROR(IF(L135="","",G135-L135),"") | N135: =IFERROR(IF(OR(L135="",H135=""),"",MIN(21,MAX(0,(L135-G135*$C$2)/H135))),"") | O135: =TODAY()+ROUNDUP(N135,0) -> #VALUE! | P135: =IFERROR(IF(N135="","—",IF(N135<=$E$2,"YES","—")),"—") -> — | Q135: =COUNTIFS(Delivery_Log!$B$4:$B$5998,B135,Delivery_Log!$A$4:$A$5998,">="&$Q$2) -> 13 | S135: =IFERROR(_xlfn.XLOOKUP(B135,Client_List!$A$4:$A$200,Client_List!$S$4:$S$200,""),"") | T135: =IFERROR(_xlfn.XLOOKUP(B135,Client_List!$A$4:$A$200,Client_List!$U$4:$U$200,""),"") | U135: =IFERROR(IF(S135="","",IF(_xlfn.XLOOKUP(B135,Client_List!$A$4:$A$200,Client_List!$W$4:$W$200,999)<=24,"LIVE",IF(_xlfn.XLOOKUP(B135,Client_List!$A$4:$A$200,Client_List!$W$4:$W$200,999)<=72,"STALE","OLD"))),"")
A136: 131 | B136: 19077 | C136: SUG - 19077- SUGAR JAM | D136: 4 | E136: =IFERROR(VLOOKUP(C136,Client_List!$B:$K,4,0)&", "&VLOOKUP(C136,Client_List!$B:$K,5,0)&" AZ","") -> 15111 N Hayden Rd Ste 170, Scottsdale AZ | F136: =IFERROR(VLOOKUP(C136,Client_List!$B:$K,7,0)&", "&VLOOKUP(C136,Client_List!$B:$K,8,0),"") -> 33.62204, -111.9044144 | G136: =IFERROR(VLOOKUP(C136,Client_List!$B:$K,9,0),"") -> 1050 | H136: =IFERROR(LOOKUP(2,1/((Delivery_Log!$B$4:$B$4998=B136)*(ISNUMBER(Delivery_Log!$J$4:$J$4998))*(Delivery_Log!$J$4:$J$4998>0)),Delivery_Log!$J$4:$J$4998),"") | I136: =IFERROR(VLOOKUP(C136,Client_List!$B:$K,10,0),"") -> FRYERS CHOICE BLEND | J136: =IFERROR(_xlfn.MAXIFS(Delivery_Log!$A$4:$A$4998,Delivery_Log!$B$4:$B$4998,B136),"—") -> 46141 | K136: =IFERROR(IF(J136="—","",TODAY()-J136),"") -> 7 | L136: =IFERROR(IF(OR(K136="",H136=""),"",MAX(G136*0.03,G136-K136*H136)),"") | M136: =IFERROR(IF(L136="","",G136-L136),"") | N136: =IFERROR(IF(OR(L136="",H136=""),"",MIN(21,MAX(0,(L136-G136*$C$2)/H136))),"") | O136: =TODAY()+ROUNDUP(N136,0) -> #VALUE! | P136: =IFERROR(IF(N136="","—",IF(N136<=$E$2,"YES","—")),"—") -> — | Q136: =COUNTIFS(Delivery_Log!$B$4:$B$5998,B136,Delivery_Log!$A$4:$A$5998,">="&$Q$2) -> 13 | S136: =IFERROR(_xlfn.XLOOKUP(B136,Client_List!$A$4:$A$200,Client_List!$S$4:$S$200,""),"") | T136: =IFERROR(_xlfn.XLOOKUP(B136,Client_List!$A$4:$A$200,Client_List!$U$4:$U$200,""),"") | U136: =IFERROR(IF(S136="","",IF(_xlfn.XLOOKUP(B136,Client_List!$A$4:$A$200,Client_List!$W$4:$W$200,999)<=24,"LIVE",IF(_xlfn.XLOOKUP(B136,Client_List!$A$4:$A$200,Client_List!$W$4:$W$200,999)<=72,"STALE","OLD"))),"")
A137: 132 | B137: 19117 | C137: SUN - 19117 - SUNSHINE BREAKFAST BAR TEMPE | D137: 3 | E137: =IFERROR(VLOOKUP(C137,Client_List!$B:$K,4,0)&", "&VLOOKUP(C137,Client_List!$B:$K,5,0)&" AZ","") -> 788 E BASELINE RD, TEMPE AZ | F137: =IFERROR(VLOOKUP(C137,Client_List!$B:$K,7,0)&", "&VLOOKUP(C137,Client_List!$B:$K,8,0),"") -> 33.3787189, -111.9301978 | G137: =IFERROR(VLOOKUP(C137,Client_List!$B:$K,9,0),"") -> 500 | H137: =IFERROR(LOOKUP(2,1/((Delivery_Log!$B$4:$B$4998=B137)*(ISNUMBER(Delivery_Log!$J$4:$J$4998))*(Delivery_Log!$J$4:$J$4998>0)),Delivery_Log!$J$4:$J$4998),"") | I137: =IFERROR(VLOOKUP(C137,Client_List!$B:$K,10,0),"") -> FRYERS CHOICE BLEND | J137: =IFERROR(_xlfn.MAXIFS(Delivery_Log!$A$4:$A$4998,Delivery_Log!$B$4:$B$4998,B137),"—") -> 46119 | K137: =IFERROR(IF(J137="—","",TODAY()-J137),"") -> 29 | L137: =IFERROR(IF(OR(K137="",H137=""),"",MAX(G137*0.03,G137-K137*H137)),"") | M137: =IFERROR(IF(L137="","",G137-L137),"") | N137: =IFERROR(IF(OR(L137="",H137=""),"",MIN(21,MAX(0,(L137-G137*$C$2)/H137))),"") | O137: =TODAY()+ROUNDUP(N137,0) -> #VALUE! | P137: =IFERROR(IF(N137="","—",IF(N137<=$E$2,"YES","—")),"—") -> — | Q137: =COUNTIFS(Delivery_Log!$B$4:$B$5998,B137,Delivery_Log!$A$4:$A$5998,">="&$Q$2) -> 3 | S137: =IFERROR(_xlfn.XLOOKUP(B137,Client_List!$A$4:$A$200,Client_List!$S$4:$S$200,""),"") -> 220.1431 | T137: =IFERROR(_xlfn.XLOOKUP(B137,Client_List!$A$4:$A$200,Client_List!$U$4:$U$200,""),"") -> 2026-05-06T11:00:29Z | U137: =IFERROR(IF(S137="","",IF(_xlfn.XLOOKUP(B137,Client_List!$A$4:$A$200,Client_List!$W$4:$W$200,999)<=24,"LIVE",IF(_xlfn.XLOOKUP(B137,Client_List!$A$4:$A$200,Client_List!$W$4:$W$200,999)<=72,"STALE","OLD"))),"") -> OLD
A138: 133 | B138: 20081 | C138: TAC - 20081 - TACO GUILD | D138: 3 | E138: =IFERROR(VLOOKUP(C138,Client_List!$B:$K,4,0)&", "&VLOOKUP(C138,Client_List!$B:$K,5,0)&" AZ","") -> TACO GUILD, PHOENIX AZ | F138: =IFERROR(VLOOKUP(C138,Client_List!$B:$K,7,0)&", "&VLOOKUP(C138,Client_List!$B:$K,8,0),"") -> 33.4877599, -112.0656849 | G138: =IFERROR(VLOOKUP(C138,Client_List!$B:$K,9,0),"") -> 1050 | H138: =IFERROR(LOOKUP(2,1/((Delivery_Log!$B$4:$B$4998=B138)*(ISNUMBER(Delivery_Log!$J$4:$J$4998))*(Delivery_Log!$J$4:$J$4998>0)),Delivery_Log!$J$4:$J$4998),"") | I138: =IFERROR(VLOOKUP(C138,Client_List!$B:$K,10,0),"") -> CANOLA OIL | J138: =IFERROR(_xlfn.MAXIFS(Delivery_Log!$A$4:$A$4998,Delivery_Log!$B$4:$B$4998,B138),"—") -> 46141 | K138: =IFERROR(IF(J138="—","",TODAY()-J138),"") -> 7 | L138: =IFERROR(IF(OR(K138="",H138=""),"",MAX(G138*0.03,G138-K138*H138)),"") | M138: =IFERROR(IF(L138="","",G138-L138),"") | N138: =IFERROR(IF(OR(L138="",H138=""),"",MIN(21,MAX(0,(L138-G138*$C$2)/H138))),"") | O138: =TODAY()+ROUNDUP(N138,0) -> #VALUE! | P138: =IFERROR(IF(N138="","—",IF(N138<=$E$2,"YES","—")),"—") -> — | Q138: =COUNTIFS(Delivery_Log!$B$4:$B$5998,B138,Delivery_Log!$A$4:$A$5998,">="&$Q$2) -> 9 | S138: =IFERROR(_xlfn.XLOOKUP(B138,Client_List!$A$4:$A$200,Client_List!$S$4:$S$200,""),"") | T138: =IFERROR(_xlfn.XLOOKUP(B138,Client_List!$A$4:$A$200,Client_List!$U$4:$U$200,""),"") | U138: =IFERROR(IF(S138="","",IF(_xlfn.XLOOKUP(B138,Client_List!$A$4:$A$200,Client_List!$W$4:$W$200,999)<=24,"LIVE",IF(_xlfn.XLOOKUP(B138,Client_List!$A$4:$A$200,Client_List!$W$4:$W$200,999)<=72,"STALE","OLD"))),"")
A139: 134 | B139: 20090 | C139: TAI - 20090 - TAILGATERS LAKE PLEASANT | D139: 2 | E139: =IFERROR(VLOOKUP(C139,Client_List!$B:$K,4,0)&", "&VLOOKUP(C139,Client_List!$B:$K,5,0)&" AZ","") -> 10146 W LAKE PLEASANT PKWY, PEORIA AZ | F139: =IFERROR(VLOOKUP(C139,Client_List!$B:$K,7,0)&", "&VLOOKUP(C139,Client_List!$B:$K,8,0),"") -> 33.6783247, -112.2768177 | G139: =IFERROR(VLOOKUP(C139,Client_List!$B:$K,9,0),"") -> 1050 | H139: =IFERROR(LOOKUP(2,1/((Delivery_Log!$B$4:$B$4998=B139)*(ISNUMBER(Delivery_Log!$J$4:$J$4998))*(Delivery_Log!$J$4:$J$4998>0)),Delivery_Log!$J$4:$J$4998),"") | I139: =IFERROR(VLOOKUP(C139,Client_List!$B:$K,10,0),"") -> CANOLA OIL | J139: =IFERROR(_xlfn.MAXIFS(Delivery_Log!$A$4:$A$4998,Delivery_Log!$B$4:$B$4998,B139),"—") -> 46130 | K139: =IFERROR(IF(J139="—","",TODAY()-J139),"") -> 18 | L139: =IFERROR(IF(OR(K139="",H139=""),"",MAX(G139*0.03,G139-K139*H139)),"") | M139: =IFERROR(IF(L139="","",G139-L139),"") | N139: =IFERROR(IF(OR(L139="",H139=""),"",MIN(21,MAX(0,(L139-G139*$C$2)/H139))),"") | O139: =TODAY()+ROUNDUP(N139,0) -> #VALUE! | P139: =IFERROR(IF(N139="","—",IF(N139<=$E$2,"YES","—")),"—") -> — | Q139: =COUNTIFS(Delivery_Log!$B$4:$B$5998,B139,Delivery_Log!$A$4:$A$5998,">="&$Q$2) -> 7 | S139: =IFERROR(_xlfn.XLOOKUP(B139,Client_List!$A$4:$A$200,Client_List!$S$4:$S$200,""),"") | T139: =IFERROR(_xlfn.XLOOKUP(B139,Client_List!$A$4:$A$200,Client_List!$U$4:$U$200,""),"") | U139: =IFERROR(IF(S139="","",IF(_xlfn.XLOOKUP(B139,Client_List!$A$4:$A$200,Client_List!$W$4:$W$200,999)<=24,"LIVE",IF(_xlfn.XLOOKUP(B139,Client_List!$A$4:$A$200,Client_List!$W$4:$W$200,999)<=72,"STALE","OLD"))),"")
A140: 135 | B140: 20091 | C140: TAI - 20091 - TAILGATERS BELL SURPRISE | D140: 1 | E140: =IFERROR(VLOOKUP(C140,Client_List!$B:$K,4,0)&", "&VLOOKUP(C140,Client_List!$B:$K,5,0)&" AZ","") -> 15529 W BELL RD, SURPRISE AZ | F140: =IFERROR(VLOOKUP(C140,Client_List!$B:$K,7,0)&", "&VLOOKUP(C140,Client_List!$B:$K,8,0),"") -> 33.636786, -112.3946409 | G140: =IFERROR(VLOOKUP(C140,Client_List!$B:$K,9,0),"") -> 1050 | H140: =IFERROR(LOOKUP(2,1/((Delivery_Log!$B$4:$B$4998=B140)*(ISNUMBER(Delivery_Log!$J$4:$J$4998))*(Delivery_Log!$J$4:$J$4998>0)),Delivery_Log!$J$4:$J$4998),"") | I140: =IFERROR(VLOOKUP(C140,Client_List!$B:$K,10,0),"") -> CANOLA OIL | J140: =IFERROR(_xlfn.MAXIFS(Delivery_Log!$A$4:$A$4998,Delivery_Log!$B$4:$B$4998,B140),"—") -> 46143 | K140: =IFERROR(IF(J140="—","",TODAY()-J140),"") -> 5 | L140: =IFERROR(IF(OR(K140="",H140=""),"",MAX(G140*0.03,G140-K140*H140)),"") | M140: =IFERROR(IF(L140="","",G140-L140),"") | N140: =IFERROR(IF(OR(L140="",H140=""),"",MIN(21,MAX(0,(L140-G140*$C$2)/H140))),"") | O140: =TODAY()+ROUNDUP(N140,0) -> #VALUE! | P140: =IFERROR(IF(N140="","—",IF(N140<=$E$2,"YES","—")),"—") -> — | Q140: =COUNTIFS(Delivery_Log!$B$4:$B$5998,B140,Delivery_Log!$A$4:$A$5998,">="&$Q$2) -> 10 | S140: =IFERROR(_xlfn.XLOOKUP(B140,Client_List!$A$4:$A$200,Client_List!$S$4:$S$200,""),"") | T140: =IFERROR(_xlfn.XLOOKUP(B140,Client_List!$A$4:$A$200,Client_List!$U$4:$U$200,""),"") | U140: =IFERROR(IF(S140="","",IF(_xlfn.XLOOKUP(B140,Client_List!$A$4:$A$200,Client_List!$W$4:$W$200,999)<=24,"LIVE",IF(_xlfn.XLOOKUP(B140,Client_List!$A$4:$A$200,Client_List!$W$4:$W$200,999)<=72,"STALE","OLD"))),"")
A141: 136 | B141: 20092 | C141: TAI - 20092 - TAILGATERS ESTRELLA | D141: 1 | E141: =IFERROR(VLOOKUP(C141,Client_List!$B:$K,4,0)&", "&VLOOKUP(C141,Client_List!$B:$K,5,0)&" AZ","") -> 530 N ESTRELLA PKWY, GOODYEAR AZ | F141: =IFERROR(VLOOKUP(C141,Client_List!$B:$K,7,0)&", "&VLOOKUP(C141,Client_List!$B:$K,8,0),"") -> 33.4525673, -112.3939295 | G141: =IFERROR(VLOOKUP(C141,Client_List!$B:$K,9,0),"") -> 1050 | H141: =IFERROR(LOOKUP(2,1/((Delivery_Log!$B$4:$B$4998=B141)*(ISNUMBER(Delivery_Log!$J$4:$J$4998))*(Delivery_Log!$J$4:$J$4998>0)),Delivery_Log!$J$4:$J$4998),"") | I141: =IFERROR(VLOOKUP(C141,Client_List!$B:$K,10,0),"") -> CANOLA OIL | J141: =IFERROR(_xlfn.MAXIFS(Delivery_Log!$A$4:$A$4998,Delivery_Log!$B$4:$B$4998,B141),"—") -> 46141 | K141: =IFERROR(IF(J141="—","",TODAY()-J141),"") -> 7 | L141: =IFERROR(IF(OR(K141="",H141=""),"",MAX(G141*0.03,G141-K141*H141)),"") | M141: =IFERROR(IF(L141="","",G141-L141),"") | N141: =IFERROR(IF(OR(L141="",H141=""),"",MIN(21,MAX(0,(L141-G141*$C$2)/H141))),"") | O141: =TODAY()+ROUNDUP(N141,0) -> #VALUE! | P141: =IFERROR(IF(N141="","—",IF(N141<=$E$2,"YES","—")),"—") -> — | Q141: =COUNTIFS(Delivery_Log!$B$4:$B$5998,B141,Delivery_Log!$A$4:$A$5998,">="&$Q$2) -> 8 | S141: =IFERROR(_xlfn.XLOOKUP(B141,Client_List!$A$4:$A$200,Client_List!$S$4:$S$200,""),"") | T141: =IFERROR(_xlfn.XLOOKUP(B141,Client_List!$A$4:$A$200,Client_List!$U$4:$U$200,""),"") | U141: =IFERROR(IF(S141="","",IF(_xlfn.XLOOKUP(B141,Client_List!$A$4:$A$200,Client_List!$W$4:$W$200,999)<=24,"LIVE",IF(_xlfn.XLOOKUP(B141,Client_List!$A$4:$A$200,Client_List!$W$4:$W$200,999)<=72,"STALE","OLD"))),"")
A142: 137 | B142: 20093 | C142: TAI - 20093 - TAILGATERS DYSART | D142: 2 | E142: =IFERROR(VLOOKUP(C142,Client_List!$B:$K,4,0)&", "&VLOOKUP(C142,Client_List!$B:$K,5,0)&" AZ","") -> 5110 N DYSART RD, LITCHFIELD PARK AZ | F142: =IFERROR(VLOOKUP(C142,Client_List!$B:$K,7,0)&", "&VLOOKUP(C142,Client_List!$B:$K,8,0),"") -> 33.5093666, -112.342473 | G142: =IFERROR(VLOOKUP(C142,Client_List!$B:$K,9,0),"") -> 1050 | H142: =IFERROR(LOOKUP(2,1/((Delivery_Log!$B$4:$B$4998=B142)*(ISNUMBER(Delivery_Log!$J$4:$J$4998))*(Delivery_Log!$J$4:$J$4998>0)),Delivery_Log!$J$4:$J$4998),"") | I142: =IFERROR(VLOOKUP(C142,Client_List!$B:$K,10,0),"") -> FRYERS CHOICE BLEND | J142: =IFERROR(_xlfn.MAXIFS(Delivery_Log!$A$4:$A$4998,Delivery_Log!$B$4:$B$4998,B142),"—") -> 46123 | K142: =IFERROR(IF(J142="—","",TODAY()-J142),"") -> 25 | L142: =IFERROR(IF(OR(K142="",H142=""),"",MAX(G142*0.03,G142-K142*H142)),"") | M142: =IFERROR(IF(L142="","",G142-L142),"") | N142: =IFERROR(IF(OR(L142="",H142=""),"",MIN(21,MAX(0,(L142-G142*$C$2)/H142))),"") | O142: =TODAY()+ROUNDUP(N142,0) -> #VALUE! | P142: =IFERROR(IF(N142="","—",IF(N142<=$E$2,"YES","—")),"—") -> — | Q142: =COUNTIFS(Delivery_Log!$B$4:$B$5998,B142,Delivery_Log!$A$4:$A$5998,">="&$Q$2) -> 7 | S142: =IFERROR(_xlfn.XLOOKUP(B142,Client_List!$A$4:$A$200,Client_List!$S$4:$S$200,""),"") | T142: =IFERROR(_xlfn.XLOOKUP(B142,Client_List!$A$4:$A$200,Client_List!$U$4:$U$200,""),"") | U142: =IFERROR(IF(S142="","",IF(_xlfn.XLOOKUP(B142,Client_List!$A$4:$A$200,Client_List!$W$4:$W$200,999)<=24,"LIVE",IF(_xlfn.XLOOKUP(B142,Client_List!$A$4:$A$200,Client_List!$W$4:$W$200,999)<=72,"STALE","OLD"))),"")
A143: 138 | B143: 20094 | C143: TAI - 20094 - TAILGATERS WATSON | D143: 1 | E143: =IFERROR(VLOOKUP(C143,Client_List!$B:$K,4,0)&", "&VLOOKUP(C143,Client_List!$B:$K,5,0)&" AZ","") -> 457 S WATSON RD, BUCKEYE AZ | F143: =IFERROR(VLOOKUP(C143,Client_List!$B:$K,7,0)&", "&VLOOKUP(C143,Client_List!$B:$K,8,0),"") -> 33.442979, -112.5547635 | G143: =IFERROR(VLOOKUP(C143,Client_List!$B:$K,9,0),"") -> 1050 | H143: =IFERROR(LOOKUP(2,1/((Delivery_Log!$B$4:$B$4998=B143)*(ISNUMBER(Delivery_Log!$J$4:$J$4998))*(Delivery_Log!$J$4:$J$4998>0)),Delivery_Log!$J$4:$J$4998),"") | I143: =IFERROR(VLOOKUP(C143,Client_List!$B:$K,10,0),"") -> CANOLA OIL | J143: =IFERROR(_xlfn.MAXIFS(Delivery_Log!$A$4:$A$4998,Delivery_Log!$B$4:$B$4998,B143),"—") -> 46136 | K143: =IFERROR(IF(J143="—","",TODAY()-J143),"") -> 12 | L143: =IFERROR(IF(OR(K143="",H143=""),"",MAX(G143*0.03,G143-K143*H143)),"") | M143: =IFERROR(IF(L143="","",G143-L143),"") | N143: =IFERROR(IF(OR(L143="",H143=""),"",MIN(21,MAX(0,(L143-G143*$C$2)/H143))),"") | O143: =TODAY()+ROUNDUP(N143,0) -> #VALUE! | P143: =IFERROR(IF(N143="","—",IF(N143<=$E$2,"YES","—")),"—") -> — | Q143: =COUNTIFS(Delivery_Log!$B$4:$B$5998,B143,Delivery_Log!$A$4:$A$5998,">="&$Q$2) -> 9 | S143: =IFERROR(_xlfn.XLOOKUP(B143,Client_List!$A$4:$A$200,Client_List!$S$4:$S$200,""),"") | T143: =IFERROR(_xlfn.XLOOKUP(B143,Client_List!$A$4:$A$200,Client_List!$U$4:$U$200,""),"") | U143: =IFERROR(IF(S143="","",IF(_xlfn.XLOOKUP(B143,Client_List!$A$4:$A$200,Client_List!$W$4:$W$200,999)<=24,"LIVE",IF(_xlfn.XLOOKUP(B143,Client_List!$A$4:$A$200,Client_List!$W$4:$W$200,999)<=72,"STALE","OLD"))),"")
A144: 139 | B144: 20095 | C144: TAI - 20095 - TAILGATERS TATUM CAVE CR | D144: 4 | E144: =IFERROR(VLOOKUP(C144,Client_List!$B:$K,4,0)&", "&VLOOKUP(C144,Client_List!$B:$K,5,0)&" AZ","") -> 28234 N TATUM BLVD, CAVE CREEK AZ | F144: =IFERROR(VLOOKUP(C144,Client_List!$B:$K,7,0)&", "&VLOOKUP(C144,Client_List!$B:$K,8,0),"") -> 33.7422555, -111.9798691 | G144: =IFERROR(VLOOKUP(C144,Client_List!$B:$K,9,0),"") -> 1050 | H144: =IFERROR(LOOKUP(2,1/((Delivery_Log!$B$4:$B$4998=B144)*(ISNUMBER(Delivery_Log!$J$4:$J$4998))*(Delivery_Log!$J$4:$J$4998>0)),Delivery_Log!$J$4:$J$4998),"") | I144: =IFERROR(VLOOKUP(C144,Client_List!$B:$K,10,0),"") -> CANOLA OIL | J144: =IFERROR(_xlfn.MAXIFS(Delivery_Log!$A$4:$A$4998,Delivery_Log!$B$4:$B$4998,B144),"—") -> 46141 | K144: =IFERROR(IF(J144="—","",TODAY()-J144),"") -> 7 | L144: =IFERROR(IF(OR(K144="",H144=""),"",MAX(G144*0.03,G144-K144*H144)),"") | M144: =IFERROR(IF(L144="","",G144-L144),"") | N144: =IFERROR(IF(OR(L144="",H144=""),"",MIN(21,MAX(0,(L144-G144*$C$2)/H144))),"") | O144: =TODAY()+ROUNDUP(N144,0) -> #VALUE! | P144: =IFERROR(IF(N144="","—",IF(N144<=$E$2,"YES","—")),"—") -> — | Q144: =COUNTIFS(Delivery_Log!$B$4:$B$5998,B144,Delivery_Log!$A$4:$A$5998,">="&$Q$2) -> 5 | S144: =IFERROR(_xlfn.XLOOKUP(B144,Client_List!$A$4:$A$200,Client_List!$S$4:$S$200,""),"") | T144: =IFERROR(_xlfn.XLOOKUP(B144,Client_List!$A$4:$A$200,Client_List!$U$4:$U$200,""),"") | U144: =IFERROR(IF(S144="","",IF(_xlfn.XLOOKUP(B144,Client_List!$A$4:$A$200,Client_List!$W$4:$W$200,999)<=24,"LIVE",IF(_xlfn.XLOOKUP(B144,Client_List!$A$4:$A$200,Client_List!$W$4:$W$200,999)<=72,"STALE","OLD"))),"")
A145: 140 | B145: 20098 | C145: TAI - 20098 - IL PRIMO BELL CAVE CREEK | D145: 4 | E145: =IFERROR(VLOOKUP(C145,Client_List!$B:$K,4,0)&", "&VLOOKUP(C145,Client_List!$B:$K,5,0)&" AZ","") -> 16880 N CAVE CREEK RD, PHOENIX AZ | F145: =IFERROR(VLOOKUP(C145,Client_List!$B:$K,7,0)&", "&VLOOKUP(C145,Client_List!$B:$K,8,0),"") -> 33.6402464, -112.0328493 | G145: =IFERROR(VLOOKUP(C145,Client_List!$B:$K,9,0),"") -> 1050 | H145: =IFERROR(LOOKUP(2,1/((Delivery_Log!$B$4:$B$4998=B145)*(ISNUMBER(Delivery_Log!$J$4:$J$4998))*(Delivery_Log!$J$4:$J$4998>0)),Delivery_Log!$J$4:$J$4998),"") | I145: =IFERROR(VLOOKUP(C145,Client_List!$B:$K,10,0),"") -> CANOLA OIL | J145: =IFERROR(_xlfn.MAXIFS(Delivery_Log!$A$4:$A$4998,Delivery_Log!$B$4:$B$4998,B145),"—") -> 46130 | K145: =IFERROR(IF(J145="—","",TODAY()-J145),"") -> 18 | L145: =IFERROR(IF(OR(K145="",H145=""),"",MAX(G145*0.03,G145-K145*H145)),"") | M145: =IFERROR(IF(L145="","",G145-L145),"") | N145: =IFERROR(IF(OR(L145="",H145=""),"",MIN(21,MAX(0,(L145-G145*$C$2)/H145))),"") | O145: =TODAY()+ROUNDUP(N145,0) -> #VALUE! | P145: =IFERROR(IF(N145="","—",IF(N145<=$E$2,"YES","—")),"—") -> — | Q145: =COUNTIFS(Delivery_Log!$B$4:$B$5998,B145,Delivery_Log!$A$4:$A$5998,">="&$Q$2) -> 8 | S145: =IFERROR(_xlfn.XLOOKUP(B145,Client_List!$A$4:$A$200,Client_List!$S$4:$S$200,""),"") | T145: =IFERROR(_xlfn.XLOOKUP(B145,Client_List!$A$4:$A$200,Client_List!$U$4:$U$200,""),"") | U145: =IFERROR(IF(S145="","",IF(_xlfn.XLOOKUP(B145,Client_List!$A$4:$A$200,Client_List!$W$4:$W$200,999)<=24,"LIVE",IF(_xlfn.XLOOKUP(B145,Client_List!$A$4:$A$200,Client_List!$W$4:$W$200,999)<=72,"STALE","OLD"))),"")
A146: 141 | B146: 22006 | C146: TAP - 22006 - TAP HOUSE SPORTS GRILL | D146: 1 | E146: =IFERROR(VLOOKUP(C146,Client_List!$B:$K,4,0)&", "&VLOOKUP(C146,Client_List!$B:$K,5,0)&" AZ","") -> VENUE TAPROOM, Surprise AZ | F146: =IFERROR(VLOOKUP(C146,Client_List!$B:$K,7,0)&", "&VLOOKUP(C146,Client_List!$B:$K,8,0),"") -> 33.6082034, -112.3573367 | G146: =IFERROR(VLOOKUP(C146,Client_List!$B:$K,9,0),"") -> 950 | H146: =IFERROR(LOOKUP(2,1/((Delivery_Log!$B$4:$B$4998=B146)*(ISNUMBER(Delivery_Log!$J$4:$J$4998))*(Delivery_Log!$J$4:$J$4998>0)),Delivery_Log!$J$4:$J$4998),"") | I146: =IFERROR(VLOOKUP(C146,Client_List!$B:$K,10,0),"") -> FRYERS CHOICE BLEND | J146: =IFERROR(_xlfn.MAXIFS(Delivery_Log!$A$4:$A$4998,Delivery_Log!$B$4:$B$4998,B146),"—") -> 46120 | K146: =IFERROR(IF(J146="—","",TODAY()-J146),"") -> 28 | L146: =IFERROR(IF(OR(K146="",H146=""),"",MAX(G146*0.03,G146-K146*H146)),"") | M146: =IFERROR(IF(L146="","",G146-L146),"") | N146: =IFERROR(IF(OR(L146="",H146=""),"",MIN(21,MAX(0,(L146-G146*$C$2)/H146))),"") | O146: =TODAY()+ROUNDUP(N146,0) -> #VALUE! | P146: =IFERROR(IF(N146="","—",IF(N146<=$E$2,"YES","—")),"—") -> — | Q146: =COUNTIFS(Delivery_Log!$B$4:$B$5998,B146,Delivery_Log!$A$4:$A$5998,">="&$Q$2) -> 5 | S146: =IFERROR(_xlfn.XLOOKUP(B146,Client_List!$A$4:$A$200,Client_List!$S$4:$S$200,""),"") | T146: =IFERROR(_xlfn.XLOOKUP(B146,Client_List!$A$4:$A$200,Client_List!$U$4:$U$200,""),"") | U146: =IFERROR(IF(S146="","",IF(_xlfn.XLOOKUP(B146,Client_List!$A$4:$A$200,Client_List!$W$4:$W$200,999)<=24,"LIVE",IF(_xlfn.XLOOKUP(B146,Client_List!$A$4:$A$200,Client_List!$W$4:$W$200,999)<=72,"STALE","OLD"))),"")
A147: 142 | B147: 20013 | C147: THE - 20013 - THE VIG HAYDEN | D147: 4 | E147: =IFERROR(VLOOKUP(C147,Client_List!$B:$K,4,0)&", "&VLOOKUP(C147,Client_List!$B:$K,5,0)&" AZ","") -> 7345 N Via Paseo Del Sur, Scottsdale AZ | F147: =IFERROR(VLOOKUP(C147,Client_List!$B:$K,7,0)&", "&VLOOKUP(C147,Client_List!$B:$K,8,0),"") -> 33.5430114, -111.9052496 | G147: =IFERROR(VLOOKUP(C147,Client_List!$B:$K,9,0),"") -> 1050 | H147: =IFERROR(LOOKUP(2,1/((Delivery_Log!$B$4:$B$4998=B147)*(ISNUMBER(Delivery_Log!$J$4:$J$4998))*(Delivery_Log!$J$4:$J$4998>0)),Delivery_Log!$J$4:$J$4998),"") | I147: =IFERROR(VLOOKUP(C147,Client_List!$B:$K,10,0),"") -> CANOLA OIL | J147: =IFERROR(_xlfn.MAXIFS(Delivery_Log!$A$4:$A$4998,Delivery_Log!$B$4:$B$4998,B147),"—") -> 46125 | K147: =IFERROR(IF(J147="—","",TODAY()-J147),"") -> 23 | L147: =IFERROR(IF(OR(K147="",H147=""),"",MAX(G147*0.03,G147-K147*H147)),"") | M147: =IFERROR(IF(L147="","",G147-L147),"") | N147: =IFERROR(IF(OR(L147="",H147=""),"",MIN(21,MAX(0,(L147-G147*$C$2)/H147))),"") | O147: =TODAY()+ROUNDUP(N147,0) -> #VALUE! | P147: =IFERROR(IF(N147="","—",IF(N147<=$E$2,"YES","—")),"—") -> — | Q147: =COUNTIFS(Delivery_Log!$B$4:$B$5998,B147,Delivery_Log!$A$4:$A$5998,">="&$Q$2) -> 5 | S147: =IFERROR(_xlfn.XLOOKUP(B147,Client_List!$A$4:$A$200,Client_List!$S$4:$S$200,""),"") | T147: =IFERROR(_xlfn.XLOOKUP(B147,Client_List!$A$4:$A$200,Client_List!$U$4:$U$200,""),"") | U147: =IFERROR(IF(S147="","",IF(_xlfn.XLOOKUP(B147,Client_List!$A$4:$A$200,Client_List!$W$4:$W$200,999)<=24,"LIVE",IF(_xlfn.XLOOKUP(B147,Client_List!$A$4:$A$200,Client_List!$W$4:$W$200,999)<=72,"STALE","OLD"))),"")
... A157: 152 | B157: 20097 | C157: VIG - 20097 - THE VIG PARK WEST | D157: 2 | E157: =IFERROR(VLOOKUP(C157,Client_List!$B:$K,4,0)&", "&VLOOKUP(C157,Client_List!$B:$K,5,0)&" AZ","") -> 9824 W NORTHERN AVE, PEORIA AZ | F157: =IFERROR(VLOOKUP(C157,Client_List!$B:$K,7,0)&", "&VLOOKUP(C157,Client_List!$B:$K,8,0),"") -> 33.5516186, -112.2709113 | G157: =IFERROR(VLOOKUP(C157,Client_List!$B:$K,9,0),"") -> 1050 | H157: =IFERROR(LOOKUP(2,1/((Delivery_Log!$B$4:$B$4998=B157)*(ISNUMBER(Delivery_Log!$J$4:$J$4998))*(Delivery_Log!$J$4:$J$4998>0)),Delivery_Log!$J$4:$J$4998),"") | I157: =IFERROR(VLOOKUP(C157,Client_List!$B:$K,10,0),"") -> CANOLA OIL | J157: =IFERROR(_xlfn.MAXIFS(Delivery_Log!$A$4:$A$4998,Delivery_Log!$B$4:$B$4998,B157),"—") -> 46133 | K157: =IFERROR(IF(J157="—","",TODAY()-J157),"") -> 15 | L157: =IFERROR(IF(OR(K157="",H157=""),"",MAX(G157*0.03,G157-K157*H157)),"") | M157: =IFERROR(IF(L157="","",G157-L157),"") | N157: =IFERROR(IF(OR(L157="",H157=""),"",MIN(21,MAX(0,(L157-G157*$C$2)/H157))),"") | O157: =TODAY()+ROUNDUP(N157,0) -> #VALUE! | P157: =IFERROR(IF(N157="","—",IF(N157<=$E$2,"YES","—")),"—") -> — | Q157: =COUNTIFS(Delivery_Log!$B$4:$B$5998,B157,Delivery_Log!$A$4:$A$5998,">="&$Q$2) -> 9 | S157: =IFERROR(_xlfn.XLOOKUP(B157,Client_List!$A$4:$A$200,Client_List!$S$4:$S$200,""),"") | T157: =IFERROR(_xlfn.XLOOKUP(B157,Client_List!$A$4:$A$200,Client_List!$U$4:$U$200,""),"") | U157: =IFERROR(IF(S157="","",IF(_xlfn.XLOOKUP(B157,Client_List!$A$4:$A$200,Client_List!$W$4:$W$200,999)<=24,"LIVE",IF(_xlfn.XLOOKUP(B157,Client_List!$A$4:$A$200,Client_List!$W$4:$W$200,999)<=72,"STALE","OLD"))),"")
